Time_ms,Roll_Accel,Pitch_Accel,Roll_CF,Pitch_CF,Roll_KF,Pitch_KF
0,0.70,-0.61,0.01,-0.01,0.00,-0.00
10,-0.81,-0.26,-0.00,-0.02,0.00,-0.00
20,0.30,-0.34,0.00,-0.02,0.00,-0.00
30,0.07,-0.21,0.01,-0.03,0.00,-0.00
40,-0.06,0.54,0.01,-0.02,0.00,-0.00
50,-0.22,-0.29,0.00,-0.02,0.00,-0.00
60,-0.27,-0.03,-0.00,-0.02,0.00,-0.00
70,-0.52,0.02,-0.01,-0.02,0.00,-0.00
80,-0.12,0.00,-0.01,-0.02,0.00,-0.00
90,0.06,-0.30,-0.01,-0.03,0.00,-0.00
100,-0.02,0.36,-0.01,-0.02,0.00,-0.00
110,0.14,0.41,-0.01,-0.01,0.00,-0.00
120,0.04,0.32,-0.01,-0.01,0.00,-0.00
130,0.10,-0.37,-0.01,-0.01,0.00,-0.00
140,-0.23,0.32,-0.01,-0.01,0.00,-0.00
150,-0.36,-0.02,-0.02,-0.01,-0.00,-0.00
160,0.72,0.26,-0.00,-0.00,0.00,-0.00
170,-0.08,0.39,-0.00,0.00,0.00,0.00
180,-0.19,-0.32,-0.01,-0.00,0.00,-0.00
190,0.85,-0.85,0.01,-0.02,0.01,-0.01
200,0.09,-0.24,0.01,-0.02,0.01,-0.01
210,-0.05,-0.06,0.01,-0.02,0.01,-0.01
220,-0.63,0.08,-0.00,-0.02,0.00,-0.01
230,0.02,-0.01,-0.00,-0.02,0.00,-0.01
240,0.60,-0.40,0.01,-0.03,0.01,-0.01
250,0.68,0.10,0.02,-0.03,0.01,-0.01
260,0.01,0.01,0.02,-0.03,0.01,-0.01
270,-0.24,0.69,0.02,-0.01,0.01,-0.00
280,0.03,0.05,0.02,-0.01,0.01,-0.00
290,0.22,-0.10,0.02,-0.01,0.01,-0.00
300,0.12,0.24,0.02,-0.01,0.01,-0.00
310,0.72,0.60,0.04,0.01,0.02,0.01
320,-0.04,0.54,0.03,0.02,0.02,0.01
330,0.22,0.30,0.04,0.02,0.02,0.01
340,-0.51,-0.49,0.03,0.01,0.02,0.01
350,0.21,0.16,0.03,0.01,0.02,0.01
360,-0.12,0.34,0.03,0.02,0.02,0.01
370,0.01,-0.20,0.03,0.02,0.02,0.01
380,0.58,-0.08,0.04,0.01,0.03,0.01
390,0.41,0.13,0.05,0.02,0.03,0.01
400,-0.11,-0.04,0.04,0.01,0.03,0.01
410,-0.04,0.49,0.04,0.02,0.03,0.02
420,-0.23,-0.27,0.04,0.02,0.02,0.01
430,-0.07,0.48,0.03,0.03,0.02,0.02
440,0.10,-0.05,0.04,0.03,0.03,0.02
450,0.40,0.19,0.04,0.03,0.03,0.02
460,0.16,-0.30,0.05,0.02,0.03,0.02
470,-0.00,0.28,0.05,0.03,0.03,0.02
480,0.15,0.36,0.05,0.03,0.04,0.03
490,-0.05,0.05,0.05,0.03,0.04,0.03
500,0.47,0.02,0.06,0.03,0.04,0.03
510,-0.66,0.54,0.04,0.04,0.03,0.03
520,-0.18,-0.22,0.04,0.04,0.03,0.03
530,-0.05,0.21,0.04,0.04,0.03,0.03
540,0.08,-0.20,0.04,0.04,0.03,0.03
550,0.33,-0.58,0.04,0.02,0.04,0.02
560,-0.61,-0.19,0.03,0.02,0.02,0.02
570,-0.41,-0.14,0.02,0.02,0.02,0.01
580,0.54,-0.23,0.03,0.01,0.03,0.01
590,0.34,-0.46,0.04,0.00,0.03,-0.00
600,0.39,0.01,0.05,0.00,0.04,-0.00
610,-0.21,0.11,0.04,0.00,0.03,-0.00
620,-0.10,0.25,0.04,0.01,0.03,0.00
630,0.66,0.15,0.05,0.01,0.04,0.01
640,-0.69,-0.56,0.04,-0.00,0.03,-0.01
650,0.24,-0.36,0.04,-0.01,0.03,-0.01
660,0.07,-0.40,0.04,-0.02,0.03,-0.02
670,0.34,-0.26,0.05,-0.02,0.04,-0.02
680,0.44,0.32,0.06,-0.02,0.05,-0.02
690,-0.03,-0.18,0.05,-0.02,0.05,-0.02
700,0.40,-0.07,0.06,-0.02,0.06,-0.02
710,0.47,-0.35,0.07,-0.03,0.07,-0.03
720,-0.24,0.09,0.06,-0.02,0.06,-0.03
730,-0.44,-0.75,0.05,-0.04,0.05,-0.04
740,-0.21,0.14,0.05,-0.04,0.04,-0.04
750,0.54,-0.20,0.06,-0.04,0.06,-0.05
760,-0.33,-0.44,0.05,-0.05,0.05,-0.06
770,0.95,0.23,0.07,-0.04,0.07,-0.05
780,-0.39,-0.11,0.06,-0.05,0.06,-0.05
790,0.53,0.07,0.07,-0.04,0.07,-0.05
800,-0.04,-0.04,0.07,-0.04,0.07,-0.05
810,0.26,-0.33,0.07,-0.05,0.07,-0.06
820,0.05,-0.09,0.07,-0.05,0.07,-0.06
830,-0.10,0.05,0.07,-0.05,0.07,-0.05
840,0.36,0.43,0.07,-0.04,0.08,-0.04
850,0.60,-0.21,0.09,-0.04,0.09,-0.05
860,0.12,0.28,0.09,-0.03,0.09,-0.04
870,-0.39,0.13,0.08,-0.03,0.08,-0.04
880,0.18,-0.43,0.08,-0.04,0.08,-0.04
890,-0.22,-0.24,0.07,-0.04,0.08,-0.05
900,0.12,0.35,0.07,-0.03,0.08,-0.04
910,0.60,-0.09,0.08,-0.04,0.09,-0.04
920,0.40,-0.35,0.09,-0.04,0.10,-0.05
930,-0.28,0.62,0.08,-0.03,0.09,-0.03
940,0.14,-0.27,0.09,-0.03,0.09,-0.04
950,0.10,-0.17,0.09,-0.04,0.09,-0.04
960,0.22,-0.48,0.09,-0.05,0.10,-0.06
970,-0.48,0.20,0.08,-0.04,0.08,-0.05
980,0.05,0.20,0.08,-0.04,0.08,-0.04
990,-0.03,-0.06,0.08,-0.04,0.08,-0.04
1000,0.15,0.31,0.08,-0.03,0.08,-0.04
1010,-0.09,-0.36,0.07,-0.04,0.08,-0.04
1020,-0.43,0.01,0.06,-0.04,0.06,-0.04
1030,-0.06,-0.64,0.06,-0.05,0.06,-0.06
1040,0.03,-0.42,0.06,-0.06,0.06,-0.07
1050,-0.10,-0.16,0.06,-0.06,0.06,-0.07
1060,-0.15,0.14,0.05,-0.05,0.05,-0.07
1070,-0.46,0.26,0.04,-0.05,0.04,-0.06
1080,0.18,-0.09,0.05,-0.05,0.04,-0.06
1090,0.21,0.05,0.05,-0.05,0.05,-0.06
1100,-0.27,0.38,0.04,-0.04,0.04,-0.05
1110,0.31,0.01,0.05,-0.04,0.04,-0.05
1120,0.23,0.52,0.05,-0.03,0.05,-0.03
1130,0.02,-0.03,0.05,-0.03,0.05,-0.03
1140,0.16,-0.15,0.05,-0.03,0.05,-0.04
1150,-0.42,-0.01,0.04,-0.03,0.04,-0.04
1160,-0.20,-0.62,0.04,-0.04,0.03,-0.05
1170,0.25,-0.00,0.04,-0.04,0.04,-0.05
1180,-0.55,-0.49,0.03,-0.05,0.02,-0.06
1190,-0.81,0.15,0.02,-0.05,-0.00,-0.06
1200,0.14,0.18,0.02,-0.05,0.00,-0.05
1210,-0.45,0.13,0.01,-0.04,-0.01,-0.05
1220,-0.30,-0.10,0.00,-0.04,-0.02,-0.05
1230,-0.36,-0.34,-0.00,-0.05,-0.03,-0.06
1240,-0.12,0.18,-0.01,-0.05,-0.03,-0.05
1250,0.17,0.45,-0.00,-0.04,-0.02,-0.04
1260,0.07,-0.01,0.00,-0.04,-0.02,-0.04
1270,-0.37,-0.26,-0.01,-0.04,-0.03,-0.04
1280,0.36,-0.30,0.00,-0.04,-0.02,-0.05
1290,0.02,0.16,0.00,-0.04,-0.02,-0.04
1300,-0.60,-0.21,-0.01,-0.04,-0.04,-0.05
1310,-0.42,0.47,-0.02,-0.03,-0.05,-0.03
1320,0.10,0.28,-0.02,-0.03,-0.05,-0.03
1330,0.48,0.47,-0.01,-0.02,-0.03,-0.01
1340,0.04,0.28,-0.01,-0.01,-0.03,-0.00
1350,-0.25,-0.16,-0.01,-0.01,-0.04,-0.01
1360,-0.04,0.05,-0.01,-0.01,-0.04,-0.00
1370,0.16,-0.05,-0.01,-0.01,-0.03,-0.01
1380,0.22,-0.48,-0.00,-0.02,-0.03,-0.02
1390,0.31,-0.21,0.01,-0.03,-0.02,-0.02
1400,0.24,-0.11,0.01,-0.03,-0.01,-0.03
1410,-0.01,0.42,0.01,-0.02,-0.01,-0.01
1420,0.59,-0.29,0.02,-0.02,0.01,-0.02
1430,-0.01,0.05,0.02,-0.02,0.01,-0.02
1440,0.22,0.23,0.03,-0.02,0.01,-0.01
1450,0.21,-0.49,0.03,-0.03,0.02,-0.03
1460,-0.61,0.29,0.02,-0.02,0.00,-0.02
1470,-0.66,-0.39,0.00,-0.03,-0.02,-0.03
1480,-0.40,-0.19,-0.00,-0.03,-0.03,-0.03
1490,-0.04,0.05,-0.00,-0.03,-0.03,-0.03
1500,-0.10,0.27,-0.01,-0.02,-0.03,-0.02
1510,-0.38,-0.14,-0.01,-0.03,-0.04,-0.03
1520,0.11,0.12,-0.01,-0.02,-0.04,-0.02
1530,-0.37,0.13,-0.02,-0.02,-0.05,-0.02
1540,0.69,0.00,-0.00,-0.02,-0.03,-0.02
1550,-0.43,0.05,-0.01,-0.02,-0.04,-0.01
1560,0.15,0.23,-0.01,-0.01,-0.04,-0.01
1570,-0.22,0.17,-0.01,-0.01,-0.04,-0.00
1580,0.62,-0.01,-0.00,-0.01,-0.02,-0.00
1590,0.41,0.17,0.01,-0.01,-0.01,0.00
1600,-0.02,0.29,0.01,-0.00,-0.01,0.01
1610,0.82,-0.09,0.02,-0.00,0.01,0.01
1620,-0.00,-0.14,0.02,-0.01,0.01,0.01
1630,0.10,-0.16,0.03,-0.01,0.02,0.00
1640,0.08,-0.02,0.03,-0.01,0.02,0.00
1650,0.39,0.21,0.04,-0.01,0.03,0.01
1660,-0.04,-0.18,0.03,-0.01,0.03,0.00
1670,0.21,0.22,0.04,-0.01,0.03,0.01
1680,0.36,-0.07,0.05,-0.01,0.04,0.01
1690,0.68,-0.24,0.06,-0.01,0.06,-0.00
1700,-0.24,0.07,0.05,-0.01,0.06,-0.00
1710,-0.10,-0.59,0.05,-0.02,0.05,-0.02
1720,0.05,-0.16,0.05,-0.02,0.05,-0.02
1730,-0.19,0.09,0.05,-0.02,0.05,-0.02
1740,0.04,-0.13,0.05,-0.02,0.05,-0.02
1750,0.07,0.23,0.05,-0.02,0.05,-0.01
1760,-0.15,0.31,0.05,-0.01,0.04,-0.00
1770,0.22,0.22,0.05,-0.01,0.05,0.00
1780,-0.52,-0.28,0.04,-0.01,0.03,-0.00
1790,0.44,0.18,0.05,-0.01,0.04,0.00
1800,0.25,0.19,0.05,-0.01,0.05,0.01
1810,-0.41,0.44,0.04,0.00,0.04,0.02
1820,0.27,0.19,0.05,0.01,0.04,0.03
1830,-0.14,-0.55,0.04,-0.00,0.04,0.01
1840,-0.23,0.30,0.04,0.00,0.03,0.02
1850,0.68,0.10,0.05,0.00,0.05,0.02
1860,-0.55,0.33,0.04,0.01,0.03,0.03
1870,0.58,0.42,0.05,0.02,0.05,0.04
1880,0.08,-0.27,0.05,0.01,0.05,0.03
1890,0.02,0.35,0.05,0.02,0.05,0.04
1900,-0.24,-0.30,0.04,0.01,0.04,0.03
1910,-0.50,-0.27,0.03,0.01,0.02,0.02
1920,0.23,-0.03,0.04,0.00,0.03,0.02
1930,-0.24,0.08,0.03,0.01,0.02,0.02
1940,0.75,0.05,0.05,0.01,0.04,0.03
1950,-0.14,-0.33,0.04,-0.00,0.04,0.02
1960,0.08,-0.08,0.04,-0.00,0.04,0.01
1970,0.05,0.17,0.04,0.00,0.04,0.02
1980,0.17,-0.33,0.05,-0.01,0.04,0.01
1990,-0.13,-0.17,0.04,-0.01,0.04,0.00
2000,-0.32,0.26,0.04,-0.00,0.03,0.01
2010,-0.00,0.01,0.03,-0.00,0.03,0.01
2020,-0.05,0.14,0.03,0.00,0.03,0.02
2030,-0.36,0.14,0.03,0.00,0.01,0.02
2040,0.11,0.33,0.03,0.01,0.02,0.03
2050,-0.26,0.14,0.02,0.01,0.01,0.03
2060,-0.31,-0.08,0.02,0.01,-0.00,0.03
2070,0.37,0.06,0.02,0.01,0.01,0.03
2080,0.33,0.09,0.03,0.01,0.02,0.03
2090,0.05,-0.24,0.03,0.01,0.02,0.03
2100,-0.15,-0.15,0.03,0.01,0.01,0.02
2110,-0.07,0.15,0.03,0.01,0.01,0.03
2120,-0.24,0.04,0.02,0.01,0.01,0.03
2130,0.21,-0.48,0.02,-0.00,0.01,0.01
2140,0.28,-0.45,0.03,-0.01,0.02,-0.00
2150,0.32,0.05,0.04,-0.01,0.03,-0.00
2160,-0.09,0.39,0.03,-0.00,0.03,0.01
2170,-0.05,-0.07,0.03,-0.00,0.02,0.01
2180,0.53,0.16,0.04,-0.00,0.04,0.01
2190,-0.21,-0.23,0.04,-0.01,0.03,0.01
2200,0.24,-0.42,0.04,-0.01,0.04,-0.01
2210,-0.22,-0.31,0.04,-0.02,0.03,-0.02
2220,0.20,0.43,0.04,-0.01,0.04,-0.00
2230,-0.00,-0.01,0.04,-0.01,0.04,-0.00
2240,0.42,0.01,0.05,-0.01,0.05,-0.00
2250,0.31,0.12,0.05,-0.01,0.05,0.00
2260,-0.34,0.47,0.05,0.00,0.04,0.02
2270,-0.21,0.03,0.04,0.00,0.04,0.02
2280,0.53,-0.16,0.05,-0.00,0.05,0.01
2290,0.14,-0.34,0.05,-0.01,0.05,0.00
2300,-0.81,0.34,0.04,-0.00,0.03,0.01
2310,-0.13,0.55,0.03,0.01,0.02,0.03
2320,0.21,-0.04,0.04,0.01,0.03,0.03
2330,0.53,0.12,0.05,0.01,0.04,0.03
2340,-0.17,0.13,0.04,0.01,0.04,0.03
2350,-0.19,0.41,0.04,0.02,0.03,0.04
2360,0.29,-0.06,0.04,0.02,0.04,0.04
2370,-0.08,0.13,0.04,0.02,0.04,0.04
2380,-0.49,0.30,0.03,0.03,0.02,0.05
2390,-0.25,0.35,0.03,0.03,0.01,0.06
2400,-0.61,-0.26,0.01,0.03,-0.01,0.05
2410,0.23,0.07,0.02,0.03,-0.00,0.06
2420,-0.01,0.04,0.02,0.03,-0.00,0.06
2430,-0.47,-0.16,0.01,0.03,-0.02,0.05
2440,-0.14,-0.09,0.00,0.02,-0.02,0.05
2450,-0.06,-0.11,0.00,0.02,-0.02,0.04
2460,-0.21,-0.11,-0.00,0.02,-0.03,0.04
2470,-0.14,0.11,-0.01,0.02,-0.03,0.04
2480,-0.24,-0.01,-0.01,0.02,-0.04,0.04
2490,-0.34,0.15,-0.02,0.02,-0.05,0.04
2500,-0.62,0.47,-0.03,0.03,-0.07,0.06
2510,-0.40,-0.44,-0.04,0.02,-0.08,0.04
2520,-0.22,0.12,-0.04,0.02,-0.09,0.04
2530,0.44,-0.11,-0.03,0.02,-0.07,0.04
2540,-0.54,0.32,-0.04,0.03,-0.09,0.05
2550,-0.85,-0.17,-0.06,0.02,-0.11,0.04
2560,-0.00,-0.38,-0.06,0.01,-0.11,0.03
2570,0.50,0.04,-0.04,0.01,-0.09,0.03
2580,0.12,0.82,-0.04,0.03,-0.09,0.05
2590,0.08,0.47,-0.04,0.04,-0.08,0.07
2600,-0.83,-0.16,-0.05,0.03,-0.10,0.06
2610,-0.11,0.06,-0.05,0.03,-0.11,0.06
2620,0.03,-0.37,-0.05,0.03,-0.10,0.05
2630,-0.37,-0.66,-0.06,0.01,-0.11,0.03
2640,0.02,0.22,-0.06,0.02,-0.11,0.03
2650,-0.05,-0.30,-0.05,0.01,-0.11,0.02
2660,-0.26,0.04,-0.06,0.01,-0.11,0.02
2670,-0.51,0.54,-0.07,0.02,-0.13,0.04
2680,-0.29,0.60,-0.07,0.03,-0.13,0.06
2690,0.00,0.05,-0.07,0.03,-0.13,0.06
2700,0.41,-0.24,-0.06,0.03,-0.12,0.05
2710,-0.44,1.01,-0.07,0.05,-0.13,0.08
2720,-0.36,0.12,-0.07,0.05,-0.13,0.08
2730,0.51,0.01,-0.06,0.05,-0.12,0.08
2740,0.19,-0.40,-0.06,0.04,-0.11,0.06
2750,-0.43,-0.46,-0.06,0.03,-0.12,0.05
2760,0.20,-0.03,-0.06,0.03,-0.11,0.05
2770,-0.73,0.61,-0.07,0.04,-0.13,0.06
2780,0.42,-0.15,-0.06,0.03,-0.11,0.06
2790,0.02,0.36,-0.06,0.04,-0.11,0.07
2800,-0.30,-0.33,-0.06,0.03,-0.12,0.05
2810,0.04,-0.00,-0.06,0.03,-0.11,0.05
2820,-0.25,-0.20,-0.07,0.02,-0.12,0.04
2830,0.12,0.19,-0.06,0.03,-0.11,0.05
2840,0.02,-0.58,-0.06,0.02,-0.11,0.03
2850,0.17,0.41,-0.05,0.02,-0.10,0.04
2860,0.52,-0.07,-0.04,0.02,-0.08,0.04
2870,0.10,-0.28,-0.04,0.02,-0.08,0.03
2880,0.20,-0.32,-0.03,0.01,-0.07,0.02
2890,-0.38,-0.48,-0.04,0.00,-0.08,0.01
2900,0.02,0.52,-0.04,0.01,-0.08,0.02
2910,0.07,0.03,-0.04,0.01,-0.07,0.02
2920,-0.05,-0.34,-0.04,0.00,-0.07,0.01
2930,0.17,0.06,-0.03,0.00,-0.07,0.01
2940,-0.21,0.03,-0.04,0.00,-0.07,0.01
2950,0.16,0.40,-0.03,0.01,-0.07,0.02
2960,0.37,-0.11,-0.02,0.01,-0.05,0.02
2970,0.43,0.39,-0.02,0.02,-0.04,0.03
2980,0.45,-0.29,-0.01,0.01,-0.02,0.02
2990,0.01,0.02,-0.01,0.01,-0.02,0.02
3000,0.05,0.43,-0.00,0.02,-0.02,0.03
3010,-0.48,0.41,-0.01,0.03,-0.03,0.04
3020,0.48,0.24,-0.00,0.03,-0.02,0.05
3030,0.44,0.23,0.01,0.03,-0.00,0.06
3040,-0.74,-0.07,-0.01,0.03,-0.03,0.05
3050,0.33,0.06,-0.00,0.03,-0.01,0.05
3060,0.13,0.05,0.00,0.03,-0.01,0.05
3070,-0.01,0.23,0.00,0.04,-0.01,0.06
3080,-0.02,-0.06,0.00,0.03,-0.01,0.06
3090,0.10,0.17,0.00,0.04,-0.01,0.06
3100,-0.07,0.65,0.00,0.05,-0.01,0.08
3110,0.04,-0.37,0.00,0.04,-0.01,0.07
3120,-0.14,-0.20,0.00,0.04,-0.01,0.06
3130,0.55,0.08,0.01,0.04,0.01,0.06
3140,0.55,0.30,0.02,0.04,0.02,0.07
3150,0.62,-0.25,0.03,0.04,0.04,0.06
3160,0.05,-0.02,0.03,0.04,0.04,0.06
3170,0.03,-0.27,0.03,0.03,0.04,0.05
3180,-0.04,-0.23,0.03,0.02,0.04,0.04
3190,-0.52,0.09,0.02,0.03,0.02,0.04
3200,-0.07,-0.00,0.02,0.03,0.02,0.04
3210,0.02,-0.01,0.02,0.02,0.02,0.04
3220,0.42,-0.50,0.03,0.01,0.04,0.02
3230,0.21,-0.43,0.03,0.01,0.04,0.01
3240,-0.50,0.10,0.02,0.01,0.03,0.01
3250,-0.33,0.15,0.02,0.01,0.02,0.02
3260,0.39,-0.36,0.02,0.00,0.03,0.00
3270,0.20,0.05,0.03,0.00,0.03,0.00
3280,0.22,0.14,0.03,0.01,0.04,0.01
3290,0.30,0.32,0.04,0.01,0.05,0.02
3300,-0.25,0.04,0.03,0.01,0.04,0.02
3310,-0.29,-0.23,0.03,0.01,0.03,0.01
3320,0.81,0.07,0.04,0.01,0.05,0.01
3330,0.05,-0.16,0.04,0.00,0.05,0.01
3340,0.04,-0.47,0.04,-0.00,0.05,-0.01
3350,-0.48,-0.02,0.03,-0.00,0.04,-0.01
3360,-0.22,-0.20,0.03,-0.01,0.03,-0.01
3370,-0.43,0.76,0.02,0.01,0.02,0.01
3380,-0.18,-0.21,0.01,0.00,0.01,0.00
3390,0.61,0.25,0.03,0.01,0.03,0.01
3400,-0.27,0.14,0.02,0.01,0.02,0.01
3410,-0.43,0.14,0.01,0.01,0.01,0.02
3420,0.31,-0.23,0.02,0.01,0.02,0.01
3430,0.67,-0.05,0.03,0.01,0.04,0.01
3440,0.27,-0.04,0.04,0.01,0.04,0.01
3450,0.12,-0.40,0.04,-0.00,0.05,-0.01
3460,0.07,0.04,0.04,-0.00,0.05,-0.00
3470,-0.43,-0.05,0.03,-0.00,0.03,-0.01
3480,-0.20,-0.29,0.02,-0.01,0.03,-0.01
3490,-0.25,-0.23,0.02,-0.01,0.02,-0.02
3500,-0.40,-0.32,0.01,-0.02,0.01,-0.03
3510,-0.24,-0.31,0.00,-0.03,-0.00,-0.04
3520,0.05,0.45,0.01,-0.02,-0.00,-0.03
3530,0.08,0.01,0.01,-0.02,0.00,-0.03
3540,-0.61,0.15,-0.01,-0.01,-0.02,-0.02
3550,0.35,-0.20,0.00,-0.02,-0.01,-0.03
3560,-0.37,0.41,-0.01,-0.01,-0.02,-0.01
3570,-0.02,-0.27,-0.01,-0.01,-0.02,-0.02
3580,0.19,-0.43,-0.00,-0.02,-0.01,-0.03
3590,0.78,0.35,0.01,-0.01,0.01,-0.02
3600,-0.25,0.21,0.01,-0.01,0.00,-0.02
3610,0.14,0.34,0.01,-0.00,0.01,-0.01
3620,-0.27,0.17,0.00,0.00,-0.00,-0.00
3630,-0.64,0.21,-0.01,0.01,-0.02,0.01
3640,0.07,-0.03,-0.01,0.00,-0.02,0.01
3650,-0.26,-0.19,-0.01,0.00,-0.03,-0.00
3660,-0.24,0.22,-0.02,0.01,-0.03,0.01
3670,0.01,-0.39,-0.01,-0.00,-0.03,-0.01
3680,0.60,-0.21,-0.00,-0.01,-0.01,-0.01
3690,0.01,0.10,0.00,-0.00,-0.01,-0.01
3700,0.54,-0.65,0.01,-0.02,0.01,-0.03
3710,0.04,0.13,0.01,-0.01,0.01,-0.02
3720,-0.07,-0.08,0.01,-0.02,0.01,-0.03
3730,-0.13,0.31,0.01,-0.01,0.00,-0.02
3740,0.17,-0.12,0.01,-0.01,0.01,-0.02
3750,0.88,0.42,0.03,-0.00,0.03,-0.01
3760,-0.36,-0.04,0.02,-0.00,0.02,-0.01
3770,-0.39,-0.06,0.01,-0.01,0.01,-0.01
3780,0.30,-0.24,0.02,-0.01,0.02,-0.02
3790,-0.03,-0.36,0.02,-0.02,0.02,-0.03
3800,-0.16,-0.09,0.01,-0.02,0.01,-0.03
3810,0.02,-0.21,0.01,-0.02,0.01,-0.04
3820,-0.36,-0.44,0.01,-0.03,0.00,-0.05
3830,0.57,-0.02,0.02,-0.03,0.02,-0.05
3840,-0.24,0.41,0.01,-0.02,0.01,-0.03
3850,-0.36,-0.17,0.01,-0.02,0.00,-0.04
3860,0.22,0.03,0.01,-0.02,0.01,-0.04
3870,0.08,0.50,0.01,-0.01,0.01,-0.02
3880,0.65,0.01,0.03,-0.01,0.03,-0.02
3890,-0.26,-0.34,0.02,-0.02,0.02,-0.03
3900,0.41,0.10,0.03,-0.02,0.03,-0.03
3910,-0.68,-0.11,0.01,-0.02,0.01,-0.03
3920,0.32,0.39,0.02,-0.01,0.02,-0.02
3930,0.34,-0.29,0.03,-0.02,0.03,-0.03
3940,-0.50,0.01,0.02,-0.02,0.01,-0.03
3950,0.21,-0.49,0.02,-0.03,0.02,-0.04
3960,0.30,0.01,0.02,-0.02,0.03,-0.04
3970,-0.10,0.38,0.02,-0.02,0.03,-0.03
3980,0.29,0.30,0.03,-0.01,0.03,-0.02
3990,-0.05,0.01,0.03,-0.01,0.03,-0.02
4000,-0.50,-0.24,0.02,-0.01,0.02,-0.02
4010,0.62,-0.27,0.03,-0.02,0.04,-0.03
4020,0.49,0.28,0.04,-0.01,0.05,-0.02
4030,0.08,-0.19,0.04,-0.02,0.05,-0.03
4040,0.51,-0.09,0.05,-0.02,0.07,-0.03
4050,0.22,0.07,0.05,-0.02,0.07,-0.03
4060,-0.07,0.33,0.05,-0.01,0.07,-0.02
4070,0.22,0.12,0.06,-0.01,0.07,-0.01
4080,0.33,-0.02,0.06,-0.01,0.08,-0.01
4090,-0.37,0.21,0.05,-0.01,0.07,-0.01
4100,-0.28,0.29,0.05,0.00,0.06,0.00
4110,-0.50,-0.09,0.04,-0.00,0.04,0.00
4120,0.35,-0.25,0.04,-0.01,0.05,-0.01
4130,-0.06,0.40,0.04,0.00,0.05,0.01
4140,-0.13,0.34,0.04,0.01,0.04,0.02
4150,0.16,0.06,0.04,0.01,0.05,0.02
4160,-0.17,-0.05,0.04,0.01,0.04,0.02
4170,-0.05,-0.36,0.03,0.00,0.04,0.00
4180,-0.50,-0.03,0.02,0.00,0.02,0.00
4190,-0.41,0.12,0.02,0.00,0.01,0.01
4200,-0.15,-0.61,0.01,-0.01,0.01,-0.01
4210,0.08,0.09,0.01,-0.01,0.01,-0.01
4220,0.66,0.06,0.03,-0.01,0.03,-0.01
4230,-0.39,0.06,0.02,-0.00,0.01,-0.00
4240,-0.41,0.21,0.01,0.00,0.00,0.00
4250,-0.41,-0.08,0.00,-0.00,-0.01,-0.00
4260,0.51,0.05,0.01,-0.00,0.01,0.00
4270,-0.49,-0.32,0.00,-0.01,-0.01,-0.01
4280,-0.07,0.12,0.00,-0.00,-0.01,-0.01
4290,0.11,-0.38,0.01,-0.01,-0.01,-0.02
4300,-0.86,0.08,-0.01,-0.01,-0.03,-0.01
4310,0.18,-0.40,-0.01,-0.02,-0.03,-0.03
4320,-0.63,0.03,-0.02,-0.02,-0.04,-0.03
4330,0.11,-0.09,-0.02,-0.02,-0.04,-0.03
4340,-0.04,-0.13,-0.02,-0.02,-0.04,-0.03
4350,-0.29,-0.35,-0.02,-0.03,-0.05,-0.04
4360,-0.11,-0.21,-0.02,-0.03,-0.05,-0.05
4370,-0.40,0.26,-0.03,-0.03,-0.06,-0.04
4380,-0.30,0.18,-0.04,-0.02,-0.07,-0.03
4390,0.27,-0.19,-0.03,-0.03,-0.06,-0.04
4400,-0.56,0.50,-0.04,-0.02,-0.08,-0.02
4410,0.48,0.20,-0.03,-0.01,-0.06,-0.02
4420,-0.09,-0.16,-0.03,-0.02,-0.06,-0.02
4430,-0.06,-0.49,-0.03,-0.03,-0.06,-0.04
4440,-0.03,-0.33,-0.03,-0.03,-0.06,-0.04
4450,0.14,-0.04,-0.03,-0.03,-0.06,-0.05
4460,0.49,0.36,-0.02,-0.02,-0.04,-0.03
4470,-0.90,0.03,-0.04,-0.02,-0.07,-0.03
4480,-0.24,0.03,-0.04,-0.02,-0.07,-0.03
4490,0.38,0.13,-0.03,-0.02,-0.06,-0.03
4500,-0.07,0.03,-0.03,-0.02,-0.06,-0.02
4510,-0.04,-0.21,-0.03,-0.02,-0.06,-0.03
4520,-0.39,-0.03,-0.04,-0.03,-0.07,-0.03
4530,-0.28,-0.35,-0.04,-0.03,-0.08,-0.04
4540,0.42,-0.10,-0.03,-0.03,-0.06,-0.04
4550,-0.21,-0.21,-0.04,-0.04,-0.07,-0.05
4560,-0.16,0.46,-0.04,-0.03,-0.07,-0.03
4570,-0.25,-0.23,-0.04,-0.03,-0.08,-0.04
4580,0.90,-0.16,-0.02,-0.03,-0.05,-0.05
4590,0.08,0.17,-0.02,-0.03,-0.05,-0.04
4600,-0.73,-0.05,-0.04,-0.03,-0.07,-0.04
4610,0.39,0.04,-0.03,-0.03,-0.06,-0.04
4620,0.05,-0.49,-0.03,-0.04,-0.05,-0.05
4630,0.29,-0.05,-0.02,-0.04,-0.04,-0.05
4640,0.11,0.11,-0.02,-0.04,-0.04,-0.05
4650,0.03,0.28,-0.01,-0.03,-0.04,-0.04
4660,0.53,-0.32,-0.00,-0.03,-0.02,-0.05
4670,-0.27,0.58,-0.01,-0.02,-0.03,-0.03
4680,0.62,0.17,0.00,-0.02,-0.01,-0.02
4690,0.37,-0.08,0.01,-0.02,0.00,-0.02
4700,0.34,-0.39,0.02,-0.03,0.01,-0.03
4710,0.40,-0.08,0.03,-0.03,0.03,-0.04
4720,-0.13,0.16,0.02,-0.03,0.02,-0.03
4730,-0.21,-0.38,0.02,-0.03,0.02,-0.04
4740,-0.12,-0.34,0.01,-0.04,0.01,-0.05
4750,0.81,-0.05,0.03,-0.04,0.04,-0.05
4760,-0.07,0.14,0.03,-0.04,0.03,-0.05
4770,0.02,0.16,0.03,-0.03,0.03,-0.04
4780,0.13,-0.13,0.03,-0.03,0.04,-0.04
4790,-0.52,0.02,0.02,-0.03,0.02,-0.04
4800,0.22,-0.08,0.03,-0.03,0.03,-0.04
4810,-0.18,0.18,0.02,-0.03,0.02,-0.04
4820,0.30,-0.17,0.03,-0.03,0.03,-0.04
4830,0.52,-0.47,0.04,-0.04,0.04,-0.05
4840,0.06,0.76,0.04,-0.03,0.05,-0.03
4850,0.01,0.50,0.04,-0.02,0.04,-0.01
4860,-0.13,-0.08,0.03,-0.02,0.04,-0.02
4870,0.40,0.17,0.04,-0.01,0.05,-0.01
4880,-0.40,-0.04,0.03,-0.01,0.04,-0.01
4890,-0.50,0.22,0.02,-0.01,0.02,-0.00
4900,-0.33,-0.54,0.01,-0.02,0.01,-0.02
4910,-0.65,-0.18,0.00,-0.02,-0.01,-0.02
4920,-0.18,0.19,-0.00,-0.02,-0.01,-0.02
4930,0.57,0.32,0.01,-0.01,0.00,-0.01
4940,0.30,-0.05,0.01,-0.01,0.01,-0.01
4950,-0.50,0.51,0.00,-0.00,-0.00,0.01
4960,0.34,-0.24,0.01,-0.01,0.01,0.00
4970,0.16,0.12,0.01,-0.00,0.01,0.01
4980,0.29,-0.43,0.02,-0.01,0.02,-0.01
4990,0.18,-0.28,0.02,-0.02,0.03,-0.02
5000,-0.18,0.14,0.02,-0.01,0.02,-0.01
5010,1.15,-0.21,0.14,-0.02,0.15,-0.02
5020,0.25,0.46,0.24,-0.01,0.25,-0.00
5030,0.26,0.03,0.34,-0.01,0.35,0.00
5040,1.70,-0.32,0.47,-0.01,0.49,-0.01
5050,0.00,-0.40,0.55,-0.02,0.57,-0.02
5060,1.72,0.55,0.68,-0.01,0.71,-0.00
5070,0.40,-0.25,0.77,-0.01,0.79,-0.01
5080,-0.96,0.27,0.83,-0.01,0.84,-0.00
5090,0.06,-0.16,0.91,-0.01,0.91,-0.01
5100,1.76,0.11,1.03,-0.01,1.03,-0.00
5110,1.49,0.20,1.14,-0.01,1.14,0.00
5120,0.75,-0.42,1.23,-0.02,1.23,-0.01
5130,2.12,0.06,1.34,-0.01,1.35,-0.01
5140,1.21,-0.14,1.44,-0.02,1.45,-0.01
5150,1.99,-0.16,1.55,-0.02,1.56,-0.02
5160,1.15,0.44,1.64,-0.01,1.64,-0.00
5170,0.79,-0.36,1.72,-0.02,1.72,-0.01
5180,1.38,-0.34,1.81,-0.02,1.80,-0.02
5190,2.20,-0.06,1.92,-0.02,1.91,-0.03
5200,0.22,0.59,1.98,-0.01,1.96,-0.01
5210,2.62,0.37,2.09,-0.00,2.07,0.00
5220,3.76,-0.15,2.22,-0.01,2.22,0.00
5230,1.26,-0.11,2.30,-0.01,2.29,-0.00
5240,1.89,0.50,2.39,-0.00,2.37,0.01
5250,1.70,0.42,2.47,0.01,2.45,0.02
5260,3.46,0.33,2.59,0.01,2.58,0.03
5270,2.73,-0.43,2.69,0.01,2.68,0.02
5280,2.34,-0.52,2.78,-0.00,2.76,0.00
5290,3.06,0.01,2.89,-0.00,2.87,0.01
5300,3.75,0.10,3.00,-0.00,2.99,0.01
5310,3.16,0.17,3.11,0.00,3.10,0.01
5320,2.52,0.01,3.19,0.00,3.18,0.01
5330,3.53,-0.39,3.30,-0.01,3.28,0.00
5340,3.40,0.35,3.40,0.00,3.38,0.01
5350,3.62,-0.73,3.50,-0.01,3.49,-0.01
5360,3.04,-0.41,3.59,-0.02,3.57,-0.02
5370,2.42,0.30,3.66,-0.02,3.63,-0.01
5380,4.15,0.53,3.77,-0.00,3.74,0.00
5390,4.04,-0.02,3.87,-0.00,3.85,0.00
5400,3.36,0.02,3.96,-0.00,3.93,0.00
5410,4.24,0.12,4.07,-0.00,4.04,0.01
5420,3.27,0.30,4.15,0.00,4.11,0.02
5430,5.41,-0.58,4.27,-0.01,4.25,0.00
5440,4.33,0.11,4.37,-0.01,4.35,0.00
5450,2.98,-0.02,4.44,-0.01,4.40,0.00
5460,3.96,-0.13,4.53,-0.01,4.48,-0.00
5470,4.67,0.49,4.63,0.00,4.59,0.01
5480,4.49,-0.08,4.73,-0.00,4.68,0.01
5490,5.40,0.21,4.84,0.00,4.80,0.02
5500,3.69,0.79,4.92,0.02,4.86,0.04
5510,4.28,-0.06,5.00,0.02,4.94,0.04
5520,6.09,-0.56,5.12,0.01,5.07,0.02
5530,6.47,0.45,5.25,0.02,5.21,0.04
5540,5.85,0.10,5.36,0.02,5.32,0.04
5550,4.41,0.03,5.43,0.02,5.39,0.04
5560,5.19,-0.41,5.53,0.01,5.48,0.02
5570,4.23,0.06,5.60,0.01,5.54,0.03
5580,7.38,-0.41,5.73,0.00,5.69,0.01
5590,3.96,0.22,5.80,0.01,5.73,0.02
5600,5.42,0.04,5.89,0.01,5.82,0.02
5610,6.25,0.43,5.99,0.02,5.93,0.03
5620,7.02,0.03,6.11,0.02,6.05,0.03
5630,5.53,-0.38,6.20,0.01,6.14,0.02
5640,6.06,-0.06,6.29,0.01,6.23,0.02
5650,5.24,0.29,6.37,0.01,6.29,0.03
5660,6.14,0.09,6.46,0.02,6.38,0.03
5670,8.42,-0.23,6.60,0.01,6.54,0.02
5680,7.79,0.02,6.72,0.01,6.68,0.02
5690,6.46,0.26,6.82,0.01,6.76,0.03
5700,7.27,0.06,6.92,0.01,6.88,0.03
5710,7.16,-0.22,7.03,0.01,6.98,0.02
5720,9.07,-0.15,7.16,0.01,7.14,0.02
5730,7.95,0.23,7.28,0.01,7.26,0.03
5740,6.66,0.25,7.36,0.02,7.34,0.03
5750,7.55,0.28,7.47,0.02,7.44,0.04
5760,8.32,0.44,7.58,0.03,7.57,0.05
5770,8.09,0.65,7.69,0.04,7.68,0.07
5780,7.93,-0.01,7.79,0.04,7.79,0.07
5790,9.02,0.01,7.92,0.04,7.92,0.07
5800,7.55,-0.02,8.01,0.04,8.01,0.07
5810,8.00,0.28,8.10,0.04,8.10,0.07
5820,7.77,0.02,8.20,0.04,8.19,0.07
5830,8.78,0.12,8.30,0.04,8.30,0.07
5840,9.24,0.39,8.42,0.05,8.43,0.08
5850,9.41,0.35,8.54,0.06,8.56,0.09
5860,7.37,-0.28,8.61,0.05,8.62,0.08
5870,9.69,-0.16,8.73,0.04,8.75,0.08
5880,8.48,-0.40,8.83,0.04,8.84,0.06
5890,8.75,-0.09,8.92,0.03,8.93,0.06
5900,7.73,0.30,9.00,0.04,8.99,0.06
5910,9.38,-0.11,9.10,0.04,9.10,0.06
5920,10.15,-0.04,9.22,0.03,9.23,0.06
5930,8.49,-0.29,9.31,0.03,9.31,0.05
5940,8.94,0.12,9.40,0.03,9.39,0.05
5950,8.43,0.31,9.47,0.03,9.46,0.06
5960,9.02,0.08,9.56,0.03,9.54,0.06
5970,10.37,-0.16,9.68,0.03,9.66,0.05
5980,10.31,-0.04,9.79,0.03,9.78,0.05
5990,10.75,-0.48,9.90,0.02,9.91,0.03
6000,9.55,-0.18,10.00,0.02,9.99,0.03
6010,10.57,-0.54,10.11,0.01,10.11,0.01
6020,10.11,0.66,10.20,0.02,10.21,0.03
6030,9.28,-0.21,10.28,0.01,10.28,0.02
6040,11.02,0.15,10.40,0.02,10.39,0.03
6050,10.82,0.27,10.50,0.02,10.51,0.04
6060,11.08,0.17,10.61,0.02,10.62,0.04
6070,10.48,-0.36,10.71,0.02,10.71,0.03
6080,11.02,0.54,10.81,0.03,10.82,0.04
6090,11.23,-0.80,10.92,0.01,10.93,0.02
6100,11.22,0.47,11.02,0.02,11.04,0.03
6110,10.89,-0.49,11.12,0.01,11.13,0.02
6120,10.25,-0.27,11.20,0.00,11.20,0.01
6130,11.71,-0.00,11.31,0.00,11.31,0.01
6140,11.19,-0.02,11.40,-0.00,11.41,0.00
6150,11.16,-0.45,11.50,-0.01,11.50,-0.01
6160,10.62,0.11,11.58,-0.01,11.57,-0.01
6170,11.50,-0.48,11.67,-0.02,11.66,-0.02
6180,11.67,0.57,11.77,-0.00,11.76,-0.00
6190,11.88,0.52,11.87,0.01,11.86,0.01
6200,11.07,0.97,11.96,0.02,11.93,0.04
6210,12.05,0.47,12.06,0.03,12.03,0.06
6220,11.50,0.00,12.14,0.03,12.11,0.05
6230,12.33,0.01,12.25,0.03,12.22,0.05
6240,11.95,-0.55,12.34,0.02,12.30,0.03
6250,12.27,-0.11,12.44,0.02,12.40,0.03
6260,13.27,-0.26,12.55,0.01,12.52,0.02
6270,13.11,0.58,12.66,0.02,12.64,0.04
6280,12.73,-0.26,12.76,0.02,12.74,0.03
6290,13.92,0.42,12.88,0.03,12.87,0.04
6300,13.23,0.02,12.99,0.03,12.98,0.04
6310,13.50,-0.36,13.09,0.02,13.09,0.03
6320,13.51,-0.02,13.20,0.02,13.20,0.03
6330,12.67,0.09,13.29,0.02,13.28,0.03
6340,13.29,-0.13,13.39,0.02,13.38,0.03
6350,13.56,0.18,13.49,0.02,13.48,0.03
6360,14.46,-0.34,13.61,0.01,13.61,0.02
6370,14.20,-0.09,13.72,0.01,13.73,0.02
6380,14.18,-0.28,13.82,0.01,13.84,0.01
6390,13.25,0.41,13.91,0.01,13.92,0.02
6400,15.14,-0.19,14.03,0.01,14.05,0.01
6410,14.41,0.04,14.14,0.01,14.16,0.02
6420,13.94,0.00,14.23,0.01,14.25,0.02
6430,12.72,-0.02,14.30,0.01,14.30,0.02
6440,14.16,-0.36,14.40,0.00,14.39,0.00
6450,14.62,0.48,14.50,0.01,14.50,0.02
6460,15.17,0.06,14.61,0.01,14.62,0.02
6470,13.99,0.01,14.70,0.01,14.69,0.02
6480,15.14,-0.27,14.80,0.01,14.80,0.01
6490,14.78,-0.38,14.90,0.00,14.90,-0.00
6500,16.08,0.02,15.02,0.00,15.04,-0.00
6510,14.95,0.38,15.12,0.01,15.13,0.01
6520,15.38,-0.04,15.22,0.01,15.24,0.01
6530,15.70,0.47,15.33,0.02,15.35,0.02
6540,13.84,0.46,15.40,0.03,15.40,0.04
6550,15.34,0.26,15.50,0.03,15.49,0.05
6560,15.77,0.07,15.60,0.03,15.60,0.05
6570,15.16,-0.30,15.69,0.02,15.68,0.04
6580,16.39,0.03,15.80,0.02,15.80,0.04
6590,14.65,-0.28,15.88,0.02,15.86,0.03
6600,15.72,0.10,15.97,0.02,15.95,0.03
6610,15.86,0.06,16.07,0.02,16.05,0.03
6620,15.34,0.38,16.15,0.03,16.12,0.04
6630,16.37,0.03,16.25,0.03,16.23,0.04
6640,16.33,-0.11,16.35,0.03,16.32,0.04
6650,17.00,-0.18,16.46,0.02,16.44,0.03
6660,16.37,0.00,16.56,0.02,16.54,0.03
6670,16.68,-0.41,16.66,0.01,16.64,0.01
6680,16.24,-0.29,16.75,0.01,16.72,0.00
6690,16.52,0.06,16.84,0.01,16.81,0.01
6700,17.20,0.03,16.95,0.01,16.92,0.01
6710,17.96,0.13,17.07,0.01,17.05,0.01
6720,17.77,0.38,17.18,0.02,17.17,0.02
6730,18.09,0.37,17.30,0.02,17.29,0.03
6740,17.15,-0.25,17.39,0.02,17.39,0.02
6750,17.65,0.44,17.49,0.03,17.49,0.04
6760,17.63,0.10,17.60,0.03,17.59,0.04
6770,17.43,-0.31,17.69,0.02,17.68,0.03
6780,19.47,0.01,17.82,0.02,17.84,0.03
6790,18.63,0.11,17.94,0.02,17.96,0.03
6800,17.25,0.00,18.02,0.02,18.03,0.03
6810,16.75,0.01,18.09,0.02,18.09,0.03
6820,18.61,-0.16,18.20,0.02,18.20,0.02
6830,19.09,-0.23,18.32,0.01,18.33,0.01
6840,19.00,0.15,18.43,0.01,18.45,0.02
6850,17.79,0.05,18.51,0.01,18.52,0.02
6860,18.71,0.01,18.62,0.01,18.63,0.02
6870,18.14,-0.07,18.71,0.01,18.71,0.01
6880,18.44,0.45,18.80,0.02,18.80,0.03
6890,18.28,0.27,18.89,0.02,18.88,0.04
6900,17.76,0.21,18.96,0.03,18.94,0.04
6910,19.16,0.28,19.06,0.03,19.05,0.05
6920,18.42,0.29,19.15,0.04,19.12,0.06
6930,18.39,-0.40,19.23,0.03,19.20,0.04
6940,19.12,-0.33,19.33,0.02,19.29,0.03
6950,18.93,0.40,19.42,0.03,19.37,0.04
6960,20.37,0.30,19.53,0.04,19.50,0.05
6970,20.60,0.31,19.65,0.04,19.63,0.06
6980,21.59,0.54,19.79,0.05,19.79,0.08
6990,20.19,-0.02,19.90,0.05,19.90,0.07
7000,18.53,-0.03,19.97,0.05,19.95,0.07
7010,20.42,0.07,20.08,0.05,20.06,0.07
7020,20.95,0.14,20.19,0.05,20.19,0.07
7030,19.80,-0.93,20.28,0.03,20.27,0.04
7040,20.55,-0.06,20.39,0.03,20.38,0.04
7050,22.26,-0.11,20.52,0.03,20.53,0.04
7060,20.46,-0.20,20.62,0.02,20.63,0.03
7070,20.63,0.28,20.72,0.03,20.73,0.04
7080,20.08,-0.32,20.80,0.02,20.81,0.03
7090,21.13,0.35,20.91,0.02,20.91,0.03
7100,21.54,0.07,21.02,0.03,21.03,0.03
7110,22.14,0.26,21.14,0.03,21.16,0.04
7120,21.63,0.04,21.25,0.03,21.27,0.04
7130,21.87,0.17,21.36,0.03,21.39,0.05
7140,21.26,0.06,21.45,0.03,21.48,0.05
7150,21.09,-0.22,21.55,0.03,21.57,0.04
7160,22.50,-0.17,21.66,0.02,21.70,0.03
7170,20.91,0.29,21.75,0.03,21.77,0.04
7180,21.33,-0.06,21.84,0.03,21.86,0.04
7190,20.88,-0.08,21.92,0.03,21.92,0.03
7200,22.57,0.06,22.03,0.03,22.04,0.04
7210,22.33,0.25,22.13,0.03,22.15,0.04
7220,22.10,-0.05,22.23,0.03,22.24,0.04
7230,22.01,0.02,22.33,0.03,22.33,0.04
7240,23.07,0.29,22.44,0.03,22.46,0.05
7250,21.94,-0.22,22.53,0.03,22.54,0.04
7260,22.83,-0.10,22.63,0.03,22.64,0.03
7270,21.11,0.08,22.70,0.03,22.69,0.04
7280,22.21,-0.52,22.79,0.02,22.78,0.02
7290,22.94,-0.32,22.89,0.01,22.88,0.01
7300,22.37,-0.16,22.98,0.01,22.96,0.00
7310,22.58,-0.10,23.07,0.00,23.04,0.00
7320,23.42,-0.09,23.17,0.00,23.15,-0.00
7330,23.12,-0.16,23.27,-0.00,23.25,-0.01
7340,23.46,-0.32,23.37,-0.01,23.35,-0.02
7350,23.48,-0.25,23.47,-0.01,23.45,-0.03
7360,24.24,0.08,23.58,-0.01,23.57,-0.02
7370,22.66,0.02,23.66,-0.01,23.64,-0.02
7380,23.88,-0.48,23.77,-0.02,23.74,-0.04
7390,23.93,-0.02,23.87,-0.02,23.85,-0.04
7400,23.75,0.51,23.96,-0.01,23.94,-0.02
7410,22.94,0.55,24.04,-0.00,24.01,-0.00
7420,23.65,-0.28,24.13,-0.01,24.09,-0.01
7430,22.58,-0.14,24.20,-0.01,24.14,-0.02
7440,24.28,0.24,24.30,-0.00,24.24,-0.01
7450,24.93,0.22,24.41,0.00,24.36,-0.00
7460,25.16,0.21,24.52,0.00,24.48,0.00
7470,24.49,0.20,24.62,0.01,24.57,0.01
7480,25.10,-0.04,24.73,0.01,24.68,0.01
7490,24.47,0.56,24.82,0.02,24.77,0.02
7500,24.83,-0.16,24.92,0.02,24.87,0.02
7510,25.39,0.03,25.03,0.02,24.98,0.02
7520,25.03,-0.35,25.12,0.01,25.08,0.01
7530,25.37,0.29,25.23,0.01,25.19,0.02
7540,27.03,0.23,25.36,0.02,25.34,0.02
7550,25.86,-0.02,25.47,0.02,25.45,0.02
7560,25.04,-0.16,25.56,0.01,25.54,0.01
7570,25.33,0.04,25.66,0.01,25.63,0.02
7580,26.14,0.26,25.76,0.02,25.74,0.02
7590,24.90,0.22,25.84,0.02,25.81,0.03
7600,26.43,0.44,25.95,0.03,25.93,0.04
7610,26.83,0.16,26.07,0.03,26.05,0.05
7620,26.22,0.05,26.17,0.03,26.15,0.05
7630,24.69,-0.05,26.24,0.03,26.20,0.04
7640,26.14,-0.28,26.34,0.02,26.30,0.03
7650,27.13,0.43,26.45,0.03,26.42,0.05
7660,27.15,-0.30,26.56,0.03,26.54,0.04
7670,25.83,0.33,26.65,0.03,26.61,0.05
7680,27.14,-0.25,26.75,0.03,26.73,0.04
7690,26.09,0.00,26.84,0.03,26.80,0.04
7700,26.50,-0.10,26.93,0.02,26.89,0.03
7710,27.51,0.13,27.04,0.03,27.01,0.03
7720,26.37,-0.29,27.13,0.02,27.08,0.02
7730,26.65,-0.68,27.21,0.00,27.17,0.00
7740,26.20,0.07,27.29,0.01,27.23,0.01
7750,26.46,-0.11,27.37,0.00,27.30,0.00
7760,27.36,0.68,27.47,0.02,27.40,0.02
7770,27.36,0.30,27.57,0.02,27.50,0.03
7780,27.85,0.26,27.67,0.03,27.60,0.04
7790,27.05,0.12,27.76,0.03,27.68,0.04
7800,29.29,-0.17,27.89,0.03,27.83,0.03
7810,28.03,0.51,27.99,0.04,27.93,0.05
7820,28.75,-0.51,28.10,0.02,28.05,0.03
7830,29.00,-0.19,28.22,0.02,28.17,0.03
7840,28.33,0.03,28.32,0.02,28.27,0.03
7850,27.88,-0.04,28.41,0.02,28.36,0.03
7860,27.38,-0.76,28.48,0.00,28.42,0.00
7870,28.93,0.20,28.59,0.01,28.53,0.01
7880,28.44,-0.04,28.69,0.01,28.63,0.01
7890,27.67,-0.20,28.76,0.00,28.69,-0.00
7900,28.76,0.33,28.86,0.01,28.79,0.01
7910,29.98,-0.04,28.98,0.01,28.92,0.01
7920,28.14,-0.31,29.06,0.00,28.99,-0.00
7930,30.22,-0.36,29.18,-0.01,29.13,-0.01
7940,28.90,0.49,29.28,0.00,29.22,0.00
7950,29.71,0.22,29.38,0.01,29.33,0.01
7960,29.68,0.47,29.49,0.02,29.43,0.02
7970,30.37,0.37,29.60,0.02,29.56,0.03
7980,28.87,0.27,29.69,0.03,29.63,0.04
7990,29.92,0.40,29.79,0.03,29.74,0.05
8000,29.85,-0.09,29.89,0.03,29.84,0.05
8010,29.75,0.08,29.89,0.03,29.83,0.05
8020,30.16,-0.09,29.89,0.03,29.84,0.04
8029,29.83,-0.06,29.89,0.03,29.84,0.04
8040,29.74,0.10,29.89,0.03,29.84,0.04
8050,30.26,-0.02,29.90,0.03,29.85,0.04
8060,29.93,-0.33,29.90,0.02,29.85,0.03
8070,29.44,-0.02,29.89,0.02,29.84,0.03
8080,29.92,-0.15,29.89,0.02,29.84,0.02
8090,30.59,0.21,29.90,0.02,29.86,0.03
8100,30.39,0.21,29.91,0.02,29.88,0.03
8109,29.95,-0.22,29.91,0.02,29.88,0.02
8120,30.15,-0.27,29.92,0.01,29.89,0.02
8130,29.73,-0.10,29.91,0.01,29.88,0.01
8140,30.09,0.08,29.92,0.01,29.89,0.01
8150,30.57,-0.00,29.93,0.01,29.90,0.01
8160,29.95,-0.09,29.93,0.01,29.91,0.01
8170,30.63,0.27,29.94,0.01,29.93,0.02
8180,29.41,-0.05,29.93,0.01,29.91,0.01
8189,30.46,-0.51,29.94,0.00,29.93,-0.00
8200,29.23,-0.52,29.93,-0.01,29.91,-0.02
8210,29.67,0.46,29.92,0.00,29.90,-0.00
8220,30.07,-0.01,29.93,0.00,29.91,-0.00
8230,30.30,-0.06,29.94,-0.00,29.92,-0.00
8240,30.10,0.12,29.94,0.00,29.92,-0.00
8250,30.15,-0.14,29.94,-0.00,29.93,-0.00
8260,29.83,0.26,29.94,0.00,29.93,0.00
8270,30.38,0.32,29.95,0.01,29.94,0.01
8280,29.87,0.02,29.95,0.01,29.94,0.01
8290,30.08,0.36,29.95,0.02,29.94,0.02
8300,29.94,0.17,29.95,0.02,29.94,0.03
8310,30.68,0.05,29.97,0.02,29.97,0.03
8320,30.28,0.12,29.97,0.02,29.98,0.03
8330,30.23,0.30,29.98,0.03,29.99,0.04
8340,30.44,0.39,29.99,0.03,30.00,0.05
8350,30.51,-0.18,30.00,0.03,30.02,0.04
8360,29.89,0.25,30.00,0.03,30.01,0.05
8370,29.74,-0.50,29.99,0.02,30.00,0.03
8380,29.75,0.01,29.98,0.02,30.00,0.03
8390,30.28,-0.02,29.99,0.02,30.01,0.03
8400,30.05,0.15,29.99,0.02,30.01,0.03
8410,29.64,0.53,29.99,0.03,30.00,0.05
8420,29.72,0.56,29.98,0.04,29.99,0.07
8430,30.30,-0.23,29.99,0.04,30.00,0.06
8440,29.98,-0.00,29.99,0.04,30.00,0.05
8450,30.09,0.03,29.99,0.04,30.00,0.06
8460,29.81,-0.25,29.99,0.03,30.00,0.05
8470,30.27,0.12,29.99,0.03,30.01,0.05
8480,30.09,0.23,29.99,0.04,30.01,0.06
8490,29.72,-0.02,29.99,0.04,30.00,0.05
8500,30.21,-0.33,29.99,0.03,30.01,0.04
8510,29.79,0.17,29.99,0.03,30.00,0.05
8520,30.11,-0.41,29.99,0.02,30.01,0.03
8530,29.94,-0.06,29.99,0.02,30.01,0.03
8540,30.44,-0.27,30.00,0.02,30.02,0.02
8550,30.23,0.15,30.00,0.02,30.03,0.03
8560,30.18,-0.05,30.01,0.02,30.03,0.02
8570,29.94,0.03,30.01,0.02,30.03,0.02
8580,30.36,-0.01,30.01,0.02,30.04,0.02
8590,29.80,-0.37,30.01,0.01,30.04,0.01
8600,30.41,0.10,30.02,0.01,30.05,0.01
8610,29.84,0.22,30.02,0.02,30.04,0.02
8620,29.73,-0.18,30.01,0.01,30.04,0.01
8630,30.20,-0.26,30.01,0.01,30.04,0.00
8640,29.35,0.26,30.00,0.01,30.02,0.01
8650,30.16,0.12,30.00,0.01,30.03,0.02
8660,29.67,0.12,30.00,0.01,30.02,0.02
8670,29.53,0.28,29.99,0.02,30.00,0.03
8680,30.21,-0.25,29.99,0.01,30.01,0.02
8690,30.41,0.10,30.00,0.02,30.02,0.02
8700,30.41,0.45,30.01,0.03,30.03,0.03
8710,29.85,0.16,30.01,0.03,30.03,0.04
8720,30.30,0.38,30.01,0.04,30.04,0.05
8730,30.28,0.39,30.02,0.04,30.05,0.06
8740,29.50,-0.35,30.01,0.03,30.03,0.05
8750,29.99,-0.27,30.01,0.03,30.03,0.04
8760,30.10,0.25,30.01,0.03,30.03,0.05
8770,30.06,-0.40,30.01,0.02,30.03,0.03
8780,30.04,0.07,30.01,0.02,30.03,0.03
8790,29.59,-0.23,30.00,0.02,30.02,0.02
8800,30.04,0.45,30.00,0.03,30.02,0.04
8810,29.57,0.38,29.99,0.03,30.01,0.05
8820,29.68,-0.41,29.99,0.02,30.00,0.03
8830,29.59,-0.43,29.98,0.01,29.99,0.02
8840,29.89,0.02,29.98,0.01,29.98,0.02
8850,30.14,0.28,29.98,0.02,29.99,0.03
8860,29.76,0.01,29.98,0.02,29.98,0.03
8870,29.36,-0.09,29.96,0.02,29.96,0.02
8880,29.96,-0.33,29.97,0.01,29.96,0.01
8890,30.76,0.37,29.98,0.02,29.99,0.02
8900,29.83,0.29,29.98,0.02,29.98,0.03
8910,28.88,-0.08,29.96,0.02,29.95,0.03
8920,29.62,0.09,29.95,0.02,29.94,0.03
8930,29.96,-0.04,29.95,0.02,29.94,0.02
8940,29.26,-0.74,29.94,0.00,29.92,0.00
8950,29.72,-0.32,29.94,-0.00,29.92,-0.01
8960,29.77,-0.42,29.93,-0.01,29.91,-0.02
8970,29.96,-0.39,29.93,-0.02,29.91,-0.03
8980,29.60,0.46,29.93,-0.01,29.90,-0.02
8990,30.22,0.81,29.93,0.00,29.91,0.00
9000,30.81,0.03,29.95,0.00,29.94,0.00
9010,29.55,-0.13,29.94,0.00,29.93,-0.00
9020,30.23,0.67,29.95,0.01,29.93,0.02
9030,30.16,0.02,29.95,0.01,29.94,0.02
9040,30.10,-0.36,29.96,0.01,29.95,0.01
9050,29.48,-0.04,29.95,0.00,29.93,0.01
9060,29.54,-0.25,29.94,-0.00,29.92,-0.00
9070,30.01,0.11,29.94,0.00,29.92,0.00
9080,29.80,-0.17,29.94,-0.00,29.92,-0.00
9090,29.77,0.03,29.93,-0.00,29.91,-0.00
9100,29.57,-0.21,29.93,-0.01,29.90,-0.01
9110,30.42,0.33,29.94,0.00,29.92,0.00
9120,30.21,-0.12,29.94,-0.00,29.93,-0.00
9130,30.51,-0.43,29.95,-0.01,29.94,-0.02
9140,30.02,0.69,29.96,0.00,29.95,0.00
9150,29.97,-0.12,29.96,-0.00,29.95,0.00
9160,29.88,0.43,29.96,0.01,29.94,0.01
9170,30.12,0.09,29.96,0.01,29.95,0.01
9180,29.87,-0.40,29.96,0.00,29.95,0.00
9190,29.86,-0.40,29.95,-0.01,29.94,-0.01
9200,29.49,0.03,29.94,-0.01,29.93,-0.01
9210,29.87,0.50,29.94,0.00,29.93,0.01
9220,30.43,-0.45,29.95,-0.00,29.94,-0.01
9230,29.80,0.22,29.95,0.00,29.94,0.00
9240,29.99,0.30,29.95,0.01,29.94,0.01
9250,29.60,0.50,29.94,0.02,29.93,0.02
9260,30.42,-0.57,29.95,0.00,29.94,0.01
9270,30.41,-0.14,29.96,0.00,29.96,0.00
9280,29.76,0.09,29.96,0.00,29.95,0.01
9290,30.24,-0.07,29.97,0.00,29.96,0.00
9300,30.10,0.20,29.97,0.01,29.97,0.01
9310,30.37,0.31,29.98,0.01,29.98,0.02
9320,29.74,0.22,29.97,0.02,29.97,0.03
9330,30.41,-0.20,29.98,0.01,29.98,0.02
9340,30.03,-0.13,29.98,0.01,29.99,0.01
9350,29.82,-0.31,29.98,0.00,29.98,0.00
9360,30.29,0.25,29.99,0.01,29.99,0.01
9370,29.97,0.06,29.99,0.01,29.99,0.01
9380,29.66,-0.03,29.98,0.01,29.98,0.01
9390,29.84,-0.08,29.98,0.01,29.98,0.01
9400,29.91,-0.37,29.98,-0.00,29.98,-0.00
9410,29.98,-0.07,29.98,-0.00,29.98,-0.01
9420,29.72,-0.03,29.97,-0.00,29.97,-0.01
9430,29.43,-0.16,29.96,-0.01,29.95,-0.01
9440,29.72,-0.18,29.95,-0.01,29.94,-0.02
9450,29.72,0.44,29.95,-0.00,29.94,-0.00
9460,29.90,0.22,29.95,0.00,29.94,0.00
9470,29.62,0.48,29.94,0.01,29.93,0.02
9480,29.50,0.00,29.94,0.01,29.91,0.02
9490,30.33,0.08,29.94,0.01,29.93,0.02
9500,30.22,0.10,29.95,0.02,29.93,0.02
9510,30.43,-0.03,29.96,0.02,29.95,0.02
9520,29.96,-0.26,29.96,0.01,29.95,0.01
9530,29.86,0.87,29.96,0.03,29.95,0.04
9540,30.03,0.82,29.96,0.04,29.95,0.07
9550,29.54,-0.40,29.95,0.03,29.94,0.05
9560,29.76,-0.33,29.95,0.03,29.93,0.04
9570,29.73,0.17,29.94,0.03,29.92,0.04
9580,29.88,0.02,29.94,0.03,29.92,0.04
9590,30.27,0.25,29.95,0.03,29.93,0.05
9600,29.85,-0.15,29.95,0.03,29.93,0.05
9610,30.03,0.16,29.95,0.03,29.93,0.05
9620,29.38,-0.03,29.94,0.03,29.92,0.05
9630,30.32,0.41,29.95,0.04,29.93,0.06
9640,30.05,0.13,29.95,0.04,29.93,0.06
9650,29.54,-0.18,29.94,0.04,29.92,0.05
9660,30.41,-0.62,29.95,0.02,29.94,0.03
9670,29.42,-0.25,29.94,0.02,29.92,0.02
9680,29.50,-0.36,29.93,0.01,29.90,0.01
9690,30.06,-0.15,29.93,0.01,29.91,0.01
9700,30.38,-0.50,29.94,-0.00,29.92,-0.01
9710,30.17,0.16,29.94,-0.00,29.93,-0.00
9720,30.20,0.18,29.95,0.00,29.94,0.00
9730,29.86,-0.66,29.95,-0.01,29.93,-0.02
9740,29.83,0.43,29.95,-0.00,29.93,-0.00
9750,29.87,0.09,29.94,0.00,29.93,-0.00
9760,30.08,-0.57,29.95,-0.01,29.93,-0.02
9770,29.94,-0.02,29.95,-0.01,29.93,-0.02
9780,30.60,-0.00,29.96,-0.01,29.96,-0.02
9790,29.55,0.35,29.95,-0.00,29.94,-0.01
9800,29.93,0.22,29.95,0.00,29.94,-0.00
9810,30.09,-0.28,29.96,-0.00,29.95,-0.01
9820,29.81,0.32,29.95,0.00,29.94,0.00
9830,30.09,-0.12,29.96,-0.00,29.95,-0.00
9840,29.57,0.92,29.95,0.02,29.94,0.02
9850,29.79,-0.70,29.95,0.00,29.93,0.00
9860,30.34,0.04,29.95,0.00,29.94,0.00
9870,30.08,0.05,29.96,0.01,29.95,0.01
9880,30.11,0.25,29.96,0.01,29.95,0.01
9890,29.85,0.17,29.96,0.01,29.95,0.02
9900,30.07,-0.03,29.96,0.01,29.95,0.02
9910,29.77,0.11,29.96,0.01,29.95,0.02
9920,30.17,-0.16,29.96,0.01,29.95,0.01
9930,30.08,0.27,29.96,0.02,29.96,0.02
9940,29.02,-0.14,29.94,0.01,29.93,0.02
9950,30.43,-0.17,29.95,0.01,29.94,0.01
9960,29.70,0.57,29.95,0.02,29.94,0.03
9970,30.45,0.25,29.96,0.03,29.95,0.04
9980,29.99,0.18,29.96,0.03,29.95,0.04
9990,29.85,0.38,29.96,0.04,29.95,0.05
10000,29.83,-0.27,29.95,0.03,29.95,0.04
10010,30.03,-0.38,29.96,0.02,29.95,0.03
10020,30.07,0.06,29.96,0.02,29.95,0.03
10030,29.79,0.22,29.96,0.03,29.95,0.04
10040,29.81,-0.20,29.95,0.02,29.94,0.03
10050,29.73,-0.09,29.95,0.02,29.94,0.03
10060,30.01,0.18,29.95,0.02,29.94,0.03
10070,30.37,0.09,29.96,0.02,29.95,0.03
10080,29.84,-0.30,29.96,0.02,29.95,0.02
10090,30.12,-0.20,29.96,0.01,29.95,0.01
10100,29.92,-0.41,29.96,0.00,29.95,0.00
10110,30.30,0.55,29.97,0.01,29.96,0.02
10120,30.72,0.40,29.98,0.02,29.99,0.03
10130,30.12,-0.54,29.98,0.01,29.99,0.01
10140,30.00,0.17,29.99,0.01,29.99,0.02
10150,29.68,0.40,29.98,0.02,29.98,0.03
10160,29.78,-0.32,29.97,0.01,29.98,0.02
10170,30.13,0.34,29.98,0.02,29.98,0.03
10180,30.04,0.30,29.98,0.03,29.98,0.04
10190,29.79,-0.18,29.98,0.02,29.98,0.03
10200,29.88,0.00,29.97,0.02,29.98,0.03
10210,29.60,0.46,29.97,0.03,29.97,0.04
10220,29.98,0.00,29.97,0.03,29.97,0.04
10230,29.86,0.58,29.97,0.04,29.96,0.06
10240,30.12,-0.44,29.97,0.03,29.97,0.04
10250,30.44,0.01,29.98,0.03,29.98,0.04
10260,29.96,0.24,29.98,0.03,29.98,0.05
10270,30.43,0.10,29.99,0.04,30.00,0.05
10280,30.03,0.19,29.99,0.04,30.00,0.06
10290,29.54,0.02,29.98,0.04,29.98,0.05
10300,30.18,-0.07,29.98,0.04,29.99,0.05
10310,29.94,0.12,29.98,0.04,29.99,0.05
10320,29.89,-0.39,29.98,0.03,29.99,0.04
10330,29.90,-0.05,29.98,0.03,29.98,0.04
10340,30.11,-0.06,29.98,0.03,29.99,0.04
10350,29.92,0.10,29.98,0.03,29.99,0.04
10360,29.70,0.15,29.98,0.03,29.98,0.04
10370,30.67,0.27,29.99,0.04,30.00,0.05
10380,30.59,-0.21,30.00,0.03,30.02,0.04
10390,29.56,-0.02,29.99,0.03,30.00,0.04
10400,29.80,0.27,29.99,0.03,30.00,0.05
10410,30.41,-0.36,30.00,0.02,30.01,0.03
10420,30.10,-0.36,30.00,0.02,30.02,0.02
10430,29.90,0.02,30.00,0.02,30.01,0.02
10440,30.39,-0.33,30.01,0.01,30.03,0.01
10450,29.65,-0.30,30.00,0.01,30.02,0.00
10460,30.60,-0.40,30.01,-0.00,30.03,-0.01
10470,30.19,0.01,30.02,-0.00,30.04,-0.01
10480,30.37,-0.16,30.02,-0.01,30.05,-0.02
10490,30.34,0.13,30.03,-0.00,30.06,-0.01
10500,30.77,-0.03,30.05,-0.00,30.08,-0.01
10510,29.63,0.27,30.04,0.00,30.07,-0.00
10520,29.45,0.33,30.03,0.01,30.05,0.01
10530,30.43,-0.10,30.03,0.00,30.06,0.00
10540,29.27,0.31,30.02,0.01,30.04,0.01
10550,29.87,-0.18,30.02,0.01,30.04,0.00
10560,29.24,-0.26,30.00,0.00,30.01,-0.00
10570,29.70,-0.34,29.99,-0.01,30.00,-0.01
10580,30.79,0.22,30.01,0.00,30.03,-0.01
10590,30.62,-0.04,30.02,0.00,30.05,-0.01
10600,29.87,-0.58,30.02,-0.01,30.04,-0.02
10610,29.80,-0.07,30.02,-0.01,30.03,-0.03
10620,29.61,-0.28,30.01,-0.02,30.02,-0.03
10630,30.26,0.38,30.01,-0.01,30.03,-0.02
10640,29.94,-0.16,30.01,-0.01,30.03,-0.03
10650,30.47,0.30,30.02,-0.01,30.04,-0.02
10660,30.25,0.15,30.03,-0.00,30.05,-0.01
10670,30.05,0.09,30.03,-0.00,30.05,-0.01
10680,30.01,0.24,30.03,0.00,30.05,-0.00
10690,29.66,0.08,30.02,0.01,30.04,0.00
10700,30.11,0.57,30.02,0.02,30.04,0.02
10710,29.67,-0.44,30.02,0.01,30.03,0.00
10720,30.51,-0.18,30.03,0.00,30.05,-0.00
10730,29.89,-0.10,30.02,0.00,30.04,-0.00
10740,29.60,0.15,30.01,0.00,30.03,-0.00
10750,30.19,0.24,30.02,0.01,30.03,0.01
10760,30.48,-0.15,30.03,0.00,30.05,0.00
10770,30.34,0.39,30.04,0.01,30.06,0.01
10780,29.65,-0.29,30.03,0.01,30.05,0.01
10790,29.80,0.25,30.02,0.01,30.04,0.01
10800,29.31,-0.14,30.01,0.01,30.02,0.01
10810,29.94,0.35,30.01,0.02,30.02,0.02
10820,29.89,0.33,30.00,0.02,30.01,0.03
10830,30.49,0.11,30.01,0.02,30.03,0.03
10840,30.22,0.26,30.02,0.03,30.03,0.04
10850,30.45,0.23,30.03,0.03,30.05,0.04
10860,29.98,0.25,30.03,0.04,30.04,0.05
10870,29.83,-0.25,30.02,0.03,30.04,0.04
10880,29.46,-0.20,30.01,0.03,30.02,0.03
10890,29.83,0.21,30.01,0.03,30.01,0.04
10900,30.61,-0.04,30.02,0.03,30.03,0.04
10910,30.43,0.10,30.03,0.03,30.05,0.04
10920,29.44,1.07,30.02,0.05,30.03,0.07
10930,29.64,0.08,30.01,0.05,30.02,0.07
10940,30.22,0.25,30.01,0.05,30.02,0.08
10950,30.24,-0.34,30.02,0.04,30.03,0.06
10960,29.96,-0.26,30.02,0.04,30.03,0.05
10970,30.29,-0.18,30.02,0.03,30.04,0.05
10980,30.22,0.10,30.03,0.04,30.04,0.05
10990,30.17,-0.14,30.03,0.03,30.05,0.04
11000,29.42,-0.49,30.02,0.02,30.03,0.03
11010,30.13,0.15,30.02,0.02,30.03,0.03
11020,29.89,-0.27,30.02,0.02,30.03,0.02
11030,30.21,0.46,30.02,0.03,30.03,0.04
11040,29.66,-0.18,30.01,0.02,30.02,0.03
11050,30.32,-0.08,30.02,0.02,30.03,0.03
11060,29.91,-0.02,30.02,0.02,30.03,0.03
11070,30.08,-0.05,30.02,0.02,30.03,0.02
11080,29.72,-0.48,30.01,0.01,30.02,0.01
11090,30.09,-0.21,30.01,0.00,30.02,0.00
11100,30.25,0.30,30.02,0.01,30.03,0.01
11110,29.98,0.26,30.02,0.02,30.03,0.02
11120,29.94,0.21,30.02,0.02,30.02,0.02
11130,29.71,0.34,30.01,0.03,30.01,0.03
11140,30.02,0.28,30.01,0.03,30.01,0.04
11150,29.86,-0.43,30.01,0.02,30.01,0.03
11160,29.51,0.23,30.00,0.02,30.00,0.03
11170,29.25,-0.49,29.98,0.01,29.97,0.02
11180,29.45,-0.40,29.97,0.01,29.96,0.00
11190,30.71,0.48,29.99,0.02,29.98,0.02
11200,30.15,-0.16,29.99,0.01,29.98,0.01
11210,30.32,0.08,30.00,0.01,29.99,0.01
11220,29.75,-0.09,29.99,0.01,29.99,0.01
11230,30.12,-0.04,29.99,0.01,29.99,0.01
11240,29.71,0.40,29.99,0.02,29.98,0.02
11250,30.01,-0.39,29.99,0.01,29.98,0.01
11260,30.49,0.79,30.00,0.02,30.00,0.03
11270,29.74,0.22,29.99,0.03,29.99,0.04
11280,30.05,0.31,30.00,0.03,29.99,0.05
11290,30.30,-0.47,30.00,0.02,30.00,0.03
11300,30.04,-0.25,30.00,0.02,30.00,0.02
11310,29.96,0.11,30.00,0.02,30.00,0.02
11320,30.11,0.13,30.01,0.02,30.01,0.03
11330,30.13,-0.26,30.01,0.02,30.01,0.02
11340,29.72,-0.61,30.00,0.00,30.00,0.00
11350,29.92,0.31,30.00,0.01,30.00,0.01
11360,29.82,-0.15,30.00,0.01,29.99,0.00
11370,30.39,0.24,30.01,0.01,30.01,0.01
11380,29.97,0.08,30.01,0.01,30.00,0.01
11390,30.04,0.22,30.01,0.02,30.01,0.02
11400,30.29,-0.01,30.01,0.02,30.01,0.02
11410,29.70,-0.43,30.01,0.01,30.01,0.01
11420,29.88,0.51,30.01,0.02,30.00,0.02
11430,29.97,0.07,30.00,0.02,30.00,0.02
11440,30.03,0.42,30.01,0.03,30.00,0.04
11450,30.36,0.23,30.01,0.03,30.01,0.04
11460,29.78,0.23,30.01,0.04,30.01,0.05
11470,29.43,0.16,30.00,0.04,29.99,0.05
11480,30.15,-0.40,30.00,0.03,29.99,0.04
11490,30.08,-0.49,30.00,0.02,30.00,0.02
11500,30.38,-0.19,30.01,0.01,30.01,0.01
11510,30.31,0.05,30.02,0.01,30.02,0.01
11520,29.63,-0.37,30.01,0.01,30.01,0.00
11530,30.11,0.22,30.01,0.01,30.01,0.01
11540,29.94,0.49,30.01,0.02,30.01,0.02
11550,30.12,-0.81,30.01,0.00,30.01,-0.00
11560,29.70,-0.20,30.01,-0.00,30.00,-0.01
11570,29.61,0.27,30.00,0.00,29.99,-0.00
11580,30.36,0.15,30.01,0.00,30.00,0.00
11590,30.08,-0.32,30.01,-0.00,30.00,-0.01
11600,30.13,-0.11,30.01,-0.01,30.01,-0.01
11610,29.47,-0.33,30.00,-0.01,29.99,-0.02
11620,29.34,0.12,29.99,-0.01,29.97,-0.02
11630,29.62,-0.19,29.98,-0.01,29.96,-0.02
11640,29.67,-0.54,29.97,-0.02,29.95,-0.04
11650,29.84,0.16,29.97,-0.02,29.95,-0.04
11660,30.10,0.23,29.97,-0.02,29.95,-0.03
11670,30.01,-0.30,29.98,-0.02,29.95,-0.04
11680,30.40,0.33,29.98,-0.02,29.97,-0.03
11690,30.12,0.20,29.99,-0.01,29.97,-0.02
11700,29.66,-0.09,29.98,-0.01,29.96,-0.02
11710,29.57,-0.23,29.97,-0.02,29.95,-0.03
11720,29.91,-0.55,29.97,-0.03,29.95,-0.05
11730,30.12,0.25,29.97,-0.02,29.95,-0.04
11740,29.73,-0.12,29.97,-0.03,29.95,-0.04
11750,30.49,0.35,29.98,-0.02,29.96,-0.03
11760,30.11,0.52,29.98,-0.01,29.97,-0.01
11770,29.99,0.08,29.99,-0.01,29.97,-0.01
11780,29.50,0.11,29.98,-0.00,29.95,-0.01
11790,29.66,-0.08,29.97,-0.01,29.94,-0.01
11800,30.57,-0.85,29.98,-0.02,29.96,-0.04
11810,29.92,-0.20,29.98,-0.03,29.96,-0.04
11820,30.28,-0.17,29.99,-0.03,29.97,-0.05
11830,30.14,0.14,29.99,-0.03,29.98,-0.04
11840,29.85,-0.54,29.99,-0.04,29.97,-0.06
11850,30.08,0.04,29.99,-0.04,29.98,-0.06
11860,29.64,-0.24,29.98,-0.04,29.97,-0.06
11870,29.63,-0.34,29.98,-0.05,29.96,-0.07
11880,29.82,-0.09,29.98,-0.05,29.95,-0.07
11890,30.00,0.03,29.98,-0.05,29.95,-0.07
11900,29.81,-0.36,29.97,-0.05,29.95,-0.08
11910,29.33,0.22,29.96,-0.05,29.93,-0.07
11920,29.99,-0.14,29.96,-0.05,29.93,-0.07
11930,29.66,0.01,29.96,-0.05,29.92,-0.07
11940,30.64,-0.08,29.97,-0.05,29.94,-0.07
11950,29.95,0.71,29.97,-0.03,29.94,-0.05
11960,30.52,0.06,29.98,-0.03,29.96,-0.05
11970,29.80,0.55,29.98,-0.02,29.96,-0.03
11980,30.27,0.03,29.99,-0.02,29.97,-0.03
11990,30.08,-0.04,29.99,-0.02,29.97,-0.03
12000,29.20,0.07,29.97,-0.02,29.95,-0.02
12010,29.94,-0.18,29.97,-0.02,29.95,-0.03
12020,29.90,0.25,29.97,-0.02,29.94,-0.02
12030,29.76,0.24,29.97,-0.01,29.94,-0.01
12040,29.93,-0.39,29.97,-0.02,29.94,-0.02
12050,30.13,0.04,29.97,-0.02,29.94,-0.02
12060,29.28,-0.21,29.96,-0.02,29.92,-0.03
12070,29.56,0.20,29.95,-0.02,29.91,-0.02
12080,30.29,0.24,29.96,-0.01,29.92,-0.01
12090,30.30,-0.05,29.96,-0.01,29.93,-0.01
12100,29.66,0.56,29.96,0.00,29.92,0.00
12110,30.32,-0.07,29.96,-0.00,29.93,0.00
12120,29.98,0.26,29.97,0.00,29.94,0.01
12130,30.39,-0.24,29.97,-0.00,29.95,0.00
12140,29.96,0.42,29.97,0.01,29.95,0.01
12150,30.00,0.13,29.97,0.01,29.95,0.02
12160,29.94,-0.26,29.97,0.00,29.95,0.01
12170,30.11,-0.07,29.98,0.00,29.95,0.01
12180,29.67,0.35,29.97,0.01,29.95,0.02
12190,29.79,0.08,29.97,0.01,29.94,0.02
12200,29.46,0.62,29.96,0.02,29.92,0.04
12210,29.92,0.22,29.96,0.03,29.92,0.05
12220,30.32,-0.57,29.97,0.01,29.94,0.03
12230,30.04,0.11,29.97,0.02,29.94,0.03
12240,30.19,0.25,29.97,0.02,29.95,0.04
12250,30.00,-0.12,29.97,0.02,29.95,0.03
12260,30.21,0.13,29.98,0.02,29.96,0.04
12270,30.00,-0.01,29.98,0.02,29.96,0.04
12280,30.05,-0.30,29.98,0.01,29.96,0.03
12290,29.73,0.32,29.98,0.02,29.95,0.03
12300,30.63,-0.17,29.99,0.02,29.97,0.03
12310,30.33,-0.11,30.00,0.01,29.98,0.02
12320,30.40,0.41,30.00,0.02,30.00,0.04
12330,30.49,-0.20,30.01,0.02,30.01,0.03
12340,30.07,-0.19,30.02,0.01,30.01,0.02
12350,30.22,-0.14,30.02,0.01,30.02,0.02
12360,29.86,-0.02,30.02,0.01,30.02,0.02
12370,30.41,0.01,30.02,0.01,30.03,0.02
12380,29.16,-0.15,30.01,0.01,30.00,0.01
12390,30.09,-0.10,30.01,0.00,30.01,0.01
12400,30.11,0.24,30.01,0.01,30.01,0.02
12410,29.43,0.04,30.00,0.01,29.99,0.02
12420,30.12,-0.31,30.00,0.00,30.00,0.01
12430,29.37,-0.09,29.99,0.00,29.98,0.01
12440,30.31,-0.12,30.00,-0.00,29.99,0.00
12450,29.92,-0.16,29.99,-0.00,29.98,-0.00
12460,29.88,0.62,29.99,0.01,29.98,0.02
12470,30.31,0.17,30.00,0.01,29.99,0.02
12480,29.85,-0.28,30.00,0.01,29.99,0.01
12490,30.27,-0.06,30.00,0.00,30.00,0.01
12500,30.13,-0.44,30.00,-0.00,30.00,-0.00
12510,29.96,-0.11,30.00,-0.01,30.00,-0.01
12520,29.90,0.23,30.00,-0.00,30.00,0.00
12530,29.48,0.33,29.99,0.01,29.98,0.01
12540,30.61,0.19,30.00,0.01,30.00,0.02
12550,29.93,0.26,30.00,0.01,30.00,0.02
12560,30.36,0.08,30.01,0.02,30.01,0.03
12570,29.99,-0.14,30.01,0.01,30.01,0.02
12580,29.84,0.60,30.01,0.02,30.00,0.04
12590,29.70,-0.38,30.00,0.02,29.99,0.03
12600,30.33,0.35,30.01,0.02,30.01,0.04
12610,30.12,0.14,30.01,0.02,30.01,0.04
12620,30.71,0.24,30.03,0.03,30.03,0.05
12630,30.19,0.14,30.03,0.03,30.04,0.05
12640,29.93,0.26,30.03,0.03,30.03,0.06
12650,29.85,-0.18,30.02,0.03,30.03,0.05
12660,29.43,-0.03,30.01,0.03,30.01,0.05
12670,29.42,0.23,30.00,0.03,29.99,0.05
12680,29.93,-0.45,30.00,0.02,29.99,0.04
12690,30.21,0.13,30.00,0.03,30.00,0.04
12700,30.36,0.17,30.01,0.03,30.01,0.05
12710,29.95,-0.17,30.01,0.02,30.01,0.04
12720,30.29,-0.04,30.01,0.02,30.02,0.04
12730,29.21,-0.37,30.00,0.01,29.99,0.02
12740,29.58,0.10,29.99,0.02,29.98,0.03
12750,30.03,0.25,29.99,0.02,29.98,0.03
12760,29.83,0.44,29.99,0.03,29.98,0.05
12770,29.78,0.19,29.99,0.03,29.97,0.05
12780,29.86,0.17,29.98,0.03,29.97,0.05
12790,29.82,0.09,29.98,0.03,29.96,0.06
12800,29.71,-0.26,29.98,0.03,29.95,0.05
12810,29.81,0.25,29.97,0.03,29.95,0.05
12820,30.54,-0.00,29.98,0.03,29.97,0.05
12830,30.46,0.12,29.99,0.03,29.98,0.05
12840,30.17,0.44,30.00,0.04,29.99,0.07
12850,30.01,0.07,30.00,0.04,29.99,0.07
12860,29.89,0.25,30.00,0.05,29.99,0.07
12870,30.06,0.12,30.00,0.05,29.99,0.07
12880,30.79,-0.16,30.01,0.04,30.01,0.07
12890,29.70,0.40,30.01,0.05,30.00,0.08
12900,30.18,-0.16,30.01,0.05,30.01,0.07
12910,29.97,-0.40,30.01,0.04,30.01,0.06
12920,30.01,-0.04,30.01,0.04,30.01,0.06
12930,30.09,-0.54,30.01,0.02,30.01,0.04
12940,29.67,0.08,30.00,0.02,30.00,0.04
12950,31.01,-0.23,30.02,0.02,30.03,0.03
12960,29.63,-0.12,30.02,0.02,30.02,0.03
12970,30.13,-0.20,30.02,0.01,30.02,0.02
12980,29.84,-0.15,30.02,0.01,30.02,0.01
12990,29.42,-0.06,30.00,0.01,30.00,0.01
13000,29.67,-0.11,30.00,0.01,29.99,0.01
13010,30.28,-0.10,30.00,0.00,30.00,0.01
13020,30.41,0.21,30.01,0.01,30.01,0.01
13030,29.99,0.70,30.01,0.02,30.01,0.03
13040,29.50,0.42,30.00,0.03,29.99,0.04
13050,30.07,-0.26,30.00,0.02,30.00,0.04
13060,30.16,-0.11,30.00,0.02,30.00,0.03
13070,29.86,0.17,30.00,0.02,30.00,0.04
13080,30.03,0.58,30.00,0.03,30.00,0.05
13090,30.05,-0.08,30.00,0.03,30.00,0.05
13100,30.11,-0.27,30.01,0.03,30.00,0.04
13110,30.08,-0.31,30.01,0.02,30.00,0.03
13120,30.10,-0.16,30.01,0.01,30.01,0.02
13130,29.99,0.01,30.01,0.01,30.01,0.02
13140,30.09,0.05,30.01,0.01,30.01,0.02
13150,30.16,-0.03,30.01,0.01,30.02,0.02
13160,30.38,0.22,30.02,0.02,30.03,0.03
13170,30.33,-0.15,30.03,0.02,30.03,0.02
13180,29.84,-0.01,30.02,0.02,30.03,0.02
13190,29.65,0.01,30.02,0.01,30.02,0.02
13200,30.31,-0.60,30.02,0.00,30.03,0.00
13210,29.70,-0.40,30.02,-0.01,30.02,-0.01
13220,29.85,-0.02,30.01,-0.01,30.01,-0.01
13230,30.27,-0.15,30.02,-0.01,30.02,-0.02
13240,29.93,0.16,30.02,-0.01,30.02,-0.01
13250,30.29,-0.05,30.02,-0.01,30.03,-0.01
13260,30.37,-0.22,30.03,-0.01,30.04,-0.02
13270,29.91,0.02,30.03,-0.01,30.03,-0.02
13280,30.34,-0.23,30.03,-0.01,30.04,-0.02
13290,30.12,0.10,30.04,-0.01,30.05,-0.02
13300,30.03,0.23,30.04,-0.01,30.05,-0.01
13310,30.05,0.10,30.04,-0.01,30.05,-0.01
13320,30.59,0.53,30.05,0.01,30.07,0.01
13330,30.20,-0.35,30.05,-0.00,30.07,-0.00
13340,29.58,0.27,30.04,0.00,30.06,0.00
13350,29.61,0.58,30.03,0.02,30.04,0.02
13360,30.03,0.31,30.03,0.02,30.04,0.03
13370,28.98,-0.41,30.01,0.01,30.01,0.02
13380,29.90,-0.34,30.01,0.01,30.01,0.01
13390,29.85,-0.32,30.01,-0.00,30.00,-0.00
13400,30.46,-0.46,30.02,-0.01,30.02,-0.02
13410,29.56,-0.15,30.01,-0.01,30.00,-0.02
13420,29.82,0.25,30.00,-0.01,30.00,-0.01
13430,29.68,0.10,30.00,-0.00,29.99,-0.01
13440,30.57,-0.24,30.01,-0.01,30.01,-0.02
13450,30.17,0.42,30.01,-0.00,30.01,-0.00
13460,30.24,-0.03,30.02,-0.00,30.02,-0.00
13470,30.51,0.38,30.03,0.01,30.03,0.01
13480,29.86,0.32,30.03,0.01,30.03,0.02
13490,29.84,-0.04,30.02,0.01,30.02,0.01
13500,29.91,0.35,30.02,0.02,30.02,0.02
13510,30.25,0.12,30.02,0.02,30.03,0.03
13520,29.34,-0.14,30.01,0.02,30.01,0.02
13530,29.56,-0.04,30.00,0.02,29.99,0.02
13540,29.71,0.23,30.00,0.02,29.98,0.03
13550,29.82,-0.22,29.99,0.02,29.98,0.02
13560,29.71,0.61,29.99,0.03,29.97,0.04
13570,30.29,0.27,29.99,0.03,29.98,0.05
13580,29.51,-0.31,29.98,0.03,29.97,0.04
13590,29.55,-0.29,29.98,0.02,29.95,0.03
13600,30.21,-0.06,29.98,0.02,29.96,0.02
13610,30.34,-0.47,29.99,0.01,29.97,0.01
13620,29.88,0.40,29.99,0.01,29.97,0.02
13630,29.91,-0.08,29.99,0.01,29.97,0.02
13640,29.55,-0.04,29.98,0.01,29.95,0.01
13650,30.03,0.05,29.98,0.01,29.96,0.02
13660,29.81,0.24,29.98,0.02,29.95,0.02
13670,30.21,-0.06,29.98,0.02,29.96,0.02
13680,29.74,-0.21,29.98,0.01,29.95,0.01
13690,30.14,-0.20,29.98,0.01,29.96,0.01
13700,30.14,-0.11,29.98,0.00,29.96,0.00
13710,30.00,0.22,29.98,0.01,29.96,0.01
13720,29.99,0.43,29.98,0.02,29.96,0.02
13730,29.51,0.32,29.97,0.02,29.95,0.03
13740,29.93,0.06,29.97,0.02,29.95,0.03
13750,30.38,-0.28,29.98,0.02,29.96,0.02
13760,30.51,-0.09,29.99,0.01,29.98,0.02
13770,30.18,-0.01,30.00,0.01,29.98,0.02
13780,29.79,0.26,29.99,0.02,29.98,0.03
13790,30.46,-0.29,30.00,0.01,29.99,0.02
13800,30.43,-0.50,30.01,0.00,30.00,0.00
13810,29.56,-0.27,30.00,-0.00,29.99,-0.01
13820,29.88,0.80,30.00,0.01,29.99,0.02
13830,30.05,0.48,30.00,0.02,29.99,0.03
13840,30.10,0.45,30.00,0.03,29.99,0.04
13850,30.52,-0.12,30.01,0.03,30.01,0.04
13860,29.95,0.26,30.01,0.03,30.01,0.05
13870,29.75,0.41,30.01,0.04,30.00,0.06
13880,29.92,-0.12,30.01,0.03,30.00,0.05
13890,29.96,0.26,30.01,0.04,30.00,0.06
13900,30.36,0.44,30.01,0.05,30.01,0.07
13910,30.21,-0.03,30.02,0.04,30.01,0.07
13920,30.02,0.16,30.02,0.05,30.01,0.07
13930,30.31,0.23,30.02,0.05,30.02,0.07
13940,29.88,0.22,30.02,0.05,30.02,0.08
13950,29.88,0.03,30.02,0.05,30.02,0.08
13960,29.84,-0.17,30.01,0.04,30.01,0.07
13970,29.27,-0.36,30.00,0.04,29.99,0.06
13980,30.11,-0.12,30.00,0.03,29.99,0.05
13990,29.94,-0.40,30.00,0.02,29.99,0.04
14000,29.72,-0.36,29.99,0.02,29.98,0.02
14010,30.62,-0.51,30.01,0.01,30.00,0.01
14020,30.45,0.09,30.02,0.01,30.01,0.01
14030,29.53,-0.02,30.01,0.01,30.00,0.01
14040,30.48,0.12,30.02,0.01,30.01,0.01
14050,30.51,0.02,30.03,0.01,30.03,0.01
14060,30.24,0.02,30.03,0.01,30.04,0.01
14070,29.90,0.56,30.03,0.02,30.03,0.03
14080,29.93,0.02,30.03,0.02,30.03,0.03
14090,30.38,0.08,30.03,0.02,30.04,0.03
14100,30.09,-0.03,30.04,0.02,30.04,0.03
14110,29.50,-0.02,30.03,0.02,30.03,0.03
14120,29.67,0.33,30.02,0.03,30.02,0.04
14130,29.84,0.76,30.01,0.04,30.01,0.06
14140,30.09,0.27,30.02,0.04,30.01,0.07
14150,30.15,0.31,30.02,0.05,30.02,0.07
14160,30.14,-0.03,30.02,0.05,30.02,0.07
14170,29.93,-0.54,30.02,0.03,30.02,0.05
14180,29.97,0.07,30.02,0.03,30.02,0.05
14190,29.87,-0.22,30.02,0.03,30.02,0.04
14200,30.43,-0.15,30.03,0.03,30.03,0.04
14210,30.39,0.38,30.03,0.03,30.04,0.05
14220,30.09,0.04,30.03,0.03,30.04,0.05
14230,29.93,0.17,30.03,0.03,30.04,0.05
14240,30.03,0.10,30.03,0.04,30.04,0.05
14250,30.30,-0.00,30.04,0.03,30.05,0.05
14260,30.59,0.24,30.05,0.04,30.06,0.06
14270,29.57,-0.37,30.04,0.03,30.05,0.05
14280,29.72,-0.68,30.03,0.02,30.04,0.02
14290,30.03,-0.06,30.03,0.01,30.04,0.02
14300,29.96,0.29,30.03,0.02,30.04,0.03
14310,30.03,0.19,30.03,0.02,30.04,0.03
14320,29.67,-0.32,30.02,0.02,30.02,0.02
14330,29.23,0.29,30.01,0.02,30.00,0.03
14340,29.81,-0.15,30.00,0.02,29.99,0.03
14350,29.74,-0.15,30.00,0.01,29.99,0.02
14360,29.40,0.34,29.99,0.02,29.97,0.03
14370,29.68,0.38,29.98,0.03,29.96,0.04
14380,30.04,0.65,29.98,0.04,29.96,0.06
14390,30.39,0.13,29.99,0.04,29.97,0.06
14400,30.14,0.25,29.99,0.05,29.98,0.07
14410,29.66,-0.41,29.99,0.04,29.97,0.05
14420,30.34,-1.10,29.99,0.01,29.98,0.02
14430,30.49,0.28,30.00,0.02,29.99,0.03
14440,30.25,0.30,30.01,0.02,30.00,0.04
14450,29.50,-0.17,30.00,0.02,29.99,0.03
14460,30.73,-0.16,30.01,0.02,30.01,0.02
14470,29.88,-0.35,30.01,0.01,30.01,0.01
14480,30.25,0.19,30.02,0.01,30.01,0.02
14490,30.38,0.41,30.02,0.02,30.03,0.03
14500,30.43,0.11,30.03,0.02,30.04,0.03
14510,30.44,0.12,30.04,0.02,30.05,0.03
14520,30.02,-0.57,30.04,0.01,30.05,0.02
14530,29.39,-0.16,30.03,0.01,30.03,0.01
14540,30.09,0.26,30.03,0.01,30.03,0.02
14550,30.09,0.20,30.03,0.02,30.04,0.02
14560,30.04,-0.07,30.03,0.01,30.04,0.02
14570,30.11,0.21,30.03,0.02,30.04,0.03
14580,29.85,-0.31,30.03,0.01,30.03,0.02
14590,30.25,-0.18,30.04,0.01,30.04,0.01
14600,29.98,-0.07,30.03,0.00,30.04,0.01
14610,30.51,0.01,30.04,0.00,30.05,0.01
14620,29.53,0.43,30.03,0.01,30.04,0.02
14630,30.01,0.24,30.03,0.02,30.04,0.03
14640,30.21,-0.17,30.04,0.01,30.04,0.02
14650,29.68,-0.41,30.03,0.00,30.03,0.00
14660,29.88,-0.15,30.03,0.00,30.03,-0.00
14670,29.87,0.12,30.02,0.00,30.02,0.00
14680,30.15,0.19,30.03,0.01,30.03,0.01
14690,29.78,0.08,30.02,0.01,30.02,0.01
14700,30.30,0.52,30.03,0.02,30.03,0.03
14710,30.13,0.06,30.03,0.02,30.03,0.03
14720,30.14,0.11,30.03,0.02,30.03,0.03
14730,29.57,0.15,30.02,0.02,30.02,0.04
14740,29.84,0.34,30.02,0.03,30.01,0.04
14750,30.04,0.16,30.02,0.03,30.02,0.05
14760,30.22,0.08,30.02,0.03,30.02,0.05
14770,30.29,0.43,30.03,0.04,30.03,0.06
14780,30.25,0.20,30.03,0.05,30.04,0.07
14790,29.43,-0.20,30.02,0.04,30.02,0.06
14800,29.93,-0.29,30.02,0.03,30.02,0.05
14810,29.71,-0.29,30.01,0.03,30.01,0.04
14820,29.74,-0.04,30.01,0.02,30.00,0.03
14830,29.83,-0.44,30.01,0.01,29.99,0.02
14840,29.97,0.14,30.00,0.02,29.99,0.02
14850,29.60,0.14,30.00,0.02,29.98,0.03
14860,29.58,0.19,29.99,0.02,29.97,0.03
14870,29.95,0.22,29.99,0.03,29.97,0.04
14880,29.96,-0.15,29.99,0.02,29.97,0.03
14890,30.15,-0.07,29.99,0.02,29.97,0.03
14900,30.19,-0.05,30.00,0.02,29.98,0.03
14910,29.97,0.15,30.00,0.02,29.98,0.03
14920,29.64,-0.19,29.99,0.02,29.97,0.02
14930,29.76,-0.00,29.98,0.02,29.96,0.02
14940,29.69,0.69,29.98,0.03,29.95,0.04
14950,30.16,0.14,29.98,0.03,29.96,0.05
14960,30.32,0.24,29.99,0.04,29.97,0.05
14970,29.57,-0.26,29.98,0.03,29.95,0.04
14980,30.19,0.38,29.98,0.04,29.96,0.05
14990,29.67,0.25,29.98,0.04,29.95,0.06
15000,29.66,-0.49,29.97,0.03,29.94,0.05
15010,29.94,0.09,29.97,0.03,29.94,0.05
15020,29.31,-0.09,29.96,0.03,29.92,0.04
15030,29.49,0.08,29.95,0.03,29.91,0.04
15040,29.96,0.01,29.95,0.03,29.91,0.04
15050,30.39,-0.71,29.96,0.02,29.92,0.02
15060,30.47,0.57,29.97,0.03,29.94,0.04
15070,29.99,-0.15,29.97,0.02,29.94,0.03
15080,30.35,0.26,29.98,0.03,29.95,0.04
15090,29.74,0.18,29.97,0.03,29.94,0.04
15100,30.14,-0.39,29.98,0.02,29.95,0.03
15110,30.08,0.14,29.98,0.02,29.95,0.03
15120,29.93,-0.19,29.98,0.02,29.95,0.03
15130,30.21,0.07,29.98,0.02,29.96,0.03
15140,29.68,-0.43,29.98,0.01,29.95,0.02
15150,29.84,0.52,29.98,0.02,29.95,0.03
15160,29.99,-0.38,29.98,0.02,29.95,0.02
15170,29.58,0.55,29.97,0.03,29.94,0.03
15180,30.38,-0.45,29.98,0.02,29.95,0.02
15190,29.89,-0.41,29.98,0.01,29.95,0.01
15200,30.11,-0.24,29.98,0.00,29.95,-0.00
15210,30.79,0.09,29.99,0.00,29.98,0.00
15220,30.19,-0.21,30.00,0.00,29.98,-0.01
15230,29.67,-0.05,29.99,-0.00,29.97,-0.01
15240,30.68,-0.21,30.00,-0.01,29.99,-0.01
15250,29.64,-0.65,30.00,-0.02,29.98,-0.03
15260,29.54,-0.03,29.99,-0.02,29.97,-0.03
15270,30.76,0.46,30.00,-0.01,29.99,-0.02
15280,30.20,0.24,30.01,-0.00,30.00,-0.01
15290,30.15,-0.07,30.01,-0.00,30.01,-0.01
15300,29.76,-0.48,30.01,-0.01,30.00,-0.03
15310,29.99,0.54,30.01,-0.00,30.00,-0.01
15320,29.54,-0.40,30.00,-0.01,29.98,-0.02
15330,29.83,-0.58,29.99,-0.02,29.98,-0.04
15340,29.80,-0.24,29.99,-0.03,29.97,-0.05
15350,30.67,0.40,30.00,-0.02,30.00,-0.03
15360,30.27,-0.15,30.01,-0.02,30.00,-0.04
15370,30.25,0.45,30.01,-0.01,30.01,-0.02
15380,30.67,0.01,30.03,-0.01,30.03,-0.02
15390,30.16,-0.40,30.03,-0.02,30.03,-0.04
15400,30.49,0.67,30.04,-0.01,30.05,-0.01
15410,29.91,-0.05,30.04,-0.01,30.04,-0.02
15420,30.28,-0.06,30.04,-0.01,30.05,-0.02
15430,30.39,-0.18,30.05,-0.01,30.06,-0.02
15440,29.72,-0.01,30.04,-0.01,30.06,-0.02
15450,30.15,0.25,30.04,-0.01,30.06,-0.02
15460,29.43,-0.07,30.03,-0.01,30.04,-0.02
15470,29.34,0.48,30.02,0.00,30.02,-0.00
15480,29.51,-0.64,30.01,-0.01,30.00,-0.02
15490,30.56,0.35,30.02,-0.00,30.02,-0.01
15500,29.99,-0.09,30.02,-0.01,30.02,-0.01
15510,29.69,0.17,30.01,-0.00,30.01,-0.01
15520,30.16,-0.19,30.02,-0.01,30.02,-0.01
15530,29.87,-0.33,30.01,-0.01,30.01,-0.02
15540,29.98,0.08,30.01,-0.01,30.01,-0.02
15550,29.86,-0.03,30.01,-0.01,30.01,-0.02
15560,29.68,-0.12,30.00,-0.01,30.00,-0.03
15570,30.05,-0.29,30.01,-0.02,30.00,-0.03
15580,29.57,-0.21,30.00,-0.02,29.99,-0.04
15590,30.29,-0.11,30.00,-0.02,30.00,-0.04
15600,30.03,0.19,30.00,-0.02,30.00,-0.04
15610,29.80,-0.13,30.00,-0.02,29.99,-0.04
15620,30.03,-0.71,30.00,-0.04,29.99,-0.06
15630,30.59,-0.00,30.01,-0.04,30.01,-0.06
15640,30.14,0.09,30.02,-0.04,30.01,-0.06
15650,29.66,-0.04,30.01,-0.04,30.00,-0.06
15660,30.65,-0.21,30.02,-0.04,30.02,-0.06
15670,30.45,0.04,30.03,-0.04,30.03,-0.06
15680,30.02,-0.33,30.03,-0.04,30.03,-0.07
15690,30.27,-0.04,30.03,-0.04,30.04,-0.07
15700,29.69,-0.29,30.03,-0.05,30.03,-0.07
15710,31.04,0.22,30.05,-0.04,30.06,-0.07
15720,29.69,0.47,30.04,-0.03,30.05,-0.05
15730,29.98,0.02,30.04,-0.03,30.05,-0.05
15740,30.46,0.04,30.05,-0.03,30.06,-0.05
15750,29.50,-0.17,30.04,-0.03,30.05,-0.05
15760,29.56,-0.13,30.03,-0.03,30.03,-0.05
15770,29.92,-0.17,30.03,-0.04,30.03,-0.06
15780,30.70,0.14,30.04,-0.03,30.05,-0.05
15790,30.08,0.08,30.04,-0.03,30.05,-0.05
15800,30.58,-0.21,30.05,-0.03,30.07,-0.05
15810,30.18,-0.18,30.06,-0.04,30.07,-0.06
15820,30.55,-0.13,30.07,-0.04,30.09,-0.06
15830,29.26,0.21,30.05,-0.03,30.06,-0.05
15840,29.72,-0.40,30.04,-0.04,30.05,-0.06
15850,29.62,0.08,30.03,-0.04,30.04,-0.06
15860,29.32,0.02,30.02,-0.04,30.02,-0.06
15870,29.44,0.17,30.01,-0.03,30.00,-0.05
15880,30.09,0.31,30.01,-0.03,30.00,-0.04
15890,30.00,-0.14,30.01,-0.03,30.00,-0.04
15900,30.16,-0.43,30.01,-0.04,30.01,-0.06
15910,29.75,-0.49,30.01,-0.05,30.00,-0.07
15920,29.76,0.86,30.00,-0.03,29.99,-0.04
15930,30.02,-0.32,30.00,-0.03,29.99,-0.05
15940,29.59,0.42,30.00,-0.02,29.98,-0.04
15950,29.96,-0.37,30.00,-0.03,29.98,-0.05
15960,29.61,0.65,29.99,-0.02,29.97,-0.03
15970,30.00,0.11,29.99,-0.02,29.97,-0.02
15980,30.61,-0.17,30.00,-0.02,29.99,-0.03
15990,29.63,-0.08,29.99,-0.02,29.98,-0.03
16000,29.72,-0.15,29.99,-0.02,29.97,-0.03
16010,29.78,-0.26,29.98,-0.03,29.96,-0.04
16020,30.36,-0.97,29.99,-0.05,29.97,-0.07
16030,29.44,-0.25,29.98,-0.05,29.96,-0.08
16040,30.50,-0.25,29.99,-0.05,29.97,-0.08
16050,30.89,-0.21,30.01,-0.06,30.00,-0.09
16059,29.72,0.10,30.00,-0.06,29.99,-0.08
16070,29.92,-0.34,30.00,-0.06,29.99,-0.09
16080,30.04,-0.51,30.00,-0.07,29.99,-0.10
16090,30.05,0.46,30.00,-0.06,29.99,-0.09
16100,29.98,0.45,30.00,-0.05,29.99,-0.07
16110,29.78,-0.16,30.00,-0.05,29.99,-0.07
16120,30.27,0.10,30.00,-0.05,29.99,-0.07
16129,30.65,0.06,30.02,-0.04,30.01,-0.06
16140,30.06,0.02,30.02,-0.04,30.01,-0.06
16149,29.39,-0.19,30.01,-0.05,30.00,-0.07
16160,30.17,0.34,30.01,-0.04,30.00,-0.05
16170,30.04,-0.48,30.01,-0.05,30.00,-0.07
16180,29.63,-0.14,30.00,-0.05,29.99,-0.07
16190,30.08,-0.07,30.00,-0.05,29.99,-0.07
16200,30.09,0.26,30.00,-0.04,30.00,-0.06
16210,30.49,-0.06,30.02,-0.04,30.01,-0.06
16219,29.69,-0.39,30.01,-0.05,30.00,-0.07
16230,30.20,0.17,30.01,-0.04,30.01,-0.06
16240,30.01,-0.06,30.01,-0.04,30.01,-0.06
16250,29.87,-0.24,30.01,-0.05,30.00,-0.07
16260,30.08,-0.41,30.01,-0.06,30.01,-0.08
16270,29.47,0.44,30.00,-0.05,29.99,-0.07
16280,30.01,0.32,30.00,-0.04,29.99,-0.05
16290,29.93,0.39,30.00,-0.03,29.99,-0.04
16300,29.90,-0.24,30.00,-0.03,29.98,-0.05
16309,30.18,-0.09,30.00,-0.04,29.99,-0.05
16320,30.49,-0.09,30.01,-0.04,30.01,-0.05
16330,29.84,0.77,30.01,-0.02,30.00,-0.03
16340,29.76,0.41,30.00,-0.01,29.99,-0.01
16350,30.14,0.02,30.01,-0.01,30.00,-0.01
16360,30.26,-0.02,30.01,-0.01,30.01,-0.01
16370,30.06,0.00,30.01,-0.01,30.01,-0.01
16379,30.14,0.21,30.02,-0.01,30.01,-0.00
16390,29.57,-0.45,30.01,-0.02,30.00,-0.02
16400,30.11,-0.08,30.01,-0.02,30.00,-0.02
16410,30.34,-0.02,30.02,-0.02,30.01,-0.02
16420,30.48,0.27,30.03,-0.01,30.03,-0.01
16430,30.17,-0.23,30.03,-0.02,30.03,-0.02
16440,30.38,0.12,30.04,-0.01,30.04,-0.01
16450,29.94,-0.01,30.04,-0.01,30.04,-0.01
16460,29.70,0.40,30.03,-0.01,30.03,-0.00
16470,29.83,0.68,30.03,0.01,30.03,0.02
16480,30.20,0.08,30.03,0.01,30.03,0.02
16490,30.04,-0.20,30.03,0.01,30.03,0.02
16500,30.38,0.39,30.04,0.01,30.04,0.03
16510,29.87,0.12,30.03,0.02,30.04,0.03
16520,29.85,0.31,30.03,0.02,30.03,0.04
16530,30.31,-0.34,30.04,0.01,30.04,0.03
16540,29.40,-0.19,30.02,0.01,30.02,0.02
16550,30.31,-0.33,30.03,0.00,30.03,0.01
16560,30.72,0.17,30.04,0.01,30.05,0.02
16570,29.68,-0.09,30.04,0.00,30.04,0.01
16580,29.30,0.11,30.02,0.01,30.02,0.02
16590,29.82,0.27,30.02,0.01,30.01,0.03
16600,30.19,0.19,30.02,0.01,30.02,0.03
16610,29.87,-0.33,30.02,0.01,30.01,0.02
16620,29.94,0.29,30.02,0.01,30.01,0.03
16630,29.43,0.15,30.01,0.02,29.99,0.03
16640,29.80,-0.35,30.00,0.01,29.99,0.02
16650,30.16,0.04,30.01,0.01,29.99,0.02
16660,29.76,0.38,30.00,0.02,29.99,0.04
16670,29.33,0.19,29.99,0.02,29.97,0.04
16680,30.00,-0.11,29.99,0.02,29.97,0.04
16690,30.66,0.06,30.00,0.02,29.99,0.04
16700,30.59,-0.24,30.01,0.01,30.01,0.03
16710,30.43,0.98,30.02,0.03,30.02,0.06
16720,30.21,-0.42,30.03,0.02,30.02,0.04
16730,30.24,0.53,30.03,0.03,30.03,0.06
16740,29.87,-0.02,30.03,0.03,30.03,0.06
16750,29.35,-0.42,30.01,0.02,30.01,0.04
16760,29.60,0.26,30.00,0.03,29.99,0.05
16770,29.94,0.47,30.00,0.03,29.99,0.06
16780,30.39,-0.14,30.01,0.03,30.00,0.06
16790,29.92,-0.25,30.01,0.03,30.00,0.05
16800,30.31,-0.23,30.02,0.02,30.01,0.04
16810,30.38,0.51,30.03,0.03,30.02,0.06
16820,30.32,-0.13,30.03,0.03,30.03,0.05
16830,29.68,0.05,30.02,0.03,30.02,0.05
16840,29.82,0.07,30.02,0.03,30.02,0.05
16850,30.02,0.44,30.02,0.03,30.02,0.06
16860,29.86,-0.33,30.02,0.03,30.01,0.05
16870,30.28,-0.53,30.02,0.01,30.02,0.03
16880,29.15,0.43,30.01,0.02,29.99,0.05
16890,29.92,0.16,30.00,0.03,29.99,0.05
16900,29.89,-0.23,30.00,0.02,29.99,0.04
16910,29.70,0.34,30.00,0.03,29.98,0.05
16920,30.14,0.04,30.00,0.03,29.98,0.05
16930,30.24,0.21,30.00,0.03,29.99,0.06
16940,30.07,-0.36,30.01,0.02,29.99,0.04
16950,29.75,-0.44,30.00,0.01,29.99,0.03
16960,29.34,-0.43,29.99,0.00,29.97,0.02
16970,30.06,0.35,29.99,0.01,29.97,0.03
16980,30.58,-0.36,30.00,0.00,29.99,0.01
16990,29.90,0.11,30.00,0.01,29.98,0.02
17000,30.65,0.84,30.01,0.02,30.00,0.04
17010,30.79,0.16,30.03,0.02,30.03,0.05
17020,29.48,-0.17,30.02,0.02,30.01,0.04
17030,29.86,0.18,30.02,0.02,30.01,0.04
17040,30.66,-0.51,30.03,0.01,30.03,0.03
17050,30.36,0.13,30.04,0.01,30.04,0.03
17060,30.05,-0.01,30.04,0.01,30.04,0.03
17070,30.06,-0.22,30.04,0.01,30.04,0.02
17080,30.26,-0.44,30.04,0.00,30.05,0.01
17090,29.74,-0.12,30.04,-0.00,30.04,0.01
17100,30.71,-0.37,30.05,-0.01,30.06,-0.00
17110,29.86,0.01,30.05,-0.01,30.05,-0.00
17120,30.03,0.39,30.05,-0.00,30.05,0.01
17130,30.24,-0.35,30.05,-0.01,30.06,-0.00
17140,29.91,0.01,30.05,-0.01,30.06,-0.00
17150,30.14,-0.14,30.05,-0.01,30.06,-0.01
17160,30.39,-0.17,30.06,-0.01,30.07,-0.01
17170,29.98,-0.08,30.06,-0.01,30.07,-0.01
17180,30.01,-0.11,30.06,-0.02,30.07,-0.02
17190,30.07,-0.49,30.06,-0.03,30.07,-0.03
17200,29.80,0.16,30.05,-0.02,30.06,-0.03
17210,30.25,-0.04,30.05,-0.02,30.07,-0.03
17220,29.97,-0.29,30.05,-0.03,30.06,-0.03
17230,30.18,-0.52,30.06,-0.04,30.07,-0.05
17240,30.17,-0.42,30.06,-0.04,30.07,-0.06
17250,29.02,-0.29,30.04,-0.05,30.04,-0.07
17260,30.41,0.12,30.04,-0.05,30.05,-0.06
17270,29.71,-0.21,30.04,-0.05,30.04,-0.07
17280,29.38,-0.32,30.03,-0.06,30.02,-0.08
17290,30.45,-0.19,30.03,-0.06,30.03,-0.08
17300,30.28,-0.13,30.04,-0.06,30.04,-0.08
17310,30.36,-0.13,30.05,-0.06,30.05,-0.09
17320,30.15,0.05,30.05,-0.06,30.05,-0.08
17330,29.71,0.35,30.04,-0.05,30.04,-0.07
17340,29.68,-0.07,30.03,-0.05,30.03,-0.07
17350,29.68,0.33,30.03,-0.04,30.02,-0.06
17360,29.72,0.46,30.02,-0.03,30.01,-0.04
17370,29.81,0.03,30.02,-0.03,30.01,-0.04
17380,29.68,0.11,30.01,-0.03,30.00,-0.04
17390,30.50,0.06,30.02,-0.03,30.01,-0.03
17400,29.67,-0.12,30.01,-0.03,30.00,-0.04
17410,29.65,-0.33,30.01,-0.03,29.99,-0.05
17420,30.37,-0.06,30.01,-0.03,30.00,-0.05
17430,29.99,-0.44,30.01,-0.04,30.00,-0.06
17440,30.29,-0.51,30.02,-0.05,30.01,-0.07
17450,30.06,0.31,30.02,-0.04,30.01,-0.06
17460,30.07,-0.10,30.02,-0.05,30.02,-0.06
17470,29.42,0.25,30.01,-0.04,30.00,-0.06
17480,29.78,0.30,30.01,-0.04,29.99,-0.05
17490,30.40,-0.11,30.02,-0.04,30.00,-0.05
17500,29.53,-0.00,30.01,-0.04,29.99,-0.05
17510,30.13,-0.17,30.01,-0.04,29.99,-0.05
17520,29.57,-0.06,30.00,-0.04,29.98,-0.05
17530,30.75,0.27,30.02,-0.04,30.00,-0.04
17540,30.18,-0.02,30.02,-0.03,30.01,-0.04
17550,29.86,-0.43,30.02,-0.04,30.00,-0.05
17560,30.69,0.24,30.03,-0.04,30.02,-0.05
17570,29.90,0.32,30.03,-0.03,30.02,-0.03
17580,30.66,0.22,30.04,-0.02,30.04,-0.03
17590,30.00,0.02,30.04,-0.02,30.04,-0.03
17600,29.40,0.60,30.03,-0.01,30.02,-0.01
17610,29.27,-0.63,30.01,-0.02,30.00,-0.03
17620,29.59,0.20,30.00,-0.02,29.98,-0.02
17630,30.30,0.04,30.01,-0.02,29.99,-0.02
17640,29.27,0.25,30.00,-0.01,29.97,-0.01
17650,29.70,0.02,29.99,-0.01,29.96,-0.01
17660,29.70,-0.26,29.98,-0.02,29.95,-0.02
17670,29.80,0.07,29.98,-0.01,29.95,-0.01
17680,30.41,0.46,29.99,-0.00,29.96,0.00
17690,29.99,0.27,29.99,0.00,29.96,0.01
17700,30.17,0.06,29.99,0.00,29.97,0.01
17710,30.18,-0.18,30.00,-0.00,29.97,0.01
17720,30.07,0.23,30.00,0.00,29.98,0.01
17730,30.11,0.38,30.00,0.01,29.98,0.03
17740,29.47,-0.18,29.99,0.01,29.96,0.02
17750,30.08,-0.09,29.99,0.00,29.97,0.02
17760,29.93,-0.14,29.99,0.00,29.97,0.01
17770,30.25,0.66,30.00,0.01,29.97,0.03
17780,29.52,-0.80,29.99,-0.00,29.96,0.01
17790,30.91,0.10,30.00,-0.00,29.99,0.01
17800,30.88,-0.51,30.02,-0.01,30.02,-0.01
17810,29.86,0.29,30.02,-0.01,30.01,0.00
17820,29.95,-0.46,30.02,-0.02,30.01,-0.01
17830,30.26,-0.08,30.02,-0.02,30.02,-0.01
17840,30.18,-0.44,30.03,-0.03,30.02,-0.03
17850,29.97,0.44,30.03,-0.02,30.02,-0.01
17860,29.31,0.64,30.01,-0.00,30.00,0.01
17870,30.25,0.32,30.02,0.00,30.01,0.02
17880,29.91,-0.01,30.01,0.00,30.00,0.01
17890,30.01,-0.10,30.01,-0.00,30.00,0.01
17900,30.07,-0.27,30.02,-0.01,30.00,0.00
17910,30.40,0.25,30.02,-0.00,30.02,0.01
17920,29.39,0.51,30.01,0.01,30.00,0.03
17930,29.53,-0.56,30.00,-0.00,29.98,0.01
17940,30.32,0.07,30.01,-0.00,29.99,0.01
17950,29.73,0.22,30.00,0.00,29.99,0.02
17960,30.07,0.15,30.00,0.01,29.99,0.02
17970,29.64,0.03,30.00,0.01,29.98,0.02
17980,29.66,-0.50,29.99,-0.00,29.97,0.01
17990,29.98,0.55,29.99,0.01,29.97,0.02
18000,29.87,-0.25,29.99,0.00,29.96,0.01
18010,30.49,0.13,29.90,0.00,29.88,0.02
18020,29.64,0.08,29.80,0.01,29.78,0.02
18030,28.88,0.23,29.68,0.01,29.65,0.03
18040,30.50,-0.25,29.60,0.00,29.58,0.02
18050,27.68,0.22,29.46,0.01,29.43,0.03
18060,30.08,-0.13,29.38,0.01,29.35,0.02
18070,28.84,-0.30,29.27,-0.00,29.24,0.01
18080,28.87,-0.01,29.16,-0.00,29.13,0.01
18090,28.23,-0.11,29.05,-0.00,29.00,0.01
18100,28.51,0.30,28.94,0.00,28.89,0.02
18110,29.07,0.06,28.84,0.00,28.80,0.02
18120,29.21,0.09,28.75,0.00,28.71,0.02
18130,27.18,-0.38,28.62,-0.00,28.57,0.01
18140,28.19,0.60,28.52,0.01,28.46,0.03
18150,27.53,0.44,28.40,0.02,28.33,0.04
18160,29.01,-0.05,28.32,0.01,28.25,0.04
18170,28.37,-0.08,28.22,0.01,28.16,0.03
18180,28.06,-0.28,28.12,0.01,28.06,0.02
18190,27.63,-0.05,28.01,0.00,27.94,0.02
18200,27.73,0.04,27.91,0.01,27.84,0.02
18210,27.41,0.37,27.80,0.01,27.73,0.03
18220,27.50,-0.16,27.69,0.01,27.62,0.03
18230,27.46,0.33,27.59,0.01,27.52,0.04
18240,27.61,-0.23,27.49,0.01,27.42,0.03
18250,27.15,0.00,27.39,0.01,27.32,0.03
18260,26.96,-0.32,27.28,0.00,27.21,0.02
18270,26.17,0.52,27.16,0.01,27.07,0.03
18280,28.67,-0.03,27.09,0.01,27.02,0.03
18290,26.29,0.09,26.98,0.01,26.90,0.03
18300,27.00,-0.15,26.88,0.01,26.81,0.03
18310,26.47,0.31,26.78,0.02,26.70,0.04
18320,27.18,0.22,26.69,0.02,26.62,0.04
18330,25.92,0.36,26.57,0.03,26.50,0.05
18340,26.87,0.26,26.48,0.03,26.41,0.06
18350,26.50,-0.05,26.38,0.03,26.31,0.06
18360,26.42,0.16,26.29,0.03,26.22,0.06
18370,27.30,-0.22,26.21,0.03,26.15,0.05
18380,24.16,0.08,26.07,0.03,25.99,0.05
18390,25.83,-0.28,25.97,0.02,25.89,0.04
18400,25.90,-0.01,25.87,0.02,25.79,0.04
18410,26.14,0.08,25.78,0.02,25.70,0.05
18420,25.31,-0.12,25.67,0.02,25.59,0.04
18430,26.65,0.86,25.59,0.04,25.53,0.07
18440,25.97,0.33,25.50,0.04,25.44,0.08
18450,24.80,-0.28,25.39,0.04,25.33,0.07
18460,25.37,0.19,25.29,0.04,25.23,0.07
18470,25.32,-0.20,25.20,0.03,25.13,0.06
18480,25.81,-0.05,25.11,0.03,25.06,0.06
18490,25.07,0.12,25.01,0.03,24.96,0.06
18500,24.06,0.34,24.90,0.04,24.84,0.07
18510,26.23,0.56,24.82,0.05,24.78,0.09
18520,25.72,0.22,24.75,0.05,24.71,0.09
18530,25.75,-0.23,24.67,0.05,24.65,0.08
18540,24.35,0.28,24.56,0.05,24.54,0.09
18550,23.68,-0.08,24.45,0.05,24.42,0.08
18560,21.62,0.10,24.29,0.05,24.24,0.09
18570,25.15,0.20,24.21,0.05,24.17,0.09
18580,25.36,0.27,24.14,0.06,24.10,0.10
18590,23.48,-0.05,24.03,0.06,23.99,0.09
18600,23.96,0.17,23.93,0.06,23.89,0.10
18610,22.64,-0.58,23.80,0.05,23.75,0.08
18620,22.83,0.57,23.69,0.06,23.63,0.09
18630,23.20,-0.03,23.58,0.05,23.52,0.09
18640,22.70,-0.68,23.47,0.04,23.39,0.07
18650,24.12,0.29,23.38,0.04,23.32,0.07
18660,23.65,0.00,23.29,0.04,23.23,0.07
18670,24.10,0.06,23.21,0.04,23.16,0.07
18680,22.72,-0.27,23.10,0.04,23.05,0.06
18690,23.42,0.23,23.01,0.04,22.96,0.07
18700,23.57,-0.29,22.92,0.04,22.88,0.06
18710,22.87,-0.08,22.82,0.03,22.78,0.05
18720,23.93,-0.68,22.75,0.02,22.72,0.03
18730,22.65,-0.02,22.65,0.02,22.62,0.03
18740,23.77,0.33,22.57,0.02,22.56,0.04
18750,22.63,0.20,22.47,0.03,22.46,0.04
18760,22.10,0.40,22.37,0.03,22.36,0.06
18770,23.40,0.26,22.29,0.04,22.29,0.06
18780,22.01,0.08,22.19,0.04,22.19,0.06
18790,22.51,-0.43,22.09,0.03,22.10,0.05
18800,22.91,-0.10,22.01,0.03,22.03,0.04
18810,20.90,0.40,21.89,0.03,21.90,0.06
18820,20.05,0.08,21.76,0.04,21.74,0.06
18830,23.10,0.29,21.69,0.04,21.69,0.06
18840,21.88,-0.20,21.59,0.04,21.60,0.06
18850,22.82,0.06,21.52,0.04,21.54,0.06
18860,20.94,0.02,21.41,0.03,21.43,0.05
18870,21.40,-0.47,21.31,0.02,21.33,0.04
18880,20.65,0.03,21.20,0.02,21.21,0.04
18890,21.38,-0.11,21.11,0.02,21.12,0.03
18900,20.90,0.02,21.01,0.02,21.02,0.03
18910,21.57,-0.48,20.92,0.01,20.94,0.02
18920,21.94,0.05,20.84,0.01,20.87,0.02
18930,21.44,-0.31,20.76,0.00,20.79,0.01
18940,21.39,-0.38,20.67,-0.00,20.72,-0.00
18950,19.94,0.04,20.56,-0.00,20.60,-0.00
18960,20.46,-0.11,20.46,-0.00,20.50,-0.01
18970,19.88,-0.00,20.35,-0.00,20.38,-0.01
18980,19.37,0.17,20.23,0.00,20.26,0.00
18990,20.24,0.39,20.13,0.01,20.16,0.01
19000,19.58,-0.10,20.03,0.01,20.05,0.01
19010,20.43,-0.06,19.94,0.01,19.96,0.01
19020,21.43,-0.03,19.87,0.00,19.91,0.01
19030,20.70,0.20,19.79,0.01,19.84,0.01
19040,20.01,-0.77,19.69,-0.01,19.75,-0.01
19050,19.97,0.36,19.60,-0.00,19.66,-0.00
19060,20.57,-0.02,19.52,-0.00,19.60,-0.00
19070,18.92,0.33,19.41,0.01,19.48,0.01
19080,19.70,0.05,19.32,0.01,19.39,0.01
19090,20.15,-0.10,19.24,0.00,19.32,0.00
19100,18.02,0.19,19.12,0.01,19.19,0.01
19110,18.62,0.14,19.01,0.01,19.08,0.01
19120,17.89,0.24,18.89,0.02,18.94,0.02
19130,19.39,-0.44,18.80,0.01,18.86,0.01
19140,18.76,0.26,18.70,0.01,18.76,0.01
19150,18.29,-0.14,18.59,0.01,18.65,0.01
19160,18.57,0.17,18.50,0.01,18.55,0.01
19170,19.07,-0.02,18.41,0.01,18.47,0.01
19180,18.23,0.68,18.31,0.02,18.37,0.03
19190,19.95,-0.33,18.24,0.02,18.32,0.02
19200,18.02,0.09,18.14,0.02,18.22,0.02
19210,18.31,-0.14,18.05,0.01,18.13,0.02
19220,17.34,-0.08,17.93,0.01,18.01,0.02
19230,17.40,-0.36,17.82,0.01,17.90,0.01
19240,16.73,-0.22,17.70,0.00,17.76,-0.00
19250,15.98,0.06,17.57,0.00,17.61,-0.00
19260,16.11,0.04,17.44,0.00,17.47,0.00
19270,17.70,0.34,17.35,0.01,17.38,0.01
19280,17.23,-0.05,17.25,0.01,17.28,0.01
19290,18.18,0.04,17.17,0.01,17.21,0.01
19300,14.76,-0.26,17.03,0.00,17.04,0.00
19310,17.07,0.47,16.93,0.01,16.95,0.01
19320,16.48,0.05,16.82,0.01,16.84,0.02
19330,18.02,0.21,16.75,0.02,16.78,0.02
19340,16.94,0.10,16.65,0.02,16.69,0.02
19350,16.93,-0.20,16.56,0.01,16.60,0.02
19360,16.63,0.26,16.47,0.02,16.50,0.03
19370,15.96,-0.60,16.36,0.01,16.39,0.01
19380,15.78,-0.14,16.25,0.00,16.27,0.00
19390,15.56,0.41,16.14,0.01,16.16,0.01
19400,16.82,-0.07,16.05,0.01,16.08,0.01
19410,15.09,0.26,15.94,0.01,15.95,0.02
19420,15.96,-0.21,15.84,0.01,15.86,0.01
19430,16.39,0.29,15.75,0.02,15.78,0.02
19440,14.93,0.07,15.64,0.02,15.65,0.02
19450,15.73,-0.12,15.54,0.02,15.56,0.02
19460,14.94,0.02,15.43,0.02,15.45,0.02
19470,14.59,-0.01,15.32,0.01,15.32,0.02
19480,14.52,-0.01,15.20,0.01,15.20,0.02
19490,13.67,0.10,15.07,0.02,15.06,0.02
19500,14.96,-0.25,14.97,0.01,14.96,0.01
19510,14.83,-0.91,14.87,-0.01,14.86,-0.02
19520,13.79,-0.18,14.75,-0.01,14.73,-0.02
19530,14.21,-0.20,14.65,-0.02,14.61,-0.03
19540,13.90,0.19,14.53,-0.01,14.49,-0.02
19550,14.70,0.31,14.44,-0.01,14.40,-0.01
19560,14.26,0.32,14.34,0.00,14.30,-0.00
19570,13.72,-0.08,14.23,-0.00,14.18,-0.01
19580,15.14,-0.39,14.15,-0.01,14.12,-0.02
19590,14.08,-0.06,14.05,-0.01,14.02,-0.02
19600,14.31,0.41,13.96,-0.00,13.93,-0.01
19610,14.82,0.43,13.88,0.01,13.86,0.01
19620,13.20,0.23,13.77,0.01,13.74,0.01
19630,13.86,0.22,13.67,0.02,13.65,0.02
19640,13.05,-0.28,13.56,0.01,13.53,0.01
19650,13.67,0.19,13.46,0.01,13.44,0.02
19660,13.89,0.25,13.37,0.02,13.35,0.02
19670,12.97,0.20,13.27,0.02,13.24,0.03
19680,13.99,-0.46,13.18,0.01,13.17,0.01
19690,14.17,-0.21,13.11,0.01,13.10,0.01
19700,14.69,-0.28,13.04,0.00,13.05,-0.00
19710,13.31,-0.44,12.95,-0.01,12.96,-0.01
19720,12.61,0.59,12.84,0.00,12.86,0.00
19730,11.84,-0.02,12.73,0.00,12.73,0.00
19740,12.48,-0.28,12.62,-0.00,12.63,-0.01
19750,12.80,-0.12,12.53,-0.00,12.53,-0.01
19760,13.21,0.07,12.44,-0.00,12.46,-0.01
19770,12.37,0.42,12.35,0.01,12.36,0.00
19780,12.24,-0.19,12.25,0.00,12.26,-0.00
19790,12.44,-0.34,12.15,-0.01,12.17,-0.01
19800,11.36,0.12,12.04,-0.00,12.05,-0.01
19810,11.99,-0.39,11.94,-0.01,11.95,-0.02
19820,10.82,0.11,11.82,-0.01,11.82,-0.02
19830,11.85,0.05,11.72,-0.01,11.73,-0.01
19840,11.55,0.01,11.62,-0.01,11.62,-0.01
19850,12.23,0.42,11.54,0.00,11.54,0.00
19860,11.65,0.29,11.44,0.01,11.45,0.01
19870,11.85,-0.30,11.35,0.00,11.37,0.00
19880,12.04,0.59,11.27,0.02,11.29,0.02
19890,11.25,0.46,11.17,0.02,11.19,0.03
19900,10.92,-0.02,11.07,0.02,11.09,0.03
19910,10.26,0.27,10.95,0.03,10.97,0.04
19920,9.76,0.05,10.83,0.03,10.83,0.04
19930,9.35,0.07,10.70,0.03,10.69,0.04
19940,10.97,-0.44,10.61,0.02,10.60,0.02
19950,10.30,-0.16,10.51,0.01,10.50,0.02
19960,9.03,0.39,10.38,0.02,10.35,0.03
19970,9.49,-0.23,10.26,0.02,10.23,0.02
19980,10.98,-0.41,10.18,0.01,10.16,0.01
19990,11.32,0.31,10.10,0.01,10.09,0.02
20000,8.98,-0.03,9.98,0.01,9.96,0.02
20010,8.66,0.07,9.86,0.01,9.82,0.02
20020,10.49,-0.03,9.77,0.01,9.75,0.01
20030,9.41,0.53,9.67,0.02,9.64,0.03
20040,10.90,0.76,9.60,0.04,9.58,0.05
20050,11.28,0.00,9.53,0.04,9.54,0.05
20060,9.62,0.36,9.43,0.04,9.44,0.06
20070,9.48,-0.28,9.34,0.04,9.35,0.05
20080,8.95,-0.16,9.23,0.03,9.24,0.05
20090,9.45,0.23,9.14,0.04,9.15,0.05
20100,9.50,0.07,9.05,0.04,9.06,0.05
20110,8.05,0.15,8.93,0.04,8.93,0.06
20120,9.36,-0.25,8.84,0.03,8.85,0.05
20130,9.52,0.17,8.76,0.03,8.78,0.05
20140,7.13,-0.30,8.63,0.03,8.63,0.04
20150,9.45,0.03,8.55,0.03,8.56,0.04
20160,7.94,0.14,8.44,0.03,8.44,0.04
20170,8.77,-0.14,8.34,0.03,8.35,0.04
20180,8.76,0.57,8.26,0.04,8.27,0.05
20190,7.42,0.15,8.14,0.04,8.15,0.06
20200,9.62,0.48,8.07,0.05,8.10,0.07
20210,7.35,-0.16,7.96,0.04,7.98,0.06
20220,7.53,0.02,7.85,0.04,7.87,0.06
20230,7.33,-0.16,7.75,0.04,7.75,0.06
20240,6.89,-0.18,7.63,0.03,7.63,0.05
20250,7.78,-0.52,7.54,0.02,7.54,0.03
20260,6.07,-0.19,7.41,0.02,7.40,0.02
20270,7.50,-0.46,7.31,0.01,7.30,0.01
20280,8.09,0.32,7.23,0.01,7.23,0.02
20290,7.35,-0.36,7.13,0.01,7.14,0.01
20300,7.38,-0.16,7.04,0.00,7.05,0.00
20310,6.12,-0.56,6.93,-0.01,6.92,-0.02
20320,4.94,-0.19,6.79,-0.01,6.76,-0.02
20330,7.20,0.41,6.70,-0.00,6.68,-0.01
20340,5.43,-0.61,6.57,-0.02,6.54,-0.03
20350,5.69,0.29,6.46,-0.01,6.42,-0.02
20360,6.36,0.17,6.36,-0.00,6.32,-0.01
20370,5.94,0.04,6.25,-0.00,6.21,-0.01
20380,6.49,-0.19,6.16,-0.01,6.12,-0.01
20390,6.67,-0.06,6.07,-0.01,6.04,-0.01
20400,5.69,0.68,5.97,0.01,5.93,0.01
20410,6.05,-0.37,5.87,-0.00,5.84,-0.01
20420,4.77,-0.02,5.75,-0.00,5.71,-0.01
20430,6.81,-0.18,5.68,-0.01,5.65,-0.01
20440,5.94,-0.35,5.58,-0.01,5.56,-0.02
20450,5.28,-0.19,5.48,-0.02,5.45,-0.03
20460,4.88,-0.08,5.37,-0.02,5.34,-0.03
20470,5.00,-0.41,5.26,-0.03,5.23,-0.04
20480,5.66,-0.04,5.17,-0.03,5.14,-0.04
20490,5.30,0.25,5.08,-0.02,5.05,-0.04
20500,4.12,0.30,4.96,-0.01,4.93,-0.02
20510,4.69,0.21,4.86,-0.01,4.82,-0.02
20520,4.90,0.42,4.76,-0.00,4.73,-0.01
20530,5.43,-0.36,4.68,-0.01,4.65,-0.02
20540,5.15,-0.09,4.59,-0.01,4.57,-0.02
20550,4.66,-0.06,4.49,-0.01,4.47,-0.02
20560,3.91,0.48,4.39,-0.00,4.36,-0.00
20570,5.73,0.17,4.31,0.00,4.30,0.00
20580,3.74,0.06,4.21,0.00,4.19,0.00
20590,2.86,-0.61,4.08,-0.01,4.05,-0.02
20600,3.32,0.14,3.97,-0.00,3.93,-0.01
20610,2.48,-0.01,3.84,-0.01,3.79,-0.01
20620,2.98,0.04,3.72,-0.00,3.67,-0.01
20630,3.41,-0.03,3.62,-0.00,3.56,-0.01
20640,3.13,-0.57,3.51,-0.02,3.45,-0.03
20650,3.54,0.20,3.42,-0.01,3.36,-0.02
20660,3.12,-0.01,3.31,-0.01,3.25,-0.02
20670,3.11,-0.08,3.21,-0.01,3.15,-0.02
20680,3.85,-0.38,3.13,-0.02,3.07,-0.04
20690,3.46,0.27,3.03,-0.02,2.98,-0.03
20700,2.30,0.20,2.92,-0.01,2.87,-0.02
20710,2.63,0.24,2.82,-0.01,2.76,-0.01
20720,2.68,0.37,2.72,0.00,2.66,-0.00
20730,2.30,0.07,2.61,0.00,2.55,0.00
20740,2.84,-0.00,2.52,0.00,2.46,0.00
20750,2.20,0.07,2.41,0.00,2.35,0.00
20760,3.15,-0.33,2.33,-0.00,2.28,-0.01
20770,1.82,-1.10,2.22,-0.03,2.17,-0.04
20780,3.34,0.20,2.15,-0.02,2.11,-0.03
20790,2.62,-0.64,2.06,-0.03,2.02,-0.05
20800,2.21,-0.63,1.96,-0.04,1.93,-0.07
20810,1.11,0.26,1.85,-0.04,1.81,-0.06
20820,1.74,-0.52,1.75,-0.05,1.71,-0.08
20830,1.29,-0.33,1.64,-0.05,1.60,-0.08
20840,0.75,0.39,1.53,-0.04,1.48,-0.07
20850,0.62,0.40,1.41,-0.04,1.35,-0.06
20860,1.91,-0.85,1.32,-0.05,1.27,-0.08
20870,0.80,0.19,1.22,-0.05,1.16,-0.07
20880,1.00,0.07,1.11,-0.05,1.06,-0.07
20890,1.12,0.41,1.01,-0.04,0.96,-0.06
20900,0.54,0.03,0.91,-0.03,0.85,-0.05
20910,0.68,0.19,0.80,-0.03,0.75,-0.05
20920,1.71,0.21,0.73,-0.03,0.68,-0.04
20930,0.45,-0.13,0.62,-0.03,0.57,-0.04
20940,1.34,0.05,0.54,-0.03,0.50,-0.04
20950,2.35,0.45,0.48,-0.02,0.46,-0.03
20960,1.08,-0.12,0.39,-0.02,0.38,-0.03
20970,-0.35,0.43,0.28,-0.01,0.26,-0.02
20980,0.03,0.29,0.17,-0.00,0.16,-0.01
20990,0.41,-0.10,0.08,-0.01,0.07,-0.01
21000,-0.04,-0.35,-0.02,-0.01,-0.03,-0.02
21010,-0.76,-0.02,-0.03,-0.01,-0.06,-0.02
21020,-0.36,-0.36,-0.04,-0.02,-0.07,-0.03
21030,-0.43,0.21,-0.05,-0.01,-0.08,-0.02
21040,0.05,0.17,-0.05,-0.01,-0.07,-0.02
21050,0.36,-0.10,-0.04,-0.01,-0.06,-0.02
21060,-0.99,-0.17,-0.06,-0.02,-0.09,-0.02
21070,-0.23,-0.14,-0.06,-0.02,-0.10,-0.03
21080,0.42,-0.10,-0.05,-0.02,-0.08,-0.03
21090,-0.07,-0.14,-0.05,-0.02,-0.08,-0.03
21100,0.15,-0.57,-0.05,-0.03,-0.07,-0.05
21110,0.15,-0.43,-0.04,-0.04,-0.07,-0.06
21120,-0.10,0.43,-0.04,-0.03,-0.07,-0.05
21130,-0.01,0.10,-0.04,-0.03,-0.07,-0.04
21140,-0.01,-0.50,-0.04,-0.04,-0.06,-0.06
21150,-0.06,-0.07,-0.04,-0.04,-0.06,-0.06
21160,-0.23,0.13,-0.04,-0.04,-0.07,-0.05
21170,-0.34,0.16,-0.05,-0.03,-0.08,-0.05
21180,-0.19,-0.27,-0.05,-0.04,-0.08,-0.06
21190,-0.26,0.15,-0.06,-0.04,-0.09,-0.05
21200,0.46,-0.44,-0.05,-0.04,-0.07,-0.06
21210,0.28,0.04,-0.04,-0.04,-0.06,-0.06
21220,0.88,-0.12,-0.02,-0.04,-0.03,-0.06
21230,-0.34,-0.01,-0.03,-0.04,-0.04,-0.06
21240,0.12,-0.05,-0.02,-0.04,-0.04,-0.06
21250,-0.20,-0.09,-0.03,-0.04,-0.04,-0.06
21260,-0.04,0.12,-0.03,-0.04,-0.04,-0.06
21270,0.23,0.51,-0.02,-0.03,-0.03,-0.04
21280,0.62,0.18,-0.01,-0.03,-0.01,-0.04
21290,-0.63,-0.20,-0.02,-0.03,-0.03,-0.04
21300,0.01,-0.14,-0.02,-0.03,-0.03,-0.05
21310,-0.51,-0.15,-0.03,-0.04,-0.04,-0.05
21320,-0.19,0.23,-0.03,-0.03,-0.05,-0.04
21330,0.17,-0.58,-0.03,-0.04,-0.04,-0.06
21340,-0.41,0.16,-0.03,-0.04,-0.05,-0.05
21350,-0.14,-0.31,-0.04,-0.04,-0.06,-0.06
21360,-0.10,-0.20,-0.04,-0.05,-0.06,-0.06
21370,-0.04,-0.00,-0.04,-0.04,-0.06,-0.06
21380,-0.06,-0.17,-0.04,-0.05,-0.06,-0.07
21390,-0.15,-0.27,-0.04,-0.05,-0.06,-0.07
21400,-0.06,-0.02,-0.04,-0.05,-0.06,-0.07
21410,-0.15,-0.00,-0.04,-0.05,-0.06,-0.07
21420,-0.13,-0.33,-0.04,-0.06,-0.06,-0.08
21430,0.34,-0.23,-0.03,-0.06,-0.05,-0.08
21440,-0.33,0.48,-0.04,-0.05,-0.06,-0.07
21450,0.12,-0.20,-0.03,-0.05,-0.05,-0.07
21460,0.03,0.14,-0.03,-0.05,-0.05,-0.07
21470,-0.20,0.26,-0.04,-0.04,-0.06,-0.06
21480,0.03,-0.25,-0.04,-0.05,-0.05,-0.06
21490,0.03,0.44,-0.03,-0.04,-0.05,-0.05
21500,0.75,-0.03,-0.02,-0.04,-0.03,-0.05
21510,-0.13,-0.21,-0.02,-0.04,-0.03,-0.05
21520,0.31,-0.61,-0.01,-0.05,-0.02,-0.07
21530,-0.41,-0.15,-0.02,-0.05,-0.03,-0.07
21540,-0.30,0.14,-0.03,-0.05,-0.04,-0.07
21550,-0.51,0.10,-0.04,-0.05,-0.05,-0.06
21560,0.62,0.13,-0.02,-0.04,-0.03,-0.06
21570,-0.03,-0.12,-0.02,-0.05,-0.03,-0.06
21580,0.02,-0.17,-0.02,-0.05,-0.03,-0.06
21590,-0.23,0.42,-0.02,-0.04,-0.04,-0.05
21600,-0.31,-0.25,-0.03,-0.04,-0.04,-0.06
21610,0.24,-0.03,-0.02,-0.04,-0.04,-0.05
21620,0.33,-0.77,-0.02,-0.06,-0.02,-0.08
21630,0.66,-0.10,-0.00,-0.06,-0.00,-0.08
21640,0.03,-0.19,-0.00,-0.06,-0.00,-0.08
21650,-0.20,0.02,-0.01,-0.06,-0.01,-0.08
21660,-0.21,0.09,-0.01,-0.06,-0.01,-0.08
21670,-0.30,-0.25,-0.02,-0.06,-0.02,-0.08
21680,0.23,-0.16,-0.01,-0.07,-0.01,-0.09
21690,-0.55,-0.30,-0.02,-0.07,-0.03,-0.09
21700,0.16,0.11,-0.02,-0.07,-0.03,-0.09
21710,-0.25,-0.11,-0.02,-0.07,-0.03,-0.09
21720,-0.49,0.18,-0.03,-0.06,-0.05,-0.08
21730,-0.40,0.14,-0.04,-0.06,-0.06,-0.07
21740,-0.40,0.36,-0.05,-0.05,-0.07,-0.06
21750,0.19,-0.32,-0.04,-0.06,-0.06,-0.07
21760,-0.01,-0.35,-0.04,-0.06,-0.06,-0.08
21770,0.01,0.11,-0.04,-0.06,-0.06,-0.07
21780,0.40,0.04,-0.03,-0.06,-0.04,-0.07
21790,-0.21,-0.11,-0.03,-0.06,-0.05,-0.07
21800,0.59,0.37,-0.02,-0.05,-0.03,-0.06
21810,-0.56,0.39,-0.03,-0.04,-0.04,-0.04
21820,-0.19,0.15,-0.03,-0.04,-0.05,-0.04
21830,0.21,0.36,-0.03,-0.03,-0.04,-0.03
21840,0.08,0.19,-0.03,-0.02,-0.04,-0.02
21850,-0.46,0.34,-0.04,-0.02,-0.05,-0.01
21860,-0.13,-0.61,-0.04,-0.03,-0.05,-0.03
21870,-0.46,-0.16,-0.05,-0.03,-0.07,-0.03
21880,-0.06,-0.24,-0.05,-0.04,-0.07,-0.04
21890,-0.05,-0.22,-0.04,-0.04,-0.06,-0.04
21900,-0.15,-0.03,-0.05,-0.04,-0.07,-0.04
21910,0.42,0.10,-0.04,-0.04,-0.05,-0.04
21920,-0.39,0.01,-0.04,-0.04,-0.06,-0.04
21930,-0.22,-0.39,-0.05,-0.04,-0.07,-0.05
21940,0.01,-0.08,-0.05,-0.04,-0.07,-0.05
21950,0.28,-0.24,-0.04,-0.05,-0.06,-0.05
21960,0.58,0.20,-0.03,-0.04,-0.04,-0.05
21970,0.46,-0.03,-0.02,-0.04,-0.02,-0.05
21980,-0.61,-0.01,-0.03,-0.04,-0.04,-0.04
21990,-0.58,-0.15,-0.04,-0.04,-0.05,-0.05
22000,0.22,0.08,-0.03,-0.04,-0.05,-0.04
22010,0.48,0.32,-0.02,-0.04,-0.03,-0.03
22020,0.25,-0.07,-0.02,-0.04,-0.02,-0.03
22030,0.16,-0.02,-0.01,-0.04,-0.02,-0.03
22040,-0.46,-0.10,-0.02,-0.04,-0.03,-0.04
22050,0.04,0.20,-0.02,-0.03,-0.03,-0.03
22060,0.31,-0.09,-0.01,-0.04,-0.02,-0.03
22070,0.10,-0.37,-0.01,-0.04,-0.01,-0.04
22080,0.11,-0.74,-0.01,-0.06,-0.01,-0.06
22090,0.73,-0.10,0.01,-0.06,0.01,-0.06
22100,-0.25,0.05,0.00,-0.05,0.01,-0.06
22110,0.42,-0.03,0.01,-0.05,0.02,-0.06
22120,-0.07,0.04,0.01,-0.05,0.02,-0.06
22130,0.21,0.60,0.01,-0.04,0.02,-0.04
22140,0.59,0.17,0.02,-0.03,0.04,-0.03
22150,0.49,-0.20,0.03,-0.04,0.06,-0.04
22160,-0.48,0.47,0.02,-0.03,0.04,-0.02
22170,-0.09,-0.29,0.02,-0.03,0.04,-0.03
22180,-0.19,0.37,0.02,-0.03,0.03,-0.02
22190,0.08,0.32,0.02,-0.02,0.03,-0.01
22200,0.11,-0.59,0.02,-0.03,0.04,-0.02
22210,0.52,-0.28,0.03,-0.04,0.05,-0.03
22220,-0.19,-0.04,0.03,-0.04,0.05,-0.03
22230,-0.09,0.09,0.03,-0.03,0.04,-0.03
22240,0.35,-0.30,0.03,-0.04,0.05,-0.04
22250,-0.54,0.18,0.02,-0.04,0.04,-0.03
22260,0.59,0.02,0.03,-0.03,0.05,-0.03
22270,0.00,0.21,0.03,-0.03,0.05,-0.02
22280,-0.35,0.09,0.03,-0.03,0.04,-0.02
22290,0.41,-0.05,0.03,-0.03,0.05,-0.02
22300,-0.03,0.09,0.03,-0.03,0.05,-0.02
22310,-0.51,0.11,0.02,-0.02,0.04,-0.01
22320,0.31,0.49,0.03,-0.01,0.04,0.00
22330,0.05,-0.80,0.03,-0.03,0.05,-0.02
22340,-0.61,0.54,0.02,-0.02,0.03,-0.00
22350,0.14,-0.51,0.02,-0.03,0.03,-0.02
22360,0.24,0.03,0.02,-0.03,0.04,-0.02
22370,0.03,-0.13,0.02,-0.03,0.04,-0.02
22380,-0.05,-0.12,0.02,-0.03,0.03,-0.02
22390,-0.22,0.02,0.02,-0.03,0.03,-0.02
22400,0.05,0.07,0.02,-0.03,0.03,-0.02
22410,0.61,0.14,0.03,-0.02,0.05,-0.01
22420,0.38,-0.05,0.04,-0.02,0.06,-0.01
22430,0.02,-0.35,0.04,-0.03,0.06,-0.02
22440,-0.56,-0.37,0.03,-0.04,0.04,-0.03
22450,0.33,-0.10,0.03,-0.04,0.05,-0.04
22460,0.21,0.38,0.04,-0.03,0.05,-0.02
22470,0.61,0.49,0.05,-0.02,0.07,-0.01
22480,0.02,0.07,0.05,-0.02,0.07,-0.00
22490,-0.01,0.17,0.05,-0.01,0.07,0.00
22500,0.22,-0.55,0.05,-0.03,0.07,-0.02
22510,-0.21,0.05,0.04,-0.03,0.07,-0.01
22520,0.37,0.37,0.05,-0.02,0.08,-0.00
22530,0.21,-0.39,0.06,-0.02,0.08,-0.01
22540,0.39,-0.84,0.06,-0.04,0.09,-0.04
22550,-0.83,0.09,0.04,-0.04,0.07,-0.04
22560,-0.26,0.55,0.04,-0.03,0.06,-0.02
22570,-0.10,-0.21,0.04,-0.03,0.05,-0.02
22580,-0.03,0.21,0.03,-0.03,0.05,-0.02
22590,-0.06,-0.15,0.03,-0.03,0.05,-0.02
22600,0.06,-0.05,0.03,-0.03,0.05,-0.02
22610,-0.50,0.29,0.02,-0.02,0.03,-0.01
22620,0.09,0.06,0.02,-0.02,0.03,-0.01
22630,0.02,0.41,0.02,-0.01,0.03,0.00
22640,-0.72,-0.76,0.01,-0.03,0.01,-0.02
22650,-0.56,-0.09,-0.00,-0.03,-0.01,-0.02
22660,0.16,0.06,0.00,-0.03,-0.00,-0.02
22670,0.96,0.29,0.02,-0.02,0.03,-0.01
22680,-0.08,0.12,0.02,-0.02,0.02,-0.00
22690,0.49,0.09,0.03,-0.02,0.04,-0.00
22700,0.22,0.23,0.03,-0.01,0.04,0.01
22710,0.47,-0.89,0.04,-0.03,0.06,-0.02
22720,0.05,0.39,0.04,-0.02,0.06,-0.01
22730,0.15,-0.33,0.04,-0.03,0.06,-0.02
22740,0.20,0.13,0.05,-0.03,0.07,-0.01
22750,-0.30,0.04,0.04,-0.02,0.06,-0.01
22760,-0.25,0.31,0.04,-0.02,0.05,-0.00
22770,-0.42,0.09,0.03,-0.02,0.03,0.00
22780,-0.16,0.58,0.02,-0.00,0.03,0.02
22790,0.39,-0.48,0.03,-0.01,0.04,0.00
22800,0.50,0.52,0.04,-0.00,0.05,0.02
22810,-0.28,-0.10,0.03,-0.00,0.04,0.02
22820,-0.64,0.06,0.02,-0.00,0.02,0.02
22830,-0.15,-0.19,0.02,-0.01,0.02,0.01
22840,0.55,-0.14,0.03,-0.01,0.03,0.01
22850,-0.83,-0.49,0.01,-0.02,0.01,-0.00
22860,-0.09,-0.29,0.01,-0.02,0.01,-0.01
22870,0.34,-0.12,0.02,-0.03,0.02,-0.02
22880,0.01,0.18,0.02,-0.02,0.02,-0.01
22890,0.01,-0.07,0.02,-0.02,0.02,-0.01
22900,0.05,-0.22,0.02,-0.03,0.02,-0.02
22910,-0.00,0.19,0.02,-0.02,0.02,-0.01
22920,0.30,-0.20,0.03,-0.03,0.03,-0.02
22930,0.64,-0.17,0.04,-0.03,0.05,-0.02
22940,-0.36,0.17,0.03,-0.03,0.03,-0.02
22950,-0.08,-0.30,0.03,-0.03,0.03,-0.03
22960,0.25,-0.10,0.03,-0.04,0.04,-0.03
22970,-0.22,0.18,0.03,-0.03,0.03,-0.02
22980,-0.16,0.37,0.02,-0.02,0.02,-0.01
22990,-0.47,0.13,0.01,-0.02,0.01,-0.01
23000,-0.20,-0.05,0.01,-0.02,0.00,-0.01
23010,-0.48,0.04,0.00,-0.02,-0.01,-0.01
23020,-0.37,-0.37,-0.01,-0.03,-0.02,-0.02
23030,-0.03,0.23,-0.01,-0.02,-0.02,-0.01
23040,-0.33,0.31,-0.01,-0.01,-0.03,0.00
23050,0.29,0.47,-0.01,-0.00,-0.02,0.02
23060,-0.13,-0.18,-0.01,-0.01,-0.03,0.01
23070,-0.28,-0.05,-0.01,-0.01,-0.03,0.01
23080,0.43,0.50,-0.00,0.00,-0.02,0.02
23090,0.07,-0.66,-0.00,-0.01,-0.02,0.00
23100,0.17,0.10,0.00,-0.01,-0.01,0.01
23110,0.20,-0.25,0.00,-0.01,-0.01,0.00
23120,-0.28,0.07,0.00,-0.01,-0.01,0.00
23130,0.40,-0.01,0.01,-0.01,-0.00,0.00
23140,-0.00,0.44,0.01,-0.00,-0.00,0.02
23150,-0.12,0.32,0.01,0.00,-0.00,0.02
23160,0.36,0.04,0.01,0.00,0.01,0.03
23170,0.17,0.17,0.02,0.01,0.01,0.03
23180,-0.27,-0.43,0.01,-0.00,0.00,0.02
23190,0.22,0.21,0.02,0.00,0.01,0.02
23200,-0.29,0.39,0.01,0.01,-0.00,0.04
23210,0.04,-0.28,0.01,0.00,-0.00,0.03
23220,0.18,0.04,0.01,0.00,0.00,0.03
23230,0.06,0.76,0.01,0.02,0.01,0.05
23240,0.22,-0.38,0.02,0.01,0.01,0.04
23250,-0.07,0.21,0.02,0.02,0.01,0.04
23260,-0.12,-0.21,0.02,0.01,0.01,0.04
23270,-0.04,-0.36,0.01,0.00,0.01,0.03
23280,-0.14,-0.12,0.01,0.00,0.00,0.02
23290,-0.10,-0.14,0.01,-0.00,-0.00,0.02
23300,-0.43,0.20,-0.00,0.00,-0.02,0.02
23310,0.03,0.02,-0.00,0.00,-0.02,0.02
23320,0.04,-0.05,0.00,0.00,-0.01,0.02
23330,0.19,0.62,0.01,0.01,-0.01,0.04
23340,-0.04,-0.44,0.00,0.01,-0.01,0.03
23350,0.08,0.18,0.01,0.01,-0.01,0.03
23360,-0.00,-0.10,0.01,0.01,-0.01,0.03
23370,0.09,-0.06,0.01,0.00,-0.00,0.03
23380,-0.26,-0.16,0.00,0.00,-0.01,0.02
23390,-0.20,0.13,-0.00,0.00,-0.02,0.02
23400,0.27,0.24,0.01,0.01,-0.01,0.03
23410,-0.57,-0.20,-0.01,0.00,-0.03,0.02
23420,0.18,0.32,-0.00,0.01,-0.02,0.03
23430,0.38,-0.30,0.01,0.00,-0.01,0.02
23440,-0.37,-0.46,-0.00,-0.01,-0.02,0.01
23450,-0.10,0.06,-0.00,-0.01,-0.02,0.01
23460,0.04,-0.02,-0.00,-0.01,-0.02,0.01
23470,0.15,0.14,0.00,-0.00,-0.01,0.01
23480,0.00,0.04,0.00,-0.00,-0.01,0.01
23490,-0.22,-0.04,-0.00,-0.00,-0.02,0.01
23500,-0.01,-0.70,-0.00,-0.02,-0.02,-0.01
23510,0.91,-0.21,0.01,-0.02,0.01,-0.01
23520,0.79,0.35,0.03,-0.01,0.03,-0.00
23530,0.14,-0.63,0.03,-0.02,0.03,-0.02
23540,0.10,-0.15,0.03,-0.03,0.04,-0.03
23550,0.17,0.69,0.04,-0.01,0.04,-0.00
23560,0.02,0.08,0.04,-0.01,0.04,0.00
23570,0.24,0.47,0.04,0.00,0.05,0.02
23580,0.70,-0.20,0.06,-0.00,0.07,0.01
23590,0.66,0.29,0.07,0.00,0.09,0.02
23600,-0.12,0.39,0.06,0.01,0.08,0.03
23610,-0.05,0.65,0.06,0.02,0.08,0.05
23620,0.12,0.05,0.06,0.02,0.08,0.05
23630,0.08,-0.20,0.06,0.02,0.08,0.04
23640,-0.32,0.07,0.05,0.02,0.07,0.04
23650,-0.00,-0.17,0.05,0.02,0.07,0.04
23660,0.20,0.46,0.06,0.03,0.07,0.05
23670,0.36,-0.14,0.06,0.02,0.08,0.05
23680,-0.14,-0.77,0.06,0.01,0.08,0.02
23690,0.73,0.34,0.07,0.01,0.10,0.03
23700,-0.29,0.01,0.07,0.01,0.09,0.03
23710,0.12,0.22,0.07,0.02,0.09,0.04
23720,0.58,0.07,0.08,0.02,0.10,0.04
23730,-0.42,-0.52,0.07,0.01,0.09,0.02
23740,0.30,-0.10,0.07,0.01,0.09,0.02
23750,0.08,0.30,0.07,0.01,0.09,0.03
23760,0.06,-0.31,0.07,0.01,0.09,0.02
23770,-0.60,0.13,0.06,0.01,0.07,0.02
23780,0.22,-0.22,0.06,0.00,0.08,0.01
23790,0.19,-0.68,0.07,-0.01,0.08,-0.01
23800,0.12,0.66,0.07,0.00,0.08,0.01
23810,0.42,0.27,0.08,0.01,0.10,0.02
23820,-0.32,0.13,0.07,0.01,0.08,0.02
23830,-0.17,0.10,0.06,0.01,0.08,0.03
23840,0.25,-0.37,0.07,0.00,0.08,0.02
23850,0.68,0.32,0.08,0.01,0.10,0.02
23860,0.69,0.17,0.09,0.01,0.12,0.03
23870,0.02,0.07,0.09,0.01,0.12,0.03
23880,0.06,-0.17,0.09,0.01,0.12,0.02
23890,-0.59,0.51,0.08,0.02,0.10,0.04
23900,-0.03,-0.43,0.07,0.01,0.09,0.03
23910,-0.26,0.26,0.07,0.02,0.08,0.03
23920,-0.08,-0.32,0.07,0.01,0.08,0.02
23930,0.40,-0.27,0.07,0.00,0.09,0.01
23940,0.14,0.21,0.07,0.01,0.09,0.02
23950,0.01,-0.19,0.07,0.00,0.09,0.01
23960,0.30,0.00,0.08,0.00,0.10,0.01
23970,0.05,-0.05,0.08,-0.00,0.10,0.01
23980,0.02,-0.05,0.08,-0.00,0.09,0.01
23990,-0.34,-0.61,0.07,-0.02,0.08,-0.01
24000,0.33,-0.27,0.07,-0.02,0.09,-0.02
24010,0.32,0.48,0.08,-0.01,0.10,-0.01
24020,0.18,0.41,0.08,-0.00,0.10,0.01
24030,-0.00,0.32,0.08,0.00,0.10,0.01
24040,0.26,0.23,0.09,0.01,0.11,0.02
24050,0.37,-0.03,0.09,0.00,0.11,0.02
24060,-0.05,0.29,0.09,0.01,0.11,0.03
24070,-0.58,-0.21,0.08,0.01,0.09,0.02
24080,0.54,-0.24,0.08,0.00,0.10,0.01
24090,0.19,0.77,0.09,0.02,0.11,0.04
24100,0.83,-0.17,0.10,0.01,0.13,0.03
24110,-0.21,-0.27,0.10,0.01,0.12,0.02
24120,0.12,0.00,0.10,0.01,0.12,0.02
24130,-0.01,0.42,0.09,0.01,0.12,0.03
24140,-0.33,-0.10,0.09,0.01,0.10,0.03
24150,0.42,0.32,0.09,0.02,0.11,0.04
24160,-0.73,-0.67,0.08,0.00,0.09,0.02
24170,-0.31,-0.14,0.07,-0.00,0.08,0.01
24180,-0.18,0.12,0.06,0.00,0.07,0.01
24190,0.18,-0.08,0.07,-0.00,0.07,0.01
24200,0.12,-0.14,0.07,-0.00,0.08,0.01
24210,-0.16,0.68,0.06,0.01,0.07,0.03
24220,-0.08,0.73,0.06,0.03,0.07,0.05
24230,0.21,0.29,0.06,0.03,0.07,0.06
24240,-0.27,-0.02,0.06,0.03,0.06,0.06
24250,0.29,-0.54,0.06,0.02,0.07,0.04
24260,0.03,-0.47,0.06,0.01,0.07,0.02
24270,0.44,-0.37,0.07,0.00,0.08,0.01
24280,0.35,-0.29,0.08,-0.00,0.09,0.00
24290,0.31,0.21,0.08,-0.00,0.09,0.01
24300,-0.06,0.01,0.08,-0.00,0.09,0.01
24310,-0.45,-0.10,0.07,-0.00,0.07,0.01
24320,0.31,-0.01,0.07,-0.00,0.08,0.01
24330,-0.11,0.39,0.07,0.01,0.07,0.02
24340,0.46,-0.26,0.08,-0.00,0.08,0.01
24350,-0.01,-0.28,0.07,-0.01,0.08,-0.00
24360,0.40,0.19,0.08,-0.00,0.09,0.01
24370,0.51,-0.00,0.09,-0.00,0.10,0.01
24380,-0.62,-0.11,0.08,-0.00,0.08,0.00
24390,-0.34,0.39,0.07,0.00,0.07,0.01
24400,-0.31,-0.09,0.06,0.00,0.06,0.01
24410,0.44,-0.27,0.07,-0.00,0.07,0.00
24420,-0.25,-0.18,0.06,-0.01,0.06,-0.00
24430,0.21,0.27,0.07,-0.00,0.07,0.00
24440,-0.47,0.58,0.06,0.01,0.05,0.02
24450,-0.06,0.07,0.05,0.01,0.05,0.02
24460,-0.28,0.09,0.05,0.01,0.04,0.03
24470,-0.19,-0.59,0.04,-0.00,0.03,0.01
24480,0.11,0.25,0.05,0.00,0.03,0.01
24490,-0.10,-0.40,0.04,-0.00,0.03,0.00
24500,-0.12,-0.35,0.04,-0.01,0.02,-0.01
24510,-0.17,0.17,0.03,-0.01,0.02,-0.00
24520,-0.31,0.11,0.03,-0.01,0.01,-0.00
24530,0.82,-0.39,0.04,-0.01,0.03,-0.01
24540,0.56,0.26,0.06,-0.01,0.05,-0.01
24550,-0.12,-0.05,0.05,-0.01,0.04,-0.01
24560,0.53,-0.03,0.06,-0.01,0.06,-0.01
24570,-0.02,0.24,0.06,-0.01,0.05,-0.00
24580,0.00,-0.33,0.06,-0.01,0.05,-0.01
24590,-0.60,0.25,0.05,-0.01,0.03,-0.00
24600,0.03,0.21,0.05,-0.00,0.03,0.00
24610,-0.21,0.25,0.04,0.00,0.02,0.01
24620,-0.85,-0.21,0.02,-0.00,-0.00,0.01
24630,0.17,-0.21,0.03,-0.00,0.00,0.00
24640,-0.40,0.55,0.02,0.01,-0.01,0.02
24650,0.10,0.38,0.02,0.01,-0.01,0.03
24660,0.21,-0.01,0.02,0.01,-0.00,0.03
24670,0.26,-0.29,0.03,0.01,0.01,0.02
24680,-0.28,0.45,0.02,0.02,-0.00,0.03
24690,-0.37,0.02,0.01,0.02,-0.01,0.03
24700,0.32,-0.06,0.02,0.01,-0.01,0.03
24710,-0.30,-0.14,0.01,0.01,-0.02,0.02
24720,0.07,0.26,0.02,0.01,-0.01,0.03
24730,0.06,0.03,0.02,0.02,-0.01,0.03
24740,0.56,-0.11,0.03,0.01,0.01,0.03
24750,0.55,0.22,0.04,0.02,0.02,0.03
24760,0.82,-0.05,0.05,0.02,0.05,0.03
24770,-0.69,0.21,0.04,0.02,0.02,0.04
24780,-0.21,0.30,0.03,0.02,0.02,0.04
24790,0.35,0.55,0.04,0.04,0.03,0.06
24800,0.39,0.95,0.05,0.05,0.04,0.09
24810,-0.09,0.19,0.05,0.06,0.03,0.09
24820,-0.06,0.04,0.04,0.06,0.03,0.09
24830,-0.71,0.45,0.03,0.06,0.01,0.10
24840,0.06,-0.40,0.03,0.05,0.01,0.09
24850,0.57,0.13,0.04,0.06,0.03,0.09
24860,-0.01,-0.64,0.04,0.04,0.02,0.07
24870,0.35,0.28,0.05,0.05,0.04,0.08
24880,-0.03,-0.24,0.05,0.04,0.03,0.07
24890,0.05,-0.17,0.05,0.04,0.03,0.06
24900,-0.03,0.17,0.04,0.04,0.03,0.06
24910,-0.10,-0.56,0.04,0.02,0.03,0.04
24920,-0.05,-0.02,0.04,0.02,0.03,0.04
24930,0.26,0.21,0.05,0.03,0.03,0.05
24940,0.09,0.04,0.05,0.03,0.03,0.05
24950,-0.25,-0.04,0.04,0.03,0.02,0.05
24960,-0.21,0.19,0.04,0.03,0.02,0.05
24970,-0.01,0.28,0.03,0.03,0.02,0.06
24980,0.12,-0.61,0.04,0.02,0.02,0.04
24990,-0.35,-0.36,0.03,0.01,0.01,0.03
25000,0.22,0.62,0.03,0.03,0.01,0.04
25010,-0.64,0.13,0.02,0.03,-0.01,0.05
25020,-0.16,-0.42,0.02,0.02,-0.01,0.03
25030,0.55,0.51,0.03,0.03,0.01,0.05
25040,-0.02,-0.39,0.03,0.02,0.00,0.04
25050,-0.12,0.43,0.02,0.03,-0.00,0.05
25060,-0.24,-0.26,0.02,0.02,-0.01,0.04
25070,0.13,0.10,0.02,0.02,-0.00,0.04
25080,0.07,0.38,0.02,0.03,-0.00,0.05
25090,-0.16,-0.18,0.02,0.03,-0.01,0.04
25100,0.08,-0.20,0.02,0.02,-0.01,0.04
25110,-0.04,0.17,0.02,0.02,-0.01,0.04
25120,-0.02,-0.16,0.02,0.02,-0.01,0.04
25130,0.78,-0.43,0.03,0.01,0.02,0.02
25140,-0.48,-0.16,0.02,0.01,-0.00,0.02
25150,-0.24,0.23,0.02,0.01,-0.01,0.02
25160,0.11,-0.26,0.02,0.01,-0.00,0.01
25170,0.11,-0.22,0.02,0.00,-0.00,0.01
25180,-0.35,-0.12,0.02,0.00,-0.01,0.00
25190,0.05,0.19,0.02,0.01,-0.01,0.01
25200,0.30,-0.26,0.02,0.00,-0.00,0.00
25210,-0.45,-0.01,0.01,0.00,-0.01,0.00
25220,0.01,0.52,0.01,0.01,-0.01,0.02
25230,0.17,0.33,0.02,0.02,-0.01,0.03
25240,-0.15,0.04,0.02,0.02,-0.01,0.03
25250,0.81,0.31,0.03,0.02,0.01,0.04
25260,0.64,-0.28,0.04,0.02,0.03,0.03
25270,-0.22,0.15,0.04,0.02,0.02,0.03
25280,-0.65,0.38,0.03,0.03,0.00,0.04
25290,0.22,-0.42,0.03,0.02,0.01,0.03
25300,-0.36,0.23,0.02,0.02,-0.00,0.03
25310,-0.28,-0.21,0.02,0.02,-0.01,0.03
25320,-0.34,0.40,0.01,0.03,-0.02,0.04
25330,0.15,0.23,0.01,0.03,-0.02,0.04
25340,-0.09,0.66,0.01,0.04,-0.02,0.06
25350,0.39,0.34,0.02,0.05,-0.01,0.07
25360,-0.14,-0.03,0.02,0.05,-0.01,0.07
25370,-0.20,0.58,0.01,0.06,-0.02,0.09
25380,0.23,-0.27,0.02,0.05,-0.01,0.08
25390,-0.16,0.06,0.01,0.05,-0.01,0.08
25400,0.18,0.08,0.02,0.05,-0.01,0.08
25410,-0.22,0.06,0.01,0.05,-0.02,0.08
25420,0.06,-0.58,0.02,0.04,-0.01,0.06
25430,-0.49,-0.18,0.01,0.04,-0.03,0.05
25440,0.12,-0.21,0.01,0.03,-0.02,0.04
25450,0.77,0.52,0.02,0.04,0.00,0.06
25460,-0.45,-0.19,0.01,0.04,-0.01,0.05
25470,0.42,-0.18,0.02,0.03,-0.00,0.04
25480,-0.21,-0.09,0.02,0.03,-0.01,0.04
25490,0.24,0.15,0.02,0.03,0.00,0.04
25500,0.10,-0.01,0.03,0.03,0.00,0.04
25510,0.67,-0.01,0.04,0.03,0.02,0.04
25520,-0.47,-0.22,0.03,0.02,0.01,0.03
25530,-0.05,0.04,0.03,0.02,0.01,0.03
25540,-0.20,0.20,0.02,0.03,0.00,0.04
25550,-0.26,-0.11,0.02,0.02,-0.01,0.03
25560,-0.28,0.15,0.01,0.03,-0.02,0.04
25570,-0.02,0.17,0.01,0.03,-0.02,0.04
25580,-0.11,-0.01,0.01,0.03,-0.02,0.04
25590,-0.05,-0.15,0.01,0.03,-0.02,0.03
25600,-0.12,-0.30,0.01,0.02,-0.02,0.02
25610,-0.33,0.03,-0.00,0.02,-0.03,0.02
25620,0.38,-0.03,0.01,0.02,-0.02,0.02
25630,-0.20,0.30,0.00,0.02,-0.03,0.03
25640,0.61,-0.08,0.02,0.02,-0.01,0.03
25650,-0.20,-0.21,0.01,0.02,-0.01,0.02
25660,0.51,0.30,0.02,0.02,0.00,0.03
25670,-0.03,-0.00,0.02,0.02,0.00,0.03
25680,-0.06,-0.07,0.02,0.02,-0.00,0.02
25690,0.26,-0.34,0.03,0.01,0.01,0.01
25700,0.25,-0.09,0.03,0.01,0.01,0.01
25710,0.47,0.68,0.04,0.02,0.03,0.03
25720,-0.35,-0.29,0.03,0.02,0.02,0.02
25730,0.01,0.05,0.03,0.02,0.02,0.02
25740,-0.26,-0.26,0.03,0.01,0.01,0.01
25750,-0.83,0.08,0.01,0.01,-0.02,0.02
25760,-0.10,-0.21,0.01,0.01,-0.02,0.01
25770,-0.24,0.67,0.00,0.02,-0.03,0.03
25780,-0.21,0.45,-0.00,0.03,-0.03,0.04
25790,0.29,0.63,0.00,0.04,-0.03,0.06
25800,-0.10,0.43,0.00,0.05,-0.03,0.07
25810,0.16,0.24,0.01,0.05,-0.02,0.08
25820,0.35,-0.07,0.01,0.05,-0.01,0.07
25830,-0.23,-0.32,0.01,0.05,-0.02,0.06
25840,0.12,0.27,0.01,0.05,-0.01,0.07
25850,0.37,-0.09,0.02,0.05,-0.00,0.06
25860,-0.07,0.22,0.02,0.05,-0.00,0.07
25870,-0.28,-0.28,0.01,0.04,-0.01,0.06
25880,0.43,-0.43,0.02,0.03,0.00,0.04
25890,-0.56,-0.06,0.01,0.03,-0.02,0.04
25900,0.53,-0.47,0.02,0.02,0.00,0.02
25910,-0.01,-0.28,0.02,0.02,0.00,0.02
25920,0.30,0.26,0.03,0.02,0.01,0.02
25930,-0.80,0.01,0.01,0.02,-0.02,0.02
25940,0.30,0.54,0.02,0.03,-0.01,0.04
25950,-0.29,0.10,0.01,0.03,-0.02,0.04
25960,0.40,-0.45,0.02,0.02,-0.00,0.02
25970,0.22,0.13,0.02,0.02,0.00,0.03
25980,0.27,-0.11,0.03,0.02,0.01,0.02
25990,0.48,-0.12,0.04,0.02,0.03,0.02
26000,-0.41,-0.14,0.03,0.01,0.01,0.01
26010,-0.38,0.27,0.02,0.02,0.00,0.02
26020,-0.01,-0.14,0.02,0.01,0.00,0.01
26030,-0.25,0.42,0.01,0.02,-0.01,0.03
26040,0.16,0.15,0.02,0.03,-0.00,0.03
26050,-0.26,-0.03,0.01,0.02,-0.01,0.03
26060,-0.63,0.11,0.00,0.03,-0.03,0.03
26070,0.07,-0.38,0.00,0.02,-0.03,0.02
26080,-0.65,0.68,-0.01,0.03,-0.05,0.04
26090,0.12,0.34,-0.01,0.04,-0.04,0.05
26100,-0.35,-0.12,-0.01,0.03,-0.05,0.04
26110,-0.15,-0.03,-0.02,0.03,-0.06,0.04
26120,0.24,-0.36,-0.01,0.03,-0.05,0.03
26130,0.05,0.23,-0.01,0.03,-0.05,0.04
26140,0.04,-0.13,-0.01,0.03,-0.04,0.03
26150,0.44,-0.58,0.00,0.01,-0.03,0.01
26160,-0.76,0.21,-0.01,0.02,-0.05,0.02
26170,0.45,0.06,-0.01,0.02,-0.04,0.02
26180,0.57,0.10,0.01,0.02,-0.02,0.02
26190,-0.10,-0.31,0.00,0.01,-0.02,0.01
26200,0.28,0.11,0.01,0.01,-0.01,0.01
26210,0.45,0.06,0.02,0.02,0.00,0.01
26220,-0.13,-0.29,0.02,0.01,-0.00,0.01
26230,-0.35,-0.16,0.01,0.00,-0.01,-0.00
26240,0.35,0.11,0.02,0.01,-0.00,0.00
26250,-0.07,0.16,0.02,0.01,-0.00,0.01
26260,0.25,0.45,0.02,0.02,0.00,0.02
26270,-0.10,-0.74,0.02,0.00,0.00,-0.00
26280,0.16,-0.24,0.02,-0.00,0.01,-0.01
26290,0.38,-0.49,0.03,-0.01,0.02,-0.02
26300,-0.58,-0.40,0.02,-0.02,-0.00,-0.04
26310,0.26,0.08,0.02,-0.02,0.01,-0.03
26320,0.20,0.05,0.03,-0.01,0.01,-0.03
26330,0.01,0.12,0.03,-0.01,0.01,-0.03
26340,-0.28,0.24,0.02,-0.01,0.00,-0.02
26350,-0.61,0.26,0.01,-0.00,-0.01,-0.01
26360,0.55,0.09,0.02,-0.00,0.00,-0.01
26370,0.49,0.18,0.03,0.00,0.02,-0.00
26380,-0.63,-0.05,0.02,0.00,-0.00,-0.01
26390,0.03,-0.56,0.02,-0.01,-0.00,-0.02
26400,-0.50,0.18,0.01,-0.01,-0.02,-0.02
26410,-0.38,0.32,-0.00,-0.00,-0.03,-0.01
26420,0.11,0.03,0.00,-0.00,-0.02,-0.01
26430,-0.53,0.46,-0.01,0.01,-0.04,0.01
26440,-0.01,-0.26,-0.01,0.00,-0.04,-0.00
26450,0.12,-0.20,-0.01,-0.00,-0.04,-0.01
26460,0.55,-0.30,0.01,-0.01,-0.02,-0.02
26470,0.36,-0.15,0.01,-0.01,-0.01,-0.02
26480,0.72,-0.43,0.03,-0.02,0.02,-0.04
26490,-0.61,-0.31,0.01,-0.02,-0.00,-0.04
26500,-0.17,0.33,0.01,-0.02,-0.01,-0.03
26510,0.48,-0.32,0.02,-0.03,0.01,-0.04
26520,-0.45,-0.14,0.01,-0.03,-0.01,-0.05
26530,-0.76,-0.07,-0.00,-0.03,-0.03,-0.05
26540,0.01,0.11,-0.00,-0.03,-0.03,-0.04
26550,0.39,-0.54,0.01,-0.03,-0.02,-0.06
26560,0.28,0.47,0.01,-0.02,-0.01,-0.04
26570,0.13,0.51,0.01,-0.01,-0.00,-0.03
26580,-0.12,-0.09,0.01,-0.02,-0.01,-0.03
26590,-0.06,-0.05,0.01,-0.02,-0.01,-0.03
26600,0.49,-0.27,0.02,-0.02,0.01,-0.04
26610,-0.67,-0.11,0.01,-0.02,-0.01,-0.04
26620,0.04,-0.04,0.01,-0.02,-0.01,-0.04
26630,-0.12,0.08,0.01,-0.02,-0.02,-0.04
26640,0.15,0.21,0.01,-0.02,-0.01,-0.03
26650,-0.38,-0.28,0.00,-0.02,-0.02,-0.04
26660,0.22,0.03,0.00,-0.02,-0.02,-0.04
26670,-0.04,-0.11,0.00,-0.02,-0.02,-0.04
26680,0.51,0.39,0.01,-0.01,-0.00,-0.03
26690,-0.57,-0.39,0.00,-0.02,-0.02,-0.04
26700,0.13,0.09,0.01,-0.02,-0.01,-0.03
26710,0.20,0.36,0.01,-0.01,-0.01,-0.02
26720,-0.11,0.09,0.01,-0.01,-0.01,-0.02
26730,-0.81,-0.13,-0.01,-0.01,-0.04,-0.02
26740,-0.33,-0.30,-0.01,-0.02,-0.05,-0.03
26750,0.40,-0.56,-0.01,-0.03,-0.03,-0.05
26760,-0.18,0.57,-0.01,-0.02,-0.04,-0.03
26770,-0.44,0.25,-0.02,-0.02,-0.05,-0.03
26780,-0.89,0.14,-0.04,-0.01,-0.08,-0.02
26790,0.07,-0.17,-0.03,-0.02,-0.07,-0.02
26800,0.11,0.08,-0.03,-0.01,-0.07,-0.02
26810,0.42,-0.09,-0.02,-0.01,-0.05,-0.02
26820,-0.34,0.05,-0.03,-0.01,-0.06,-0.02
26830,0.34,-0.69,-0.02,-0.03,-0.05,-0.04
26840,-0.80,0.18,-0.04,-0.02,-0.07,-0.03
26850,0.32,-0.05,-0.03,-0.02,-0.06,-0.04
26860,-0.66,0.16,-0.04,-0.02,-0.08,-0.03
26870,-0.08,-0.17,-0.04,-0.02,-0.08,-0.04
26880,-0.32,0.10,-0.05,-0.02,-0.09,-0.03
26890,-0.01,-0.47,-0.04,-0.03,-0.09,-0.05
26900,-0.17,-0.06,-0.05,-0.03,-0.09,-0.05
26910,-0.50,-0.29,-0.06,-0.04,-0.11,-0.05
26920,0.47,-0.05,-0.04,-0.04,-0.09,-0.05
26930,0.32,0.23,-0.04,-0.03,-0.08,-0.05
26940,0.10,0.06,-0.03,-0.03,-0.07,-0.04
26950,-0.53,0.17,-0.04,-0.02,-0.09,-0.04
26960,-0.52,0.15,-0.05,-0.02,-0.10,-0.03
26970,0.45,-0.00,-0.04,-0.02,-0.08,-0.03
26980,0.40,-0.06,-0.03,-0.02,-0.07,-0.03
26990,-0.04,-0.08,-0.03,-0.02,-0.07,-0.03
27000,0.54,0.19,-0.02,-0.02,-0.05,-0.03
27010,-0.23,0.67,-0.02,-0.00,-0.06,-0.00
27020,0.12,-0.50,-0.02,-0.01,-0.05,-0.02
27030,-0.19,-0.05,-0.02,-0.01,-0.05,-0.02
27040,0.23,-0.11,-0.02,-0.02,-0.05,-0.02
27050,-0.76,0.15,-0.03,-0.01,-0.07,-0.02
27060,0.34,-0.14,-0.02,-0.02,-0.06,-0.02
27070,-0.68,-0.42,-0.04,-0.02,-0.08,-0.03
27080,0.08,-0.48,-0.03,-0.03,-0.07,-0.05
27090,0.18,0.17,-0.03,-0.03,-0.06,-0.04
27100,0.25,0.18,-0.03,-0.02,-0.06,-0.04
27110,0.36,0.23,-0.02,-0.02,-0.04,-0.03
27120,0.11,0.09,-0.01,-0.02,-0.04,-0.02
27130,-0.43,-0.17,-0.02,-0.02,-0.05,-0.03
27140,-0.07,0.03,-0.02,-0.02,-0.05,-0.03
27150,0.07,0.14,-0.02,-0.02,-0.05,-0.02
27160,-0.23,-0.07,-0.02,-0.02,-0.05,-0.02
27170,-0.66,-0.08,-0.04,-0.02,-0.07,-0.03
27180,0.13,0.20,-0.03,-0.01,-0.07,-0.02
27190,0.76,-0.16,-0.02,-0.02,-0.04,-0.02
27200,0.29,-0.29,-0.01,-0.02,-0.03,-0.03
27210,-0.12,-0.32,-0.01,-0.03,-0.04,-0.04
27220,-0.75,-0.01,-0.03,-0.03,-0.06,-0.04
27230,-0.19,-0.40,-0.03,-0.03,-0.06,-0.05
27240,0.05,-0.75,-0.03,-0.05,-0.06,-0.07
27250,0.56,0.07,-0.02,-0.05,-0.04,-0.07
27260,-0.19,0.02,-0.02,-0.05,-0.05,-0.07
27270,-0.18,0.10,-0.02,-0.04,-0.05,-0.06
27280,-0.36,0.24,-0.03,-0.04,-0.06,-0.05
27290,-0.20,0.17,-0.03,-0.03,-0.06,-0.05
27300,-0.46,0.04,-0.04,-0.03,-0.08,-0.05
27310,0.60,0.12,-0.03,-0.03,-0.06,-0.04
27320,0.34,-0.01,-0.02,-0.03,-0.04,-0.04
27330,0.45,-0.01,-0.01,-0.03,-0.03,-0.04
27340,-0.09,-0.06,-0.01,-0.03,-0.03,-0.04
27350,-0.27,-0.10,-0.02,-0.03,-0.04,-0.04
27360,0.28,-0.14,-0.01,-0.03,-0.03,-0.05
27370,-0.47,0.05,-0.02,-0.03,-0.04,-0.04
27380,-0.49,0.21,-0.03,-0.03,-0.06,-0.04
27390,0.15,0.59,-0.03,-0.02,-0.05,-0.02
27400,0.67,-0.23,-0.01,-0.02,-0.03,-0.02
27410,-0.10,0.37,-0.01,-0.01,-0.03,-0.01
27420,-0.50,-0.35,-0.02,-0.02,-0.05,-0.02
27430,-0.17,-0.12,-0.03,-0.02,-0.05,-0.03
27440,-0.10,0.01,-0.03,-0.02,-0.05,-0.03
27450,-0.37,-0.22,-0.03,-0.03,-0.06,-0.03
27460,0.22,-0.06,-0.03,-0.03,-0.05,-0.03
27470,0.74,0.63,-0.01,-0.01,-0.03,-0.01
27480,0.62,0.39,-0.00,-0.01,-0.01,-0.00
27490,0.52,0.25,0.01,-0.00,0.01,0.01
27500,-0.04,-0.25,0.01,-0.01,0.00,-0.00
27510,0.28,0.21,0.01,-0.00,0.01,0.01
27520,-0.70,0.43,-0.00,0.01,-0.01,0.02
27530,-0.01,-0.16,-0.00,0.00,-0.01,0.01
27540,-0.67,-0.19,-0.01,0.00,-0.03,0.01
27550,0.35,0.01,-0.01,0.00,-0.02,0.01
27560,0.02,-0.12,-0.01,-0.00,-0.02,0.00
27570,0.03,-0.54,-0.01,-0.01,-0.02,-0.01
27580,0.25,-0.09,-0.00,-0.01,-0.01,-0.01
27590,0.12,0.15,0.00,-0.01,-0.00,-0.01
27600,0.81,-0.51,0.02,-0.02,0.02,-0.02
27610,-0.29,-0.18,0.01,-0.03,0.01,-0.03
27620,-0.12,-0.07,0.01,-0.03,0.01,-0.03
27630,0.32,0.08,0.02,-0.02,0.02,-0.03
27640,0.24,0.27,0.02,-0.02,0.03,-0.02
27650,-0.27,0.19,0.02,-0.02,0.02,-0.01
27660,0.18,-0.43,0.02,-0.02,0.02,-0.03
27670,0.03,-0.57,0.02,-0.03,0.03,-0.04
27680,0.09,0.11,0.02,-0.03,0.03,-0.04
27690,0.18,0.27,0.03,-0.03,0.03,-0.03
27700,0.03,0.12,0.03,-0.02,0.03,-0.02
27710,0.05,-0.27,0.03,-0.03,0.03,-0.03
27720,-0.53,-0.24,0.02,-0.03,0.02,-0.04
27730,-0.26,-0.37,0.01,-0.04,0.01,-0.05
27740,0.10,0.39,0.01,-0.03,0.01,-0.04
27750,0.27,0.13,0.02,-0.03,0.02,-0.03
27760,-0.33,-0.11,0.01,-0.03,0.01,-0.03
27770,-0.17,0.10,0.01,-0.03,0.01,-0.03
27780,-0.08,-0.24,0.01,-0.03,0.00,-0.04
27790,-0.20,0.29,0.00,-0.02,-0.00,-0.03
27800,0.00,0.10,0.00,-0.02,-0.00,-0.02
27810,-0.45,0.18,-0.00,-0.02,-0.02,-0.02
27820,0.56,-0.48,0.01,-0.03,0.00,-0.03
27830,-0.12,-0.24,0.00,-0.03,-0.00,-0.04
27840,0.05,0.38,0.01,-0.02,0.00,-0.02
27850,0.44,0.08,0.02,-0.02,0.02,-0.02
27860,0.05,-0.18,0.02,-0.02,0.02,-0.03
27870,-0.44,-0.50,0.01,-0.03,0.00,-0.04
27880,0.55,-0.21,0.02,-0.04,0.02,-0.05
27890,-0.29,0.08,0.01,-0.04,0.01,-0.04
27900,0.93,0.66,0.03,-0.02,0.04,-0.02
27910,0.14,-0.72,0.03,-0.04,0.04,-0.04
27920,-0.33,0.21,0.03,-0.03,0.03,-0.04
27930,0.40,-0.35,0.03,-0.04,0.04,-0.05
27940,-0.25,-0.97,0.03,-0.06,0.04,-0.07
27950,-0.07,-0.11,0.03,-0.06,0.03,-0.08
27960,0.00,-0.01,0.03,-0.06,0.03,-0.07
27970,0.17,-0.08,0.03,-0.06,0.04,-0.08
27980,0.26,0.38,0.03,-0.05,0.04,-0.06
27990,0.13,-0.19,0.04,-0.05,0.05,-0.07
28000,-0.08,0.05,0.03,-0.05,0.04,-0.06
28010,0.39,-0.04,0.04,-0.05,0.05,-0.07
28020,0.14,0.64,0.04,-0.04,0.06,-0.04
28030,0.42,0.02,0.05,-0.04,0.07,-0.04
28040,0.14,-0.42,0.05,-0.04,0.07,-0.05
28050,-0.15,-0.02,0.05,-0.04,0.07,-0.05
28060,0.57,-0.03,0.06,-0.04,0.08,-0.05
28070,0.16,0.45,0.06,-0.03,0.08,-0.03
28080,-0.48,0.04,0.05,-0.03,0.07,-0.03
28090,0.12,0.38,0.05,-0.02,0.07,-0.02
28100,-0.05,0.48,0.05,-0.01,0.07,-0.00
28110,-0.71,-0.04,0.04,-0.01,0.05,-0.00
28120,0.04,0.06,0.04,-0.01,0.05,-0.00
28130,0.05,0.35,0.04,-0.00,0.05,0.01
28140,0.42,0.10,0.05,-0.00,0.06,0.01
28150,0.26,-0.81,0.05,-0.02,0.07,-0.01
28160,-0.47,0.42,0.04,-0.01,0.05,-0.00
28170,0.48,-0.10,0.05,-0.01,0.06,-0.00
28180,0.55,-0.26,0.06,-0.02,0.08,-0.01
28190,-0.22,0.02,0.05,-0.02,0.07,-0.01
28200,-0.89,0.25,0.04,-0.01,0.04,-0.00
28210,0.60,-0.28,0.05,-0.02,0.06,-0.01
28220,0.13,-0.15,0.05,-0.02,0.06,-0.01
28230,0.06,-0.00,0.05,-0.02,0.06,-0.01
28240,0.15,0.11,0.05,-0.02,0.07,-0.01
28250,0.69,0.33,0.06,-0.01,0.09,0.00
28260,0.05,-0.09,0.06,-0.01,0.08,-0.00
28270,0.35,0.36,0.07,-0.00,0.09,0.01
28280,0.24,-0.23,0.07,-0.01,0.10,0.00
28290,0.13,0.06,0.08,-0.01,0.10,0.00
28300,-0.09,0.12,0.07,-0.00,0.09,0.01
28310,-0.03,0.26,0.07,0.00,0.09,0.02
28320,-0.05,0.38,0.07,0.01,0.09,0.03
28330,0.20,-0.18,0.07,0.00,0.09,0.02
28340,0.03,-0.08,0.07,0.00,0.09,0.02
28350,0.07,-0.20,0.07,-0.00,0.09,0.01
28360,-0.42,0.08,0.06,-0.00,0.07,0.02
28370,-0.30,-0.31,0.05,-0.01,0.06,0.01
28380,-0.58,-0.08,0.04,-0.01,0.04,0.00
28390,-0.47,-0.20,0.03,-0.01,0.03,-0.00
28400,-0.11,-0.69,0.03,-0.03,0.02,-0.02
28410,0.66,-0.52,0.04,-0.04,0.05,-0.04
28420,0.10,0.05,0.04,-0.03,0.05,-0.04
28430,-0.06,0.08,0.04,-0.03,0.04,-0.03
28440,-0.08,-0.46,0.04,-0.04,0.04,-0.05
28450,0.41,-0.40,0.04,-0.05,0.05,-0.06
28460,0.09,-0.02,0.05,-0.05,0.05,-0.06
28470,0.33,-0.56,0.05,-0.06,0.06,-0.07
28480,-0.61,0.62,0.04,-0.04,0.04,-0.05
28490,0.31,0.68,0.04,-0.03,0.05,-0.03
28500,-0.01,-0.20,0.04,-0.03,0.05,-0.03
28510,-0.03,-0.21,0.04,-0.04,0.05,-0.04
28520,0.29,-0.61,0.05,-0.05,0.05,-0.06
28530,-0.13,0.08,0.04,-0.05,0.05,-0.05
28540,0.48,0.22,0.05,-0.04,0.06,-0.05
28550,0.07,0.39,0.05,-0.03,0.06,-0.03
28560,-0.08,-0.05,0.05,-0.03,0.06,-0.03
28570,-0.28,-0.06,0.04,-0.03,0.05,-0.04
28580,-0.55,0.67,0.03,-0.02,0.03,-0.01
28590,0.26,0.12,0.04,-0.02,0.04,-0.01
28600,-0.17,-0.41,0.03,-0.02,0.03,-0.02
28610,-0.25,-0.15,0.03,-0.03,0.02,-0.03
28620,-0.06,0.51,0.03,-0.02,0.02,-0.01
28630,-0.44,0.21,0.02,-0.01,0.01,-0.00
28640,0.26,-0.10,0.02,-0.01,0.01,-0.00
28650,-0.59,0.11,0.01,-0.01,-0.01,-0.00
28660,-0.53,-0.24,-0.00,-0.02,-0.02,-0.01
28670,0.24,0.41,0.00,-0.01,-0.01,0.00
28680,0.13,-0.05,0.01,-0.01,-0.01,0.00
28690,-0.07,0.22,0.00,-0.00,-0.01,0.01
28700,0.15,-0.18,0.01,-0.01,-0.01,0.00
28710,-0.35,0.13,0.00,-0.01,-0.02,0.01
28720,0.13,-0.43,0.00,-0.01,-0.01,-0.00
28730,-0.41,-0.03,-0.01,-0.01,-0.03,-0.00
28740,0.38,0.15,0.00,-0.01,-0.02,-0.00
28750,0.61,0.01,0.02,-0.01,0.00,0.00
28760,-0.89,0.04,-0.00,-0.01,-0.02,0.00
28770,0.52,-0.15,0.01,-0.01,-0.01,-0.00
28780,-0.09,-0.17,0.01,-0.02,-0.01,-0.01
28790,0.21,-0.02,0.01,-0.02,-0.00,-0.01
28800,0.14,0.21,0.01,-0.01,-0.00,-0.00
28810,-0.02,0.06,0.01,-0.01,-0.00,-0.00
28820,0.71,-0.10,0.03,-0.01,0.02,-0.00
28830,0.12,0.53,0.03,-0.00,0.02,0.01
28840,0.57,0.05,0.04,0.00,0.04,0.02
28850,-0.36,0.40,0.03,0.01,0.03,0.03
28860,-0.30,0.02,0.02,0.01,0.02,0.03
28870,-0.27,-0.84,0.02,-0.01,0.01,0.00
28880,0.16,-0.13,0.02,-0.01,0.01,-0.00
28890,0.33,-0.11,0.03,-0.01,0.02,-0.00
28900,0.36,0.25,0.03,-0.01,0.03,0.00
28910,0.07,-0.37,0.03,-0.02,0.03,-0.01
28920,-0.03,-0.15,0.03,-0.02,0.03,-0.01
28930,0.15,-0.56,0.04,-0.03,0.04,-0.03
28940,0.52,0.68,0.05,-0.02,0.05,-0.01
28950,0.11,0.19,0.05,-0.01,0.05,-0.00
28960,0.02,0.40,0.05,-0.00,0.05,0.01
28970,0.21,0.05,0.05,-0.00,0.06,0.01
28980,0.22,0.33,0.05,0.00,0.06,0.02
28990,0.20,0.06,0.06,0.01,0.07,0.02
29000,-0.20,-0.11,0.05,0.00,0.06,0.02
29010,-0.20,-0.33,0.05,-0.00,0.05,0.01
29020,0.14,0.04,0.05,-0.00,0.06,0.01
29030,-0.39,-0.21,0.04,-0.01,0.04,0.00
29040,-0.47,0.30,0.03,-0.00,0.03,0.01
29050,0.71,0.40,0.04,0.01,0.05,0.03
29060,0.59,0.05,0.06,0.01,0.06,0.03
29070,-0.36,0.06,0.05,0.01,0.05,0.03
29080,-0.38,0.12,0.04,0.01,0.04,0.03
29090,0.31,-0.13,0.04,0.01,0.05,0.03
29100,0.41,-0.49,0.05,-0.00,0.06,0.01
29110,-0.52,0.29,0.04,0.00,0.04,0.02
29120,0.19,-0.38,0.04,-0.00,0.05,0.01
29130,0.18,0.33,0.05,0.00,0.05,0.02
29140,-0.23,-0.10,0.04,0.00,0.04,0.01
29150,-0.48,-0.37,0.03,-0.01,0.03,0.00
29160,-0.25,-0.03,0.03,-0.01,0.02,0.00
29170,-0.37,0.05,0.02,-0.01,0.01,0.00
29180,0.66,0.26,0.03,-0.00,0.03,0.01
29190,0.07,-0.40,0.03,-0.01,0.03,0.00
29200,-0.05,-0.43,0.03,-0.02,0.03,-0.01
29210,0.57,0.09,0.04,-0.02,0.04,-0.01
29220,-0.33,0.23,0.04,-0.01,0.03,-0.00
29230,-0.06,0.23,0.03,-0.01,0.03,0.00
29240,-0.47,0.01,0.02,-0.01,0.01,0.00
29250,-0.38,-0.25,0.02,-0.01,0.00,-0.00
29260,-0.25,-0.53,0.01,-0.02,-0.01,-0.02
29270,0.18,0.27,0.01,-0.02,-0.00,-0.01
29280,0.50,-0.03,0.02,-0.02,0.01,-0.01
29290,-0.64,-0.26,0.01,-0.02,-0.01,-0.02
29300,0.29,0.26,0.02,-0.02,0.00,-0.01
29310,0.21,-0.05,0.02,-0.02,0.01,-0.01
29320,0.33,0.04,0.03,-0.02,0.02,-0.01
29330,-0.09,0.49,0.03,-0.01,0.02,0.00
29340,0.54,0.11,0.04,-0.01,0.03,0.01
29350,-0.51,0.03,0.03,-0.01,0.02,0.01
29360,-0.49,-0.05,0.02,-0.01,0.00,0.01
29370,0.20,0.02,0.02,-0.01,0.01,0.01
29380,-0.37,0.28,0.01,0.00,-0.01,0.02
29390,0.59,-0.07,0.02,-0.00,0.01,0.01
29400,0.67,-0.13,0.04,-0.00,0.03,0.01
29410,0.25,0.01,0.04,-0.00,0.04,0.01
29420,0.12,-0.29,0.04,-0.01,0.04,0.00
29430,0.13,-0.17,0.05,-0.01,0.05,-0.00
29440,-0.21,-0.36,0.04,-0.02,0.04,-0.01
29450,-0.62,-0.35,0.03,-0.03,0.02,-0.03
29460,-0.20,0.57,0.02,-0.01,0.01,-0.01
29470,-0.65,0.21,0.01,-0.01,-0.01,-0.00
29480,-0.81,-0.50,-0.01,-0.02,-0.03,-0.02
29490,-0.00,0.02,-0.01,-0.02,-0.03,-0.01
29500,0.22,-0.16,-0.00,-0.02,-0.03,-0.02
29510,-0.41,0.05,-0.01,-0.02,-0.04,-0.02
29520,0.08,0.25,-0.01,-0.02,-0.04,-0.01
29530,0.26,-0.04,-0.00,-0.02,-0.03,-0.01
29540,0.71,0.28,0.01,-0.01,-0.01,-0.00
29550,0.23,0.13,0.02,-0.01,0.00,0.00
29560,-0.01,-0.11,0.02,-0.01,0.00,-0.00
29570,0.15,0.06,0.02,-0.01,0.01,0.00
29580,-0.04,-0.14,0.02,-0.01,0.00,-0.00
29590,-0.07,0.23,0.02,-0.01,0.00,0.00
29600,0.10,-0.34,0.02,-0.01,0.00,-0.01
29610,-0.11,0.18,0.02,-0.01,0.00,-0.00
29620,-0.11,0.06,0.02,-0.01,-0.00,0.00
29630,0.55,0.25,0.03,-0.00,0.01,0.01
29640,-0.00,0.11,0.02,-0.00,0.01,0.01
29650,-0.16,0.12,0.02,0.00,0.01,0.02
29660,-0.17,-0.47,0.02,-0.01,0.00,0.00
29670,-0.01,-0.30,0.02,-0.01,0.00,-0.01
29680,0.50,-0.01,0.03,-0.01,0.02,-0.01
29690,0.21,0.21,0.03,-0.01,0.02,-0.00
29700,0.27,0.04,0.04,-0.01,0.03,0.00
29710,-0.39,-0.21,0.03,-0.01,0.02,-0.01
29720,-0.05,0.16,0.03,-0.01,0.02,-0.00
29730,0.31,-0.24,0.03,-0.01,0.02,-0.01
29740,0.60,-0.07,0.04,-0.02,0.04,-0.01
29750,-0.37,-0.34,0.04,-0.02,0.03,-0.02
29760,-0.48,-0.14,0.02,-0.03,0.01,-0.02
29770,-0.08,0.08,0.02,-0.02,0.01,-0.02
29780,-0.24,0.04,0.02,-0.02,0.00,-0.02
29790,-0.11,0.44,0.02,-0.01,-0.00,-0.01
29800,0.21,-0.44,0.02,-0.02,0.01,-0.02
29810,-0.41,-0.30,0.01,-0.03,-0.01,-0.03
29820,-0.45,-0.12,0.00,-0.03,-0.02,-0.03
29830,0.41,0.68,0.01,-0.01,-0.01,-0.01
29840,-0.08,-0.29,0.01,-0.02,-0.01,-0.02
29850,0.66,0.69,0.02,-0.01,0.01,0.00
29860,0.11,-0.17,0.02,-0.01,0.01,-0.00
29870,-0.06,-0.56,0.02,-0.02,0.01,-0.02
29880,0.11,-0.06,0.02,-0.02,0.01,-0.02
29890,0.93,0.12,0.04,-0.02,0.04,-0.02
29900,-0.29,0.05,0.04,-0.02,0.03,-0.01
29910,0.18,0.31,0.04,-0.01,0.04,-0.00
29920,-0.13,0.03,0.04,-0.01,0.03,-0.00
29930,-0.31,-0.08,0.03,-0.01,0.02,-0.00
29940,-0.04,0.07,0.03,-0.01,0.02,-0.00
29950,0.58,-0.29,0.04,-0.02,0.04,-0.01
29960,0.32,-0.44,0.04,-0.02,0.04,-0.02
29970,0.12,-0.08,0.05,-0.03,0.05,-0.03
29980,0.26,0.46,0.05,-0.02,0.05,-0.01
29990,0.52,-0.13,0.06,-0.02,0.07,-0.01
