========================================
  BAI 5: DO SHOCK & PHAN TICH DAO DONG
========================================
Chon che do:
  S - Shock detection (phat hien va cham real-time)
  V - Vibration sampling 512 mau @ 500Hz (cho Python FFT)

[SHOCK DETECTION] Nguong: 
2.00 g tu 1g binh thuong
Xuat: Time_ms,Ax,Ay,Az,Magnitude,SHOCK(0/1)
Gui 'q' de dung.

2398201,0.010,-0.010,1.015,1.015,0
2398206,0.013,-0.011,1.014,1.014,0
2398212,0.013,-0.012,1.017,1.017,0
2398217,0.011,-0.012,1.016,1.016,0
2398223,0.010,-0.009,1.012,1.012,0
2398228,0.010,-0.008,1.012,1.012,0
2398233,0.011,-0.012,1.012,1.012,0
2398238,0.012,-0.010,1.013,1.013,0
2398243,0.010,-0.011,1.012,1.012,0
2398248,0.011,-0.008,1.013,1.013,0
2398254,0.011,-0.010,1.012,1.013,0
2398260,0.015,-0.015,1.012,1.012,0
2398265,0.010,-0.011,1.011,1.011,0
2398270,0.014,-0.012,1.007,1.007,0
2398275,0.014,-0.011,1.013,1.013,0
2398280,0.014,-0.010,1.012,1.012,0
2398285,0.013,-0.012,1.012,1.012,0
2398290,0.015,-0.011,1.010,1.011,0
2398296,0.014,-0.010,1.012,1.012,0
2398302,0.014,-0.011,1.014,1.014,0
2398307,0.013,-0.014,1.012,1.013,0
2398312,0.015,-0.011,1.015,1.016,0
2398317,0.015,-0.011,1.011,1.011,0
2398322,0.013,-0.010,1.012,1.012,0
2398327,0.015,-0.013,1.010,1.010,0
2398332,0.013,-0.013,1.011,1.011,0
2398339,0.015,-0.011,1.016,1.016,0
2398344,0.015,-0.012,1.014,1.014,0
2398349,0.015,-0.011,1.015,1.015,0
2398354,0.011,-0.010,1.015,1.015,0
2398359,0.012,-0.007,1.015,1.015,0
2398364,0.014,-0.009,1.014,1.015,0
2398369,0.014,-0.010,1.012,1.013,0
2398375,0.014,-0.010,1.011,1.011,0
2398381,0.013,-0.011,1.015,1.015,0
2398386,0.012,-0.012,1.016,1.017,0
2398391,0.013,-0.013,1.016,1.016,0
2398396,0.012,-0.011,1.015,1.015,0
2398401,0.011,-0.011,1.017,1.017,0
2398406,0.011,-0.010,1.015,1.015,0
2398412,0.011,-0.010,1.012,1.012,0
2398417,0.012,-0.012,1.012,1.012,0
2398423,0.012,-0.010,1.014,1.014,0
2398428,0.014,-0.010,1.016,1.016,0
2398433,0.015,-0.009,1.012,1.012,0
2398438,0.014,-0.009,1.014,1.015,0
2398443,0.013,-0.010,1.016,1.016,0
2398448,0.012,-0.008,1.015,1.015,0
2398454,0.015,-0.007,1.017,1.017,0
2398459,0.012,-0.009,1.014,1.014,0
2398465,0.013,-0.010,1.013,1.013,0
2398470,0.014,-0.011,1.014,1.014,0
2398475,0.013,-0.011,1.013,1.013,0
2398480,0.011,-0.010,1.017,1.018,0
2398485,0.013,-0.011,1.018,1.018,0
2398491,0.013,-0.010,1.014,1.014,0
2398496,0.011,-0.012,1.014,1.014,0
2398501,0.012,-0.009,1.018,1.018,0
2398507,0.013,-0.011,1.016,1.016,0
2398512,0.012,-0.010,1.015,1.015,0
2398517,0.012,-0.011,1.013,1.013,0
2398522,0.012,-0.010,1.014,1.014,0
2398527,0.010,-0.011,1.009,1.009,0
2398533,0.011,-0.016,1.013,1.013,0
2398538,0.013,-0.009,1.013,1.013,0
2398543,0.011,-0.009,1.012,1.012,0
2398548,0.013,-0.011,1.013,1.013,0
2398554,0.012,-0.012,1.014,1.014,0
2398559,0.014,-0.012,1.012,1.012,0
2398564,0.014,-0.011,1.018,1.018,0
2398570,0.011,-0.012,1.018,1.018,0
2398575,0.014,-0.013,1.016,1.016,0
2398580,0.015,-0.011,1.011,1.011,0
2398585,0.014,-0.011,1.012,1.012,0
2398590,0.014,-0.008,1.014,1.014,0
2398596,0.014,-0.012,1.014,1.014,0
2398601,0.012,-0.011,1.016,1.016,0
2398607,0.013,-0.010,1.013,1.013,0
2398612,0.013,-0.012,1.011,1.011,0
2398617,0.016,-0.014,1.007,1.008,0
2398622,0.012,-0.011,1.014,1.014,0
2398627,0.012,-0.008,1.013,1.013,0
2398632,0.011,-0.011,1.012,1.012,0
2398638,0.014,-0.010,1.011,1.011,0
2398644,0.017,-0.011,1.009,1.009,0
2398649,0.015,-0.010,1.011,1.011,0
2398654,0.014,-0.011,1.014,1.015,0
2398659,0.012,-0.007,1.012,1.012,0
2398664,0.015,-0.008,1.011,1.011,0
2398669,0.012,-0.011,1.011,1.011,0
2398674,0.010,-0.011,1.012,1.012,0
2398680,0.014,-0.012,1.013,1.013,0
2398686,0.012,-0.012,1.012,1.013,0
2398691,0.012,-0.011,1.014,1.014,0
2398696,0.011,-0.010,1.013,1.013,0
2398701,0.013,-0.010,1.010,1.010,0
2398706,0.013,-0.009,1.013,1.013,0
2398711,0.015,-0.010,1.012,1.012,0
2398716,0.014,-0.011,1.015,1.015,0
2398723,0.016,-0.012,1.014,1.014,0
2398728,0.011,-0.010,1.013,1.013,0
2398733,0.012,-0.011,1.011,1.011,0
2398738,0.013,-0.011,1.010,1.010,0
2398743,0.014,-0.011,1.010,1.010,0
2398748,0.012,-0.011,1.011,1.011,0
2398753,0.013,-0.011,1.008,1.008,0
2398759,0.013,-0.011,1.012,1.012,0
2398765,0.012,-0.009,1.012,1.012,0
2398770,0.012,-0.009,1.011,1.011,0
2398775,0.014,-0.009,1.013,1.013,0
2398780,0.015,-0.009,1.011,1.011,0
2398785,0.013,-0.009,1.015,1.015,0
2398790,0.014,-0.011,1.015,1.015,0
2398795,0.013,-0.012,1.016,1.016,0
2398801,0.013,-0.009,1.015,1.015,0
2398807,0.010,-0.011,1.014,1.014,0
2398812,0.013,-0.010,1.016,1.016,0
2398817,0.014,-0.008,1.011,1.012,0
2398822,0.013,-0.011,1.014,1.014,0
2398827,0.013,-0.010,1.012,1.013,0
2398832,0.011,-0.011,1.012,1.012,0
2398838,0.015,-0.011,1.012,1.012,0
2398843,0.013,-0.010,1.014,1.014,0
2398849,0.013,-0.009,1.015,1.016,0
2398854,0.014,-0.007,1.016,1.016,0
2398859,0.015,-0.011,1.012,1.012,0
2398864,0.013,-0.010,1.012,1.012,0
2398869,0.015,-0.009,1.013,1.013,0
2398875,0.018,-0.010,1.011,1.012,0
2398880,0.014,-0.012,1.014,1.014,0
2398885,0.014,-0.011,1.014,1.015,0
2398891,0.014,-0.012,1.012,1.012,0
2398896,0.014,-0.011,1.014,1.015,0
2398901,0.015,-0.010,1.014,1.014,0
2398906,0.015,-0.009,1.017,1.017,0
2398911,0.014,-0.011,1.014,1.014,0
2398917,0.014,-0.012,1.011,1.011,0
2398922,0.013,-0.012,1.012,1.012,0
2398927,0.011,-0.010,1.011,1.012,0
2398932,0.013,-0.008,1.013,1.013,0
2398938,0.016,-0.011,1.013,1.013,0
2398943,0.015,-0.011,1.013,1.013,0
2398948,0.013,-0.010,1.013,1.013,0
2398954,0.011,-0.012,1.010,1.011,0
2398959,0.013,-0.010,1.012,1.013,0
2398964,0.013,-0.010,1.011,1.011,0
2398969,0.015,-0.010,1.016,1.016,0
2398974,0.013,-0.008,1.015,1.015,0
2398980,0.014,-0.012,1.017,1.017,0
2398985,0.016,-0.010,1.013,1.013,0
2398991,0.015,-0.010,1.014,1.015,0
2398996,0.014,-0.009,1.015,1.015,0
2399001,0.013,-0.008,1.016,1.016,0
2399006,0.011,-0.011,1.014,1.014,0
2399011,0.012,-0.011,1.012,1.012,0
2399016,0.012,-0.010,1.015,1.016,0
2399022,0.012,-0.009,1.013,1.013,0
2399027,0.014,-0.009,1.014,1.014,0
2399033,0.012,-0.012,1.009,1.009,0
2399038,0.012,-0.011,1.014,1.014,0
2399043,0.012,-0.011,1.015,1.015,0
2399048,0.017,-0.011,1.015,1.015,0
2399053,0.010,-0.012,1.011,1.011,0
2399058,0.010,-0.013,1.014,1.014,0
2399064,0.012,-0.010,1.014,1.014,0
2399070,0.014,-0.013,1.015,1.015,0
2399075,0.014,-0.011,1.013,1.013,0
2399080,0.016,-0.011,1.014,1.014,0
2399085,0.013,-0.009,1.013,1.013,0
2399090,0.015,-0.009,1.010,1.010,0
2399095,0.013,-0.011,1.009,1.010,0
2399100,0.012,-0.011,1.013,1.014,0
2399107,0.015,-0.014,1.016,1.016,0
2399112,0.011,-0.008,1.016,1.016,0
2399117,0.011,-0.011,1.016,1.016,0
2399122,0.012,-0.010,1.015,1.015,0
2399127,0.011,-0.012,1.016,1.017,0
2399132,0.015,-0.011,1.016,1.016,0
2399137,0.011,-0.008,1.012,1.012,0
2399143,0.011,-0.009,1.010,1.010,0
2399149,0.014,-0.011,1.011,1.012,0
2399154,0.015,-0.013,1.015,1.015,0
2399159,0.016,-0.009,1.013,1.013,0
2399164,0.011,-0.010,1.015,1.015,0
2399169,0.013,-0.010,1.012,1.012,0
2399174,0.014,-0.010,1.011,1.011,0
2399179,0.013,-0.011,1.014,1.014,0
2399185,0.014,-0.011,1.013,1.013,0
2399191,0.014,-0.010,1.016,1.016,0
2399196,0.014,-0.010,1.013,1.013,0
2399201,0.012,-0.012,1.011,1.011,0
2399206,0.016,-0.012,1.012,1.013,0
2399211,0.012,-0.012,1.013,1.013,0
2399216,0.011,-0.011,1.015,1.015,0
2399222,0.014,-0.008,1.014,1.014,0
2399227,0.014,-0.010,1.011,1.012,0
2399233,0.014,-0.012,1.013,1.013,0
2399238,0.012,-0.011,1.013,1.014,0
2399243,0.012,-0.013,1.018,1.018,0
2399248,0.012,-0.009,1.012,1.012,0
2399253,0.014,-0.011,1.017,1.017,0
2399259,0.012,-0.013,1.014,1.014,0
2399264,0.015,-0.014,1.012,1.013,0
2399269,0.012,-0.011,1.015,1.015,0
2399275,0.013,-0.009,1.013,1.013,0
2399280,0.009,-0.009,1.013,1.013,0
2399285,0.011,-0.012,1.011,1.011,0
2399290,0.012,-0.012,1.014,1.014,0
2399296,0.014,-0.013,1.013,1.013,0
2399301,0.014,-0.010,1.012,1.012,0
2399306,0.014,-0.010,1.014,1.014,0
2399311,0.011,-0.011,1.017,1.017,0
2399316,0.012,-0.012,1.013,1.013,0
2399322,0.013,-0.013,1.012,1.012,0
2399327,0.015,-0.012,1.012,1.012,0
2399333,0.015,-0.010,1.010,1.010,0
2399338,0.015,-0.009,1.012,1.012,0
2399343,0.016,-0.009,1.014,1.015,0
2399348,0.014,-0.011,1.013,1.013,0
2399353,0.013,-0.011,1.012,1.013,0
2399358,0.013,-0.010,1.010,1.011,0
2399364,0.013,-0.011,1.012,1.012,0
2399369,0.012,-0.012,1.011,1.011,0
2399375,0.014,-0.012,1.014,1.014,0
2399380,0.015,-0.012,1.012,1.012,0
2399385,0.012,-0.012,1.013,1.013,0
2399390,0.014,-0.012,1.017,1.017,0
2399395,0.014,-0.011,1.014,1.014,0
2399400,0.013,-0.010,1.015,1.015,0
2399406,0.014,-0.011,1.013,1.013,0
2399412,0.015,-0.010,1.013,1.013,0
2399417,0.013,-0.010,1.015,1.015,0
2399422,0.016,-0.011,1.016,1.016,0
2399427,0.015,-0.011,1.015,1.015,0
2399432,0.012,-0.012,1.012,1.012,0
2399437,0.013,-0.011,1.014,1.014,0
2399442,0.012,-0.011,1.012,1.012,0
2399449,0.013,-0.010,1.013,1.013,0
2399454,0.016,-0.008,1.016,1.016,0
2399459,0.013,-0.011,1.013,1.013,0
2399464,0.011,-0.010,1.012,1.012,0
2399469,0.013,-0.010,1.013,1.014,0
2399474,0.012,-0.012,1.015,1.015,0
2399479,0.012,-0.011,1.014,1.014,0
2399485,0.012,-0.012,1.014,1.014,0
2399491,0.014,-0.010,1.014,1.014,0
2399496,0.014,-0.012,1.012,1.013,0
2399501,0.012,-0.012,1.012,1.012,0
2399506,0.012,-0.010,1.011,1.011,0
2399511,0.012,-0.010,1.010,1.010,0
2399516,0.011,-0.014,1.013,1.013,0
2399521,0.011,-0.014,1.016,1.016,0
2399527,0.009,-0.012,1.015,1.016,0
2399533,0.014,-0.012,1.013,1.013,0
2399538,0.017,-0.012,1.011,1.011,0
2399543,0.014,-0.014,1.011,1.011,0
2399548,0.012,-0.011,1.012,1.012,0
2399553,0.011,-0.010,1.011,1.011,0
2399558,0.013,-0.012,1.014,1.015,0
2399564,0.012,-0.012,1.017,1.017,0
2399569,0.014,-0.012,1.013,1.013,0
2399575,0.016,-0.011,1.009,1.009,0
2399580,0.014,-0.011,1.012,1.012,0
2399585,0.009,-0.010,1.012,1.013,0
2399590,0.014,-0.011,1.012,1.012,0
2399595,0.016,-0.011,1.011,1.012,0
2399601,0.013,-0.012,1.012,1.012,0
2399606,0.013,-0.010,1.015,1.015,0
2399611,0.013,-0.008,1.016,1.016,0
2399617,0.012,-0.008,1.011,1.012,0
2399622,0.011,-0.009,1.012,1.012,0
2399627,0.015,-0.010,1.013,1.013,0
2399632,0.013,-0.012,1.014,1.014,0
2399638,0.011,-0.009,1.013,1.013,0
2399643,0.012,-0.011,1.013,1.013,0
2399648,0.010,-0.009,1.014,1.014,0
2399653,0.014,-0.009,1.013,1.013,0
2399659,0.011,-0.011,1.013,1.013,0
2399664,0.012,-0.009,1.014,1.014,0
2399669,0.012,-0.006,1.013,1.013,0
2399674,0.010,-0.010,1.012,1.012,0
2399680,0.010,-0.008,1.011,1.011,0
2399685,0.013,-0.010,1.013,1.013,0
2399690,0.013,-0.010,1.010,1.010,0
2399695,0.012,-0.012,1.011,1.011,0
2399700,0.014,-0.011,1.014,1.014,0
2399706,0.013,-0.010,1.011,1.011,0
2399711,0.010,-0.011,1.016,1.017,0
2399717,0.011,-0.009,1.013,1.013,0
2399722,0.010,-0.009,1.013,1.013,0
2399727,0.013,-0.010,1.012,1.012,0
2399732,0.015,-0.011,1.016,1.016,0
2399737,0.014,-0.008,1.015,1.015,0
2399742,0.014,-0.010,1.015,1.015,0
2399748,0.013,-0.008,1.017,1.017,0
2399753,0.014,-0.012,1.012,1.012,0
2399759,0.015,-0.012,1.011,1.011,0
2399764,0.014,-0.012,1.016,1.016,0
2399769,0.013,-0.013,1.014,1.014,0
2399774,0.014,-0.013,1.014,1.014,0
2399779,0.011,-0.011,1.010,1.010,0
2399784,0.012,-0.010,1.012,1.012,0
2399790,0.013,-0.014,1.013,1.013,0
2399796,0.014,-0.010,1.011,1.012,0
2399801,0.014,-0.010,1.013,1.013,0
2399806,0.014,-0.010,1.013,1.014,0
2399811,0.012,-0.011,1.011,1.011,0
2399816,0.011,-0.010,1.009,1.010,0
2399821,0.012,-0.012,1.013,1.013,0
2399826,0.013,-0.010,1.014,1.014,0
2399833,0.013,-0.011,1.010,1.011,0
2399838,0.012,-0.008,1.012,1.012,0
2399843,0.010,-0.011,1.015,1.015,0
2399848,0.011,-0.013,1.015,1.015,0
2399853,0.013,-0.012,1.014,1.014,0
2399858,0.013,-0.010,1.010,1.010,0
2399863,0.011,-0.007,1.012,1.012,0
2399869,0.014,-0.009,1.014,1.014,0
2399875,0.013,-0.010,1.014,1.014,0
2399880,0.013,-0.014,1.016,1.016,0
2399885,0.013,-0.014,1.011,1.011,0
2399890,0.014,-0.012,1.014,1.014,0
2399895,0.012,-0.012,1.012,1.012,0
2399900,0.011,-0.010,1.013,1.013,0
2399906,0.012,-0.012,1.012,1.012,0
2399911,0.013,-0.008,1.013,1.013,0
2399917,0.016,-0.012,1.015,1.015,0
2399922,0.015,-0.010,1.015,1.015,0
2399927,0.014,-0.010,1.014,1.014,0
2399932,0.011,-0.009,1.013,1.013,0
2399937,0.014,-0.011,1.015,1.015,0
2399942,0.015,-0.011,1.012,1.012,0
2399948,0.015,-0.010,1.013,1.013,0
2399953,0.013,-0.012,1.013,1.013,0
2399959,0.012,-0.012,1.013,1.014,0
2399964,0.012,-0.013,1.014,1.014,0
2399969,0.013,-0.009,1.017,1.017,0
2399974,0.012,-0.009,1.017,1.017,0
2399979,0.011,-0.012,1.015,1.015,0
2399985,0.011,-0.012,1.014,1.015,0
2399990,0.011,-0.012,1.016,1.017,0
2399995,0.011,-0.011,1.014,1.015,0
2400001,0.015,-0.010,1.012,1.012,0
2400006,0.012,-0.012,1.014,1.014,0
2400011,0.011,-0.011,1.013,1.013,0
2400016,0.013,-0.009,1.012,1.012,0
2400022,0.014,-0.008,1.013,1.013,0
2400027,0.013,-0.011,1.012,1.012,0
2400032,0.014,-0.011,1.017,1.017,0
2400037,0.017,-0.011,1.016,1.016,0
2400043,0.010,-0.012,1.018,1.018,0
2400048,0.011,-0.010,1.012,1.012,0
2400053,0.011,-0.009,1.010,1.010,0
2400059,0.012,-0.010,1.008,1.008,0
2400064,0.013,-0.010,1.009,1.009,0
2400069,0.013,-0.013,1.011,1.011,0
2400074,0.014,-0.012,1.010,1.010,0
2400079,0.012,-0.010,1.014,1.014,0
2400084,0.010,-0.007,1.010,1.010,0
2400090,0.012,-0.012,1.015,1.015,0
2400095,0.011,-0.010,1.014,1.014,0
2400101,0.012,-0.010,1.011,1.011,0
2400106,0.013,-0.009,1.011,1.011,0
2400111,0.013,-0.011,1.012,1.013,0
2400116,0.012,-0.012,1.014,1.015,0
2400121,0.009,-0.011,1.010,1.010,0
2400126,0.012,-0.009,1.010,1.011,0
2400132,0.015,-0.010,1.010,1.010,0
2400137,0.015,-0.012,1.013,1.013,0
2400143,0.014,-0.012,1.012,1.013,0
2400148,0.011,-0.008,1.014,1.014,0
2400153,0.013,-0.007,1.012,1.012,0
2400158,0.014,-0.010,1.013,1.013,0
2400163,0.015,-0.009,1.012,1.012,0
2400168,0.015,-0.010,1.013,1.013,0
2400174,0.012,-0.013,1.017,1.017,0
2400180,0.012,-0.013,1.014,1.014,0
2400185,0.012,-0.010,1.018,1.018,0
2400190,0.014,-0.010,1.016,1.017,0
2400195,0.013,-0.013,1.016,1.016,0
2400200,0.015,-0.010,1.012,1.013,0
2400205,0.014,-0.012,1.013,1.013,0
2400210,0.014,-0.009,1.013,1.013,0
2400216,0.014,-0.010,1.013,1.013,0
2400222,0.013,-0.010,1.013,1.013,0
2400227,0.014,-0.009,1.012,1.013,0
2400232,0.014,-0.011,1.015,1.016,0
2400237,0.012,-0.010,1.014,1.014,0
2400242,0.013,-0.012,1.014,1.015,0
2400247,0.015,-0.011,1.014,1.015,0
2400252,0.015,-0.011,1.015,1.016,0
2400259,0.014,-0.010,1.015,1.015,0
2400264,0.011,-0.010,1.012,1.012,0
2400269,0.012,-0.010,1.012,1.012,0
2400274,0.012,-0.011,1.016,1.016,0
2400279,0.011,-0.012,1.014,1.014,0
2400284,0.013,-0.012,1.014,1.014,0
2400289,0.015,-0.013,1.014,1.014,0
2400295,0.013,-0.013,1.017,1.017,0
2400301,0.014,-0.012,1.014,1.014,0
2400306,0.009,-0.011,1.014,1.014,0
2400311,0.011,-0.011,1.013,1.013,0
2400316,0.013,-0.012,1.013,1.013,0
2400321,0.014,-0.010,1.011,1.012,0
2400326,0.013,-0.008,1.015,1.015,0
2400331,0.011,-0.011,1.013,1.013,0
2400337,0.012,-0.012,1.012,1.012,0
2400343,0.012,-0.013,1.015,1.015,0
2400348,0.012,-0.009,1.011,1.011,0
2400353,0.016,-0.010,1.013,1.013,0
2400358,0.013,-0.013,1.013,1.013,0
2400363,0.014,-0.011,1.009,1.010,0
2400368,0.012,-0.010,1.012,1.013,0
2400374,0.011,-0.012,1.013,1.013,0
2400379,0.013,-0.012,1.015,1.015,0
2400385,0.012,-0.016,1.013,1.013,0
2400390,0.012,-0.013,1.015,1.015,0
2400395,0.013,-0.012,1.011,1.011,0
2400400,0.014,-0.011,1.014,1.014,0
2400405,0.011,-0.009,1.015,1.015,0
2400411,0.013,-0.010,1.017,1.017,0
2400416,0.012,-0.010,1.016,1.016,0
2400421,0.015,-0.013,1.013,1.013,0
2400427,0.013,-0.011,1.012,1.012,0
2400432,0.013,-0.009,1.015,1.015,0
2400437,0.014,-0.012,1.014,1.015,0
2400442,0.012,-0.010,1.013,1.013,0
2400447,0.011,-0.010,1.011,1.011,0
2400453,0.013,-0.011,1.015,1.015,0
2400458,0.015,-0.009,1.012,1.012,0
2400463,0.014,-0.009,1.014,1.014,0
2400468,0.011,-0.006,1.013,1.013,0
2400474,0.015,-0.010,1.014,1.014,0
2400479,0.015,-0.009,1.016,1.016,0
2400484,0.015,-0.009,1.015,1.015,0
2400490,0.014,-0.009,1.014,1.014,0
2400495,0.012,-0.009,1.013,1.013,0
2400500,0.011,-0.011,1.015,1.015,0
2400505,0.011,-0.009,1.013,1.013,0
2400510,0.010,-0.013,1.014,1.015,0
2400516,0.013,-0.012,1.014,1.014,0
2400521,0.012,-0.012,1.014,1.015,0
2400526,0.012,-0.011,1.016,1.016,0
2400532,0.012,-0.010,1.011,1.011,0
2400537,0.014,-0.009,1.014,1.014,0
2400542,0.012,-0.009,1.012,1.012,0
2400547,0.012,-0.009,1.013,1.013,0
2400552,0.015,-0.011,1.015,1.015,0
2400558,0.015,-0.012,1.015,1.016,0
2400563,0.013,-0.011,1.014,1.014,0
2400569,0.013,-0.012,1.014,1.014,0
2400574,0.012,-0.012,1.014,1.014,0
2400579,0.014,-0.013,1.013,1.013,0
2400584,0.013,-0.013,1.013,1.013,0
2400589,0.014,-0.010,1.012,1.013,0
2400594,0.013,-0.010,1.009,1.009,0
2400600,0.013,-0.010,1.015,1.015,0
2400606,0.013,-0.011,1.012,1.012,0
2400611,0.014,-0.011,1.015,1.015,0
2400616,0.012,-0.009,1.012,1.012,0
2400621,0.014,-0.008,1.014,1.014,0
2400626,0.015,-0.011,1.015,1.016,0
2400631,0.013,-0.009,1.011,1.011,0
2400636,0.013,-0.008,1.015,1.015,0
2400642,0.013,-0.011,1.013,1.013,0
2400648,0.012,-0.010,1.010,1.010,0
2400653,0.015,-0.012,1.011,1.011,0
2400658,0.013,-0.006,1.010,1.011,0
2400663,0.014,-0.009,1.014,1.014,0
2400668,0.013,-0.010,1.011,1.012,0
2400673,0.011,-0.011,1.012,1.012,0
2400678,0.011,-0.011,1.012,1.012,0
2400685,0.013,-0.009,1.015,1.015,0
2400690,0.013,-0.014,1.012,1.012,0
2400695,0.010,-0.011,1.010,1.010,0
2400700,0.015,-0.010,1.014,1.014,0
2400705,0.015,-0.009,1.012,1.012,0
2400710,0.014,-0.011,1.016,1.016,0
2400715,0.012,-0.011,1.015,1.015,0
2400720,0.012,-0.011,1.015,1.015,0
2400727,0.012,-0.011,1.014,1.014,0
2400732,0.012,-0.009,1.008,1.008,0
2400737,0.014,-0.012,1.011,1.011,0
2400742,0.012,-0.012,1.009,1.010,0
2400747,0.013,-0.013,1.013,1.013,0
2400752,0.012,-0.011,1.014,1.014,0
2400757,0.013,-0.012,1.013,1.013,0
2400763,0.013,-0.008,1.012,1.012,0
2400769,0.013,-0.010,1.015,1.015,0
2400774,0.013,-0.009,1.015,1.015,0
2400779,0.010,-0.011,1.017,1.017,0
2400784,0.012,-0.011,1.014,1.014,0
2400789,0.013,-0.010,1.012,1.012,0
2400794,0.012,-0.011,1.011,1.011,0
2400799,0.012,-0.010,1.018,1.018,0
2400805,0.013,-0.011,1.019,1.019,0
2400811,0.012,-0.009,1.013,1.013,0
2400816,0.013,-0.009,1.013,1.013,0
2400821,0.012,-0.010,1.015,1.015,0
2400826,0.011,-0.009,1.014,1.014,0
2400831,0.012,-0.012,1.015,1.015,0
2400836,0.013,-0.011,1.012,1.012,0
2400842,0.012,-0.009,1.013,1.013,0
2400847,0.011,-0.010,1.015,1.015,0
2400852,0.012,-0.012,1.013,1.013,0
2400858,0.014,-0.012,1.012,1.012,0
2400863,0.013,-0.010,1.013,1.013,0
2400868,0.010,-0.009,1.011,1.011,0
2400873,0.013,-0.009,1.013,1.013,0
2400879,0.012,-0.010,1.013,1.013,0
2400884,0.014,-0.011,1.012,1.012,0
2400889,0.013,-0.011,1.014,1.014,0
2400894,0.013,-0.009,1.013,1.013,0
2400900,0.013,-0.012,1.016,1.016,0
2400905,0.013,-0.009,1.012,1.012,0
2400910,0.015,-0.012,1.012,1.012,0
2400915,0.011,-0.011,1.010,1.010,0
2400921,0.011,-0.008,1.013,1.013,0
2400926,0.010,-0.009,1.012,1.012,0
2400931,0.012,-0.011,1.014,1.014,0
2400936,0.013,-0.011,1.013,1.013,0
2400942,0.011,-0.010,1.014,1.014,0
2400947,0.012,-0.010,1.015,1.015,0
2400952,0.011,-0.010,1.015,1.015,0
2400958,0.014,-0.009,1.013,1.013,0
2400963,0.012,-0.012,1.012,1.013,0
2400968,0.012,-0.011,1.014,1.014,0
2400973,0.012,-0.011,1.011,1.011,0
2400978,0.012,-0.009,1.014,1.014,0
2400984,0.013,-0.009,1.016,1.016,0
2400989,0.012,-0.009,1.015,1.015,0
2400994,0.010,-0.012,1.014,1.014,0
2401000,0.011,-0.013,1.009,1.009,0
2401005,0.011,-0.012,1.008,1.009,0
2401010,0.012,-0.013,1.013,1.013,0
2401015,0.012,-0.012,1.011,1.012,0
2401020,0.011,-0.011,1.012,1.012,0
2401026,0.013,-0.011,1.012,1.012,0
2401031,0.013,-0.012,1.013,1.013,0
2401037,0.014,-0.013,1.013,1.013,0
2401042,0.015,-0.012,1.010,1.011,0
2401047,0.012,-0.012,1.012,1.012,0
2401052,0.012,-0.010,1.011,1.011,0
2401057,0.014,-0.008,1.013,1.013,0
2401062,0.013,-0.008,1.015,1.015,0
2401068,0.012,-0.010,1.013,1.013,0
2401074,0.014,-0.013,1.015,1.015,0
2401079,0.013,-0.010,1.012,1.012,0
2401084,0.013,-0.011,1.015,1.015,0
2401089,0.013,-0.009,1.014,1.014,0
2401094,0.012,-0.010,1.011,1.011,0
2401099,0.011,-0.008,1.016,1.016,0
2401104,0.012,-0.011,1.016,1.016,0
2401110,0.013,-0.012,1.013,1.013,0
2401116,0.013,-0.012,1.015,1.015,0
2401121,0.012,-0.013,1.014,1.014,0
2401126,0.013,-0.011,1.015,1.015,0
2401131,0.014,-0.009,1.014,1.014,0
2401136,0.013,-0.009,1.015,1.015,0
2401141,0.011,-0.011,1.014,1.014,0
2401146,0.010,-0.012,1.012,1.013,0
2401153,0.013,-0.008,1.014,1.014,0
2401158,0.013,-0.008,1.014,1.014,0
2401163,0.012,-0.011,1.017,1.017,0
2401168,0.014,-0.011,1.013,1.013,0
2401173,0.013,-0.013,1.016,1.016,0
2401178,0.015,-0.012,1.015,1.015,0
2401183,0.011,-0.012,1.013,1.013,0
2401189,0.013,-0.012,1.012,1.012,0
2401195,0.012,-0.010,1.013,1.013,0
2401200,0.013,-0.011,1.015,1.015,0
2401205,0.012,-0.010,1.013,1.013,0
2401210,0.012,-0.008,1.013,1.013,0
2401215,0.013,-0.009,1.013,1.014,0
2401220,0.014,-0.011,1.016,1.017,0
2401225,0.015,-0.008,1.016,1.016,0
2401231,0.014,-0.009,1.018,1.018,0
2401236,0.012,-0.012,1.013,1.013,0
2401242,0.013,-0.014,1.014,1.014,0
2401247,0.013,-0.011,1.011,1.011,0
2401252,0.011,-0.010,1.010,1.011,0
2401257,0.013,-0.010,1.010,1.010,0
2401262,0.014,-0.010,1.013,1.013,0
2401268,0.013,-0.012,1.010,1.010,0
2401273,0.013,-0.013,1.012,1.012,0
2401278,0.012,-0.010,1.011,1.011,0
2401284,0.010,-0.009,1.013,1.013,0
2401289,0.012,-0.011,1.015,1.015,0
2401294,0.012,-0.008,1.012,1.012,0
2401299,0.013,-0.010,1.011,1.011,0
2401304,0.011,-0.012,1.012,1.012,0
2401310,0.012,-0.013,1.016,1.016,0
2401315,0.014,-0.012,1.011,1.011,0
2401320,0.013,-0.009,1.013,1.013,0
2401326,0.015,-0.009,1.015,1.016,0
2401331,0.015,-0.008,1.013,1.013,0
2401336,0.013,-0.010,1.015,1.015,0
2401341,0.012,-0.008,1.016,1.016,0
2401347,0.015,-0.012,1.013,1.013,0
2401352,0.012,-0.012,1.014,1.014,0
2401357,0.014,-0.010,1.014,1.014,0
2401362,0.014,-0.010,1.014,1.015,0
2401368,0.014,-0.010,1.017,1.017,0
2401373,0.015,-0.013,1.016,1.016,0
2401378,0.012,-0.009,1.013,1.013,0
2401384,0.013,-0.010,1.014,1.015,0
2401389,0.013,-0.013,1.012,1.012,0
2401394,0.011,-0.013,1.012,1.013,0
2401399,0.010,-0.010,1.014,1.014,0
2401404,0.011,-0.010,1.012,1.012,0
2401410,0.012,-0.011,1.012,1.013,0
2401415,0.013,-0.011,1.012,1.012,0
2401420,0.012,-0.008,1.013,1.013,0
2401426,0.013,-0.010,1.013,1.013,0
2401431,0.012,-0.010,1.014,1.014,0
2401436,0.014,-0.012,1.012,1.012,0
2401441,0.015,-0.012,1.012,1.012,0
2401446,0.013,-0.011,1.014,1.015,0
2401452,0.015,-0.011,1.013,1.013,0
2401457,0.014,-0.010,1.010,1.011,0
2401463,0.016,-0.012,1.015,1.015,0
2401468,0.013,-0.012,1.015,1.015,0
2401473,0.012,-0.010,1.016,1.016,0
2401478,0.013,-0.011,1.013,1.013,0
2401483,0.014,-0.011,1.013,1.013,0
2401488,0.011,-0.013,1.012,1.012,0
2401494,0.013,-0.009,1.014,1.014,0
2401500,0.011,-0.008,1.013,1.013,0
2401505,0.012,-0.011,1.013,1.013,0
2401510,0.012,-0.010,1.014,1.014,0
2401515,0.011,-0.012,1.012,1.012,0
2401520,0.012,-0.014,1.013,1.013,0
2401525,0.014,-0.014,1.014,1.014,0
2401530,0.012,-0.011,1.014,1.014,0
2401536,0.015,-0.011,1.014,1.014,0
2401542,0.012,-0.011,1.011,1.011,0
2401547,0.013,-0.012,1.012,1.013,0
2401552,0.013,-0.011,1.015,1.015,0
2401557,0.013,-0.009,1.014,1.014,0
2401562,0.012,-0.011,1.016,1.016,0
2401567,0.013,-0.011,1.013,1.013,0
2401572,0.012,-0.011,1.010,1.010,0
2401579,0.013,-0.010,1.014,1.014,0
2401584,0.015,-0.008,1.013,1.013,0
2401589,0.013,-0.011,1.010,1.010,0
2401594,0.011,-0.011,1.013,1.013,0
2401599,0.014,-0.008,1.013,1.014,0
2401604,0.014,-0.010,1.013,1.014,0
2401609,0.011,-0.008,1.010,1.010,0
2401614,0.012,-0.013,1.014,1.014,0
2401620,0.014,-0.010,1.014,1.014,0
2401626,0.012,-0.011,1.015,1.015,0
2401631,0.013,-0.010,1.012,1.012,0
2401636,0.014,-0.010,1.016,1.016,0
2401641,0.013,-0.010,1.015,1.015,0
2401646,0.012,-0.010,1.016,1.016,0
2401651,0.011,-0.010,1.013,1.013,0
2401657,0.013,-0.010,1.014,1.014,0
2401662,0.014,-0.010,1.013,1.013,0
2401668,0.013,-0.010,1.010,1.010,0
2401673,0.014,-0.011,1.014,1.014,0
2401678,0.013,-0.012,1.012,1.012,0
2401683,0.010,-0.012,1.014,1.014,0
2401688,0.014,-0.010,1.011,1.011,0
2401694,0.014,-0.011,1.013,1.013,0
2401699,0.014,-0.012,1.013,1.013,0
2401704,0.011,-0.011,1.016,1.016,0
2401710,0.011,-0.014,1.017,1.017,0
2401715,0.013,-0.011,1.016,1.016,0
2401720,0.014,-0.014,1.017,1.017,0
2401725,0.014,-0.014,1.013,1.014,0
2401730,0.015,-0.012,1.014,1.014,0
2401736,0.014,-0.010,1.016,1.016,0
2401741,0.014,-0.012,1.014,1.015,0
2401746,0.012,-0.011,1.012,1.012,0
2401752,0.012,-0.014,1.013,1.013,0
2401757,0.012,-0.011,1.010,1.010,0
2401762,0.012,-0.011,1.011,1.011,0
2401767,0.013,-0.009,1.010,1.010,0
2401773,0.016,-0.010,1.010,1.011,0
2401778,0.013,-0.010,1.013,1.013,0
2401783,0.013,-0.011,1.012,1.012,0
2401788,0.013,-0.010,1.011,1.011,0
2401794,0.013,-0.011,1.015,1.015,0
2401799,0.013,-0.012,1.011,1.011,0
2401804,0.013,-0.011,1.015,1.015,0
2401810,0.015,-0.013,1.015,1.015,0
2401815,0.012,-0.011,1.017,1.017,0
2401820,0.011,-0.010,1.016,1.016,0
2401825,0.012,-0.010,1.013,1.013,0
2401830,0.013,-0.010,1.013,1.013,0
2401836,0.014,-0.008,1.012,1.012,0
2401841,0.015,-0.008,1.013,1.013,0
2401846,0.015,-0.011,1.016,1.016,0
2401852,0.015,-0.011,1.012,1.012,0
2401857,0.015,-0.011,1.011,1.011,0
2401862,0.012,-0.013,1.016,1.016,0
2401867,0.010,-0.013,1.015,1.015,0
2401872,0.013,-0.013,1.015,1.015,0
2401878,0.018,-0.011,1.012,1.012,0
2401883,0.014,-0.011,1.013,1.013,0
2401889,0.010,-0.011,1.011,1.011,0
2401894,0.015,-0.010,1.015,1.015,0
2401899,0.015,-0.011,1.014,1.015,0
2401904,0.013,-0.012,1.011,1.011,0
2401909,0.012,-0.009,1.013,1.013,0
2401914,0.011,-0.013,1.014,1.014,0
2401920,0.013,-0.010,1.012,1.013,0
2401926,0.011,-0.010,1.013,1.013,0
2401931,0.015,-0.010,1.013,1.013,0
2401936,0.014,-0.010,1.012,1.012,0
2401941,0.014,-0.012,1.012,1.013,0
2401946,0.012,-0.010,1.012,1.012,0
2401951,0.013,-0.012,1.013,1.013,0
2401956,0.013,-0.011,1.010,1.010,0
2401963,0.013,-0.011,1.013,1.013,0
2401968,0.014,-0.010,1.012,1.012,0
2401973,0.015,-0.007,1.014,1.014,0
2401978,0.011,-0.008,1.012,1.012,0
2401983,0.013,-0.011,1.012,1.012,0
2401988,0.015,-0.011,1.013,1.013,0
2401993,0.014,-0.011,1.011,1.011,0
2401998,0.014,-0.009,1.014,1.014,0
2402004,0.013,-0.011,1.015,1.015,0
2402010,0.013,-0.011,1.014,1.014,0
2402015,0.014,-0.010,1.015,1.015,0
2402020,0.013,-0.009,1.016,1.016,0
2402025,0.015,-0.011,1.016,1.016,0
2402030,0.017,-0.010,1.016,1.016,0
2402035,0.013,-0.011,1.016,1.016,0
2402041,0.012,-0.013,1.015,1.015,0
2402046,0.012,-0.011,1.018,1.018,0
2402052,0.011,-0.011,1.015,1.015,0
2402057,0.011,-0.010,1.013,1.013,0
2402062,0.014,-0.010,1.015,1.015,0
2402067,0.013,-0.009,1.016,1.016,0
2402072,0.010,-0.010,1.015,1.015,0
2402078,0.012,-0.011,1.012,1.012,0
2402083,0.014,-0.012,1.014,1.014,0
2402088,0.009,-0.013,1.015,1.015,0
2402094,0.011,-0.011,1.011,1.012,0
2402099,0.013,-0.013,1.014,1.014,0
2402104,0.015,-0.010,1.014,1.015,0
2402109,0.015,-0.007,1.015,1.015,0
2402114,0.013,-0.009,1.012,1.012,0
2402120,0.013,-0.012,1.011,1.011,0
2402125,0.012,-0.012,1.015,1.015,0
2402130,0.013,-0.013,1.012,1.012,0
2402136,0.013,-0.013,1.012,1.012,0
2402141,0.012,-0.011,1.011,1.011,0
2402146,0.013,-0.010,1.015,1.015,0
2402151,0.014,-0.010,1.016,1.016,0
2402157,0.011,-0.009,1.016,1.016,0
2402162,0.014,-0.012,1.010,1.011,0
2402167,0.014,-0.012,1.009,1.010,0
2402172,0.013,-0.011,1.012,1.012,0
2402178,0.012,-0.011,1.013,1.013,0
2402183,0.013,-0.008,1.013,1.013,0
2402188,0.012,-0.012,1.012,1.012,0
2402193,0.011,-0.009,1.013,1.013,0
2402199,0.014,-0.012,1.011,1.011,0
2402204,0.013,-0.010,1.012,1.012,0
2402209,0.012,-0.011,1.012,1.012,0
2402214,0.013,-0.010,1.013,1.013,0
2402220,0.015,-0.010,1.016,1.016,0
2402225,0.012,-0.010,1.013,1.013,0
2402230,0.010,-0.011,1.012,1.013,0
2402236,0.011,-0.010,1.014,1.015,0
2402241,0.013,-0.008,1.015,1.015,0
2402246,0.015,-0.010,1.013,1.013,0
2402251,0.011,-0.012,1.016,1.016,0
2402256,0.011,-0.012,1.012,1.012,0
2402262,0.015,-0.013,1.013,1.013,0
2402267,0.015,-0.009,1.013,1.014,0
2402273,0.014,-0.009,1.014,1.014,0
2402278,0.012,-0.010,1.016,1.016,0
2402283,0.010,-0.010,1.013,1.013,0
2402288,0.012,-0.011,1.013,1.013,0
2402293,0.015,-0.012,1.015,1.015,0
2402298,0.016,-0.012,1.017,1.017,0
2402304,0.010,-0.009,1.013,1.013,0
2402310,0.012,-0.009,1.013,1.013,0
2402315,0.012,-0.012,1.012,1.012,0
2402320,0.011,-0.012,1.011,1.011,0
2402325,0.011,-0.010,1.014,1.014,0
2402330,0.014,-0.013,1.011,1.012,0
2402335,0.015,-0.012,1.013,1.013,0
2402340,0.014,-0.010,1.013,1.013,0
2402345,0.012,-0.008,1.012,1.012,0
2402352,0.013,-0.012,1.013,1.013,0
2402357,0.014,-0.012,1.012,1.012,0
2402362,0.012,-0.011,1.015,1.015,0
2402367,0.011,-0.011,1.012,1.012,0
2402372,0.012,-0.009,1.013,1.013,0
2402377,0.014,-0.010,1.014,1.014,0
2402382,0.013,-0.012,1.011,1.011,0
2402388,0.015,-0.010,1.009,1.009,0
2402394,0.015,-0.009,1.011,1.012,0
2402399,0.011,-0.010,1.015,1.015,0
2402404,0.012,-0.014,1.012,1.012,0
2402409,0.014,-0.013,1.013,1.013,0
2402414,0.012,-0.013,1.010,1.010,0
2402419,0.012,-0.010,1.011,1.011,0
2402424,0.009,-0.009,1.014,1.015,0
2402430,0.012,-0.011,1.011,1.011,0
2402436,0.012,-0.011,1.014,1.014,0
2402441,0.012,-0.010,1.015,1.015,0
2402446,0.011,-0.012,1.009,1.009,0
2402451,0.015,-0.013,1.009,1.009,0
2402456,0.013,-0.009,1.011,1.011,0
2402461,0.015,-0.011,1.010,1.010,0
2402467,0.014,-0.010,1.011,1.012,0
2402472,0.013,-0.010,1.014,1.014,0
2402478,0.015,-0.011,1.015,1.015,0
2402483,0.015,-0.013,1.016,1.016,0
2402488,0.012,-0.012,1.015,1.016,0
2402493,0.012,-0.011,1.015,1.015,0
2402498,0.013,-0.014,1.013,1.013,0
2402503,0.014,-0.010,1.014,1.014,0
2402509,0.013,-0.011,1.011,1.011,0
2402514,0.010,-0.011,1.014,1.014,0
2402520,0.013,-0.008,1.016,1.016,0
2402525,0.010,-0.011,1.013,1.013,0
2402530,0.012,-0.012,1.012,1.012,0
2402535,0.014,-0.010,1.014,1.014,0
2402540,0.012,-0.011,1.014,1.014,0
2402546,0.015,-0.010,1.016,1.016,0
2402551,0.015,-0.009,1.016,1.016,0
2402556,0.016,-0.010,1.014,1.014,0
2402562,0.015,-0.012,1.013,1.014,0
2402567,0.014,-0.010,1.015,1.015,0
2402572,0.014,-0.009,1.015,1.015,0
2402577,0.011,-0.008,1.015,1.015,0
2402583,0.014,-0.011,1.017,1.017,0
2402588,0.015,-0.011,1.016,1.016,0
2402593,0.015,-0.012,1.012,1.012,0
2402598,0.015,-0.012,1.009,1.010,0
2402604,0.011,-0.009,1.015,1.015,0
2402609,0.012,-0.010,1.018,1.018,0
2402614,0.014,-0.010,1.016,1.016,0
2402619,0.016,-0.011,1.014,1.014,0
2402625,0.013,-0.013,1.015,1.016,0
2402630,0.012,-0.010,1.012,1.013,0
2402635,0.016,-0.010,1.011,1.012,0
2402640,0.013,-0.011,1.011,1.011,0
2402646,0.012,-0.011,1.014,1.014,0
2402651,0.013,-0.012,1.011,1.011,0
2402656,0.015,-0.012,1.009,1.009,0
2402662,0.015,-0.014,1.013,1.013,0
2402667,0.015,-0.011,1.014,1.015,0
2402672,0.011,-0.012,1.017,1.017,0
2402677,0.008,-0.011,1.011,1.011,0
2402682,0.012,-0.011,1.011,1.011,0
2402688,0.014,-0.011,1.012,1.012,0
2402693,0.015,-0.011,1.015,1.015,0
2402699,0.014,-0.010,1.014,1.014,0
2402704,0.011,-0.011,1.012,1.012,0
2402709,0.013,-0.012,1.013,1.013,0
2402714,0.014,-0.011,1.013,1.013,0
2402719,0.013,-0.010,1.013,1.014,0
2402724,0.014,-0.009,1.016,1.016,0
2402729,0.012,-0.009,1.014,1.014,0
2402735,0.012,-0.007,1.014,1.014,0
2402741,0.013,-0.007,1.013,1.013,0
2402746,0.013,-0.008,1.011,1.011,0
2402751,0.011,-0.011,1.012,1.012,0
2402756,0.011,-0.012,1.015,1.015,0
2402761,0.012,-0.013,1.013,1.013,0
2402766,0.011,-0.008,1.013,1.013,0
2402771,0.009,-0.009,1.011,1.011,0
2402778,0.014,-0.011,1.014,1.014,0
2402783,0.013,-0.011,1.016,1.016,0
2402788,0.014,-0.009,1.014,1.014,0
2402793,0.013,-0.008,1.019,1.019,0
2402798,0.013,-0.009,1.015,1.015,0
2402803,0.012,-0.009,1.013,1.013,0
2402808,0.012,-0.009,1.014,1.014,0
2402813,0.013,-0.011,1.015,1.016,0
2402820,0.013,-0.010,1.011,1.011,0
2402825,0.013,-0.009,1.014,1.014,0
2402830,0.013,-0.010,1.015,1.015,0
2402835,0.012,-0.007,1.014,1.014,0
2402840,0.012,-0.009,1.013,1.013,0
2402845,0.013,-0.011,1.011,1.011,0
2402850,0.012,-0.009,1.012,1.012,0
2402856,0.011,-0.012,1.013,1.013,0
2402862,0.011,-0.013,1.010,1.010,0
2402867,0.012,-0.012,1.010,1.010,0
2402872,0.015,-0.010,1.014,1.014,0
2402877,0.015,-0.012,1.013,1.013,0
2402882,0.014,-0.011,1.015,1.015,0
2402887,0.012,-0.012,1.017,1.017,0
2402893,0.013,-0.012,1.014,1.014,0
2402898,0.014,-0.011,1.011,1.011,0
2402904,0.014,-0.011,1.013,1.013,0
2402909,0.015,-0.011,1.012,1.012,0
2402914,0.015,-0.011,1.016,1.016,0
2402919,0.014,-0.009,1.020,1.020,0
2402924,0.014,-0.009,1.015,1.015,0
2402929,0.013,-0.011,1.015,1.016,0
2402935,0.014,-0.009,1.014,1.014,0
2402940,0.014,-0.010,1.014,1.014,0
2402946,0.014,-0.009,1.013,1.013,0
2402951,0.012,-0.011,1.014,1.015,0
2402956,0.010,-0.014,1.011,1.012,0
2402961,0.011,-0.013,1.012,1.012,0
2402966,0.012,-0.012,1.014,1.014,0
2402972,0.014,-0.009,1.018,1.018,0
2402977,0.012,-0.010,1.013,1.013,0
2402982,0.015,-0.008,1.013,1.013,0
2402988,0.013,-0.011,1.014,1.014,0
2402993,0.015,-0.011,1.014,1.014,0
2402998,0.013,-0.010,1.012,1.012,0
2403003,0.015,-0.009,1.012,1.012,0
2403009,0.012,-0.009,1.015,1.016,0
2403014,0.011,-0.011,1.014,1.014,0
2403019,0.015,-0.009,1.010,1.010,0
2403024,0.012,-0.010,1.011,1.011,0
2403030,0.011,-0.008,1.015,1.015,0
2403035,0.010,-0.011,1.013,1.013,0
2403040,0.011,-0.009,1.008,1.008,0
2403045,0.012,-0.012,1.014,1.014,0
2403051,0.013,-0.012,1.012,1.012,0
2403056,0.011,-0.009,1.012,1.013,0
2403061,0.010,-0.010,1.012,1.013,0
2403066,0.014,-0.011,1.013,1.013,0
2403072,0.013,-0.007,1.014,1.014,0
2403077,0.012,-0.011,1.015,1.016,0
2403082,0.012,-0.010,1.014,1.014,0
2403088,0.014,-0.008,1.014,1.014,0
2403093,0.016,-0.010,1.012,1.012,0
2403098,0.012,-0.009,1.013,1.013,0
2403103,0.014,-0.008,1.016,1.017,0
2403108,0.012,-0.011,1.015,1.015,0
2403113,0.013,-0.013,1.012,1.012,0
2403119,0.013,-0.012,1.012,1.012,0
2403124,0.011,-0.008,1.015,1.015,0
2403130,0.010,-0.010,1.013,1.013,0
2403135,0.011,-0.011,1.016,1.016,0
2403140,0.013,-0.011,1.014,1.014,0
2403145,0.012,-0.010,1.012,1.013,0
2403150,0.011,-0.010,1.013,1.013,0
2403155,0.013,-0.013,1.013,1.013,0
2403161,0.013,-0.011,1.016,1.016,0
2403167,0.014,-0.006,1.016,1.016,0
2403172,0.014,-0.010,1.014,1.014,0
2403177,0.011,-0.009,1.013,1.013,0
2403182,0.015,-0.010,1.016,1.016,0
2403187,0.012,-0.011,1.012,1.013,0
2403192,0.015,-0.008,1.011,1.011,0
2403197,0.011,-0.008,1.013,1.013,0
2403204,0.014,-0.009,1.011,1.012,0
2403209,0.014,-0.011,1.013,1.013,0
2403214,0.015,-0.011,1.014,1.014,0
2403219,0.013,-0.011,1.014,1.014,0
2403224,0.011,-0.009,1.012,1.012,0
2403229,0.012,-0.008,1.015,1.015,0
2403234,0.010,-0.009,1.013,1.013,0
2403239,0.011,-0.009,1.012,1.012,0
2403246,0.011,-0.011,1.012,1.012,0
2403251,0.009,-0.010,1.011,1.011,0
2403256,0.014,-0.011,1.013,1.013,0
2403261,0.012,-0.011,1.014,1.014,0
2403266,-0.152,0.100,0.955,0.972,0
2403271,0.383,0.012,-0.701,0.799,0
2403276,0.056,-0.011,0.100,0.115,0
2403282,-0.813,-1.998,2.058,2.981,0
2403288,1.979,-0.179,-1.463,2.468,0
2403293,1.116,0.427,0.646,1.358,0
2403298,-0.320,0.020,0.594,0.675,0
2403303,0.056,-0.000,-0.117,0.130,0
2403308,0.169,-0.030,-0.262,0.314,0
2403313,0.266,-0.052,-0.434,0.512,0
2403319,0.015,-0.037,-0.040,0.057,0
2403324,0.005,-0.036,-0.016,0.040,0
2403330,0.039,-0.005,-0.064,0.076,0
2403335,0.006,0.014,-0.011,0.019,0
2403340,-0.042,0.008,0.065,0.077,0
2403345,-0.054,0.017,0.110,0.124,0
2403350,-0.028,0.021,0.061,0.070,0
2403355,-0.020,0.015,0.056,0.061,0
2403360,-0.069,0.014,0.122,0.141,0
2403366,-0.082,0.007,0.151,0.172,0
2403372,-0.075,-0.009,0.126,0.147,0
2403377,-0.081,-0.016,0.129,0.153,0
2403382,-0.085,-0.013,0.155,0.177,0
2403387,-0.084,-0.020,0.179,0.199,0
2403392,-0.086,-0.021,0.172,0.194,0
2403397,-0.040,-0.026,0.067,0.083,0
2403403,0.001,-0.029,-0.007,0.030,0
2403408,0.022,-0.032,-0.036,0.053,0
2403414,0.035,-0.040,-0.061,0.081,0
2403419,0.091,-0.040,-0.138,0.170,0
2403424,0.126,-0.040,-0.187,0.229,0
2403429,0.140,-0.035,-0.206,0.252,0
2403434,0.132,-0.034,-0.182,0.227,0
2403439,0.124,-0.022,-0.160,0.204,0
2403445,0.102,-0.007,-0.136,0.170,0
2403450,0.057,0.008,-0.065,0.087,0
2403456,0.635,1.576,0.351,1.735,0
>>> SHOCK DETECTED! <<<
2403461,-2.021,1.218,2.058,3.131,1
>>> SHOCK KET THUC. Thoi gian: 5 ms | Bien do dinh: 3.131 g <<<
2403467,0.339,0.185,0.181,0.426,0
2403472,1.032,-0.719,2.058,2.412,0
>>> SHOCK DETECTED! <<<
2403478,-2.021,-1.502,2.058,3.252,1
>>> SHOCK KET THUC. Thoi gian: 5 ms | Bien do dinh: 3.252 g <<<
2403484,1.979,0.055,-1.942,2.774,0
2403489,0.556,0.289,-0.843,1.050,0
2403494,0.513,0.535,2.058,2.187,0
2403501,-0.607,0.285,1.340,1.499,0
2403506,0.302,0.064,-0.139,0.339,0
2403511,-1.170,-0.357,2.058,2.394,0
2403516,-0.515,-0.172,1.006,1.143,0
2403521,0.226,0.297,0.910,0.984,0
2403526,0.337,-0.049,0.548,0.645,0
2403531,0.260,-0.155,1.169,1.208,0
2403537,-0.294,-0.009,1.396,1.427,0
2403543,0.007,-0.033,0.868,0.868,0
2403548,0.030,-0.002,0.917,0.917,0
2403553,0.036,-0.049,0.951,0.953,0
2403558,0.004,-0.019,1.038,1.039,0
2403563,0.004,-0.024,1.047,1.048,0
2403568,0.001,-0.005,1.031,1.031,0
2403574,0.000,-0.024,1.001,1.001,0
2403579,0.026,-0.030,0.970,0.970,0
2403585,0.023,-0.022,0.986,0.986,0
2403590,0.019,-0.010,0.982,0.982,0
2403595,-0.004,0.056,1.367,1.368,0
2403600,0.005,0.013,1.146,1.146,0
2403605,0.045,0.036,0.914,0.916,0
2403610,0.014,-0.003,0.939,0.939,0
2403616,0.015,-0.059,1.077,1.078,0
2403621,0.057,-0.025,1.020,1.022,0
2403627,-0.014,-0.003,1.080,1.080,0
2403632,0.033,0.001,1.044,1.044,0
2403637,0.002,-0.007,0.997,0.997,0
2403642,0.020,-0.035,0.928,0.929,0
2403647,0.019,-0.036,0.930,0.931,0
2403652,0.019,-0.024,0.956,0.956,0
2403658,0.013,-0.013,1.047,1.048,0
2403663,0.012,-0.001,1.127,1.127,0
2403668,0.020,-0.003,1.060,1.060,0
2403674,0.017,0.001,0.978,0.979,0
2403679,0.029,-0.001,0.952,0.953,0
2403684,0.021,-0.016,1.023,1.024,0
2403689,0.027,-0.014,1.029,1.030,0
2403694,0.012,-0.003,1.051,1.051,0
2403700,0.016,0.003,1.037,1.037,0
2403705,0.014,-0.011,1.027,1.027,0
2403710,0.023,-0.027,0.993,0.994,0
2403716,0.025,-0.025,0.967,0.968,0
2403721,0.013,-0.016,0.967,0.968,0
2403726,0.013,-0.010,1.004,1.004,0
2403731,0.017,-0.012,1.048,1.048,0
2403736,0.019,-0.011,1.062,1.062,0
2403742,0.018,-0.004,1.006,1.006,0
2403747,0.020,-0.003,0.983,0.983,0
2403752,0.017,-0.012,1.008,1.008,0
2403758,0.019,-0.016,1.033,1.034,0
2403763,0.015,-0.010,1.026,1.026,0
2403768,0.018,-0.010,1.017,1.017,0
2403773,0.017,-0.020,0.998,0.998,0
2403778,0.020,-0.020,0.987,0.987,0
2403784,0.016,-0.018,0.999,0.999,0
2403789,0.015,-0.010,1.027,1.027,0
2403794,0.018,-0.005,1.034,1.034,0
2403800,0.018,-0.011,1.009,1.009,0
2403805,0.016,-0.015,1.003,1.003,0
2403810,0.021,-0.015,1.016,1.016,0
2403815,0.018,-0.007,1.018,1.019,0
2403820,0.014,-0.009,1.020,1.020,0
2403826,0.017,-0.015,1.012,1.012,0
2403831,0.019,-0.014,0.996,0.996,0
2403836,0.016,-0.013,0.999,0.999,0
2403842,0.015,-0.011,1.021,1.021,0
2403847,0.015,-0.008,1.030,1.030,0
2403852,0.018,-0.009,1.017,1.017,0
2403857,0.019,-0.015,1.004,1.005,0
2403863,0.020,-0.016,1.006,1.007,0
2403868,0.017,-0.015,1.016,1.016,0
2403873,0.016,-0.009,1.019,1.019,0
2403878,0.018,-0.013,1.020,1.020,0
2403884,0.019,-0.016,1.011,1.011,0
2403889,0.020,-0.012,1.008,1.009,0
2403894,0.018,-0.012,1.012,1.012,0
2403899,0.016,-0.006,1.019,1.019,0
2403905,0.020,-0.009,1.020,1.020,0
2403910,0.014,-0.013,1.012,1.012,0
2403915,0.016,-0.012,1.009,1.010,0
2403920,0.017,-0.012,1.013,1.013,0
2403926,0.020,-0.012,1.014,1.014,0
2403931,0.016,-0.013,1.015,1.015,0
2403936,0.017,-0.012,1.017,1.017,0
2403941,0.019,-0.010,1.017,1.017,0
2403947,0.019,-0.012,1.011,1.011,0
2403952,0.019,-0.012,1.010,1.010,0
2403957,0.020,-0.013,1.014,1.014,0
2403962,0.018,-0.012,1.014,1.014,0
2403968,0.017,-0.012,1.019,1.019,0
2403973,0.017,-0.012,1.013,1.013,0
2403978,0.017,-0.012,1.011,1.012,0
2403984,0.015,-0.011,1.011,1.011,0
2403989,0.015,-0.009,1.017,1.017,0
2403994,0.016,-0.007,1.017,1.017,0
2403999,0.018,-0.009,1.014,1.014,0
2404004,0.017,-0.010,1.008,1.009,0
2404009,0.016,-0.011,1.009,1.010,0
2404015,0.017,-0.012,1.010,1.010,0
2404021,0.017,-0.010,1.010,1.011,0
2404026,0.017,-0.011,1.016,1.016,0
2404031,0.018,-0.009,1.014,1.014,0
2404036,0.017,-0.005,1.011,1.011,0
2404041,0.017,-0.009,1.009,1.009,0
2404046,0.018,-0.011,1.010,1.010,0
2404051,0.015,-0.008,1.013,1.013,0
2404057,0.017,-0.010,1.015,1.016,0
2404063,0.017,-0.011,1.015,1.015,0
2404068,0.016,-0.013,1.012,1.012,0
2404073,0.016,-0.012,1.009,1.010,0
2404078,0.016,-0.012,1.014,1.014,0
2404083,0.017,-0.010,1.014,1.014,0
2404088,0.019,-0.011,1.017,1.017,0
2404093,0.016,-0.008,1.016,1.016,0
2404099,0.017,-0.009,1.011,1.011,0
2404105,0.017,-0.011,1.012,1.012,0
2404110,0.018,-0.012,1.013,1.013,0
2404115,0.018,-0.012,1.014,1.014,0
2404120,0.019,-0.012,1.014,1.015,0
2404125,0.021,-0.011,1.016,1.017,0
2404130,0.019,-0.008,1.012,1.012,0
2404135,0.018,-0.015,1.013,1.013,0
2404142,0.016,-0.012,1.015,1.015,0
2404147,0.019,-0.010,1.012,1.012,0
2404152,0.017,-0.011,1.015,1.015,0
2404157,0.019,-0.012,1.012,1.012,0
2404162,0.020,-0.010,1.011,1.011,0
2404167,0.018,-0.010,1.011,1.011,0
2404172,0.017,-0.009,1.013,1.013,0
2404178,0.016,-0.010,1.015,1.016,0
2404184,0.018,-0.013,1.014,1.014,0
2404189,0.017,-0.012,1.011,1.012,0
2404194,0.017,-0.010,1.015,1.015,0
2404199,0.020,-0.011,1.012,1.012,0
2404204,0.021,-0.013,1.013,1.013,0
2404209,0.019,-0.012,1.014,1.014,0
2404214,0.015,-0.012,1.012,1.012,0
2404220,0.017,-0.013,1.014,1.015,0
2404226,0.019,-0.012,1.010,1.010,0
2404231,0.017,-0.010,1.011,1.012,0
2404236,0.017,-0.011,1.014,1.015,0
2404241,0.016,-0.010,1.012,1.012,0
2404246,0.018,-0.012,1.013,1.013,0
2404251,0.017,-0.013,1.009,1.009,0
2404257,0.016,-0.012,1.010,1.010,0
2404262,0.016,-0.010,1.007,1.007,0
2404268,0.015,-0.009,1.010,1.011,0
2404273,0.018,-0.010,1.014,1.014,0
2404278,0.020,-0.012,1.015,1.015,0
2404283,0.022,-0.012,1.014,1.014,0
2404288,0.018,-0.012,1.013,1.014,0
2404294,0.016,-0.013,1.010,1.011,0
2404299,0.020,-0.011,1.011,1.012,0
2404304,0.018,-0.012,1.017,1.017,0
2404310,0.017,-0.014,1.016,1.016,0
2404315,0.019,-0.012,1.014,1.015,0
2404320,0.016,-0.012,1.013,1.013,0
2404325,0.015,-0.010,1.014,1.014,0
2404331,0.015,-0.014,1.011,1.011,0
2404336,0.017,-0.014,1.011,1.012,0
2404341,0.019,-0.012,1.014,1.014,0
2404346,0.018,-0.012,1.013,1.014,0
2404352,0.018,-0.015,1.014,1.014,0
2404357,0.018,-0.013,1.016,1.016,0
2404362,0.017,-0.011,1.015,1.015,0
2404368,0.019,-0.011,1.014,1.014,0
2404373,0.017,-0.012,1.015,1.015,0
2404378,0.017,-0.013,1.010,1.010,0
2404383,0.017,-0.012,1.011,1.011,0
2404388,0.018,-0.006,1.015,1.015,0
2404393,0.018,-0.010,1.017,1.017,0
2404399,0.016,-0.008,1.015,1.015,0
2404404,0.019,-0.011,1.013,1.013,0
2404410,0.020,-0.011,1.010,1.011,0
2404415,0.019,-0.012,1.011,1.011,0
2404420,0.018,-0.011,1.012,1.012,0
2404425,0.020,-0.011,1.015,1.015,0
2404430,0.020,-0.011,1.014,1.014,0
2404435,0.018,-0.010,1.013,1.013,0
2404441,0.017,-0.013,1.013,1.013,0
2404447,0.018,-0.010,1.012,1.012,0
2404452,0.018,-0.011,1.015,1.015,0
2404457,0.019,-0.009,1.014,1.014,0
2404462,0.019,-0.010,1.013,1.014,0
2404467,0.020,-0.009,1.012,1.012,0
2404472,0.018,-0.010,1.012,1.012,0
2404477,0.017,-0.009,1.013,1.014,0
2404483,0.018,-0.010,1.015,1.015,0
2404489,0.019,-0.013,1.015,1.015,0
2404494,0.019,-0.011,1.012,1.013,0
2404499,0.019,-0.010,1.013,1.013,0
2404504,0.018,-0.009,1.013,1.013,0
2404509,0.015,-0.011,1.017,1.017,0
2404514,0.016,-0.010,1.014,1.014,0
2404519,0.017,-0.009,1.014,1.014,0
2404526,0.018,-0.010,1.012,1.012,0
2404531,0.016,-0.008,1.014,1.014,0
2404536,0.019,-0.010,1.015,1.015,0
2404541,0.019,-0.011,1.010,1.010,0
2404546,0.018,-0.011,1.011,1.011,0
2404551,0.018,-0.011,1.011,1.011,0
2404556,0.019,-0.011,1.017,1.017,0
2404562,0.017,-0.010,1.015,1.015,0
2404568,0.019,-0.014,1.014,1.015,0
2404573,0.020,-0.013,1.012,1.012,0
2404578,0.017,-0.011,1.017,1.017,0
2404583,0.018,-0.007,1.019,1.019,0
2404588,0.017,-0.010,1.015,1.015,0
2404593,0.016,-0.012,1.012,1.012,0
2404598,0.016,-0.011,1.012,1.012,0
2404604,0.017,-0.013,1.014,1.014,0
2404610,0.016,-0.013,1.013,1.013,0
2404615,0.019,-0.009,1.014,1.015,0
2404620,0.017,-0.009,1.015,1.015,0
2404625,0.017,-0.012,1.012,1.012,0
2404630,0.014,-0.012,1.013,1.013,0
2404635,0.015,-0.013,1.013,1.013,0
2404641,0.014,-0.013,1.015,1.015,0
2404646,0.016,-0.013,1.015,1.015,0
2404652,0.017,-0.012,1.013,1.013,0
2404657,0.017,-0.012,1.018,1.018,0
2404662,0.020,-0.014,1.015,1.016,0
2404667,0.018,-0.012,1.014,1.014,0
2404672,0.015,-0.012,1.015,1.015,0
2404678,0.018,-0.010,1.016,1.016,0
2404683,0.017,-0.013,1.010,1.010,0
2404688,0.018,-0.013,1.011,1.012,0
2404694,0.017,-0.011,1.013,1.013,0
2404699,0.016,-0.011,1.013,1.013,0
2404704,0.017,-0.010,1.013,1.013,0
2404709,0.016,-0.011,1.016,1.016,0
2404714,0.017,-0.013,1.011,1.011,0
2404720,0.019,-0.014,1.011,1.012,0
2404725,0.016,-0.014,1.013,1.014,0
2404730,0.015,-0.013,1.016,1.016,0
2404736,0.017,-0.012,1.018,1.018,0
2404741,0.016,-0.012,1.013,1.013,0
2404746,0.016,-0.012,1.014,1.014,0
2404751,0.017,-0.011,1.013,1.013,0
2404757,0.017,-0.010,1.013,1.013,0
2404762,0.016,-0.012,1.012,1.012,0
2404767,0.016,-0.013,1.010,1.011,0
2404772,0.019,-0.011,1.011,1.012,0
2404777,0.019,-0.010,1.013,1.014,0
2404783,0.019,-0.012,1.011,1.012,0
2404788,0.016,-0.014,1.012,1.012,0
2404794,0.015,-0.015,1.014,1.014,0
2404799,0.015,-0.013,1.014,1.014,0
2404804,0.018,-0.012,1.014,1.014,0
2404809,0.017,-0.010,1.018,1.018,0
2404814,0.017,-0.011,1.017,1.017,0
2404819,0.017,-0.014,1.012,1.013,0
2404825,0.017,-0.013,1.015,1.015,0
2404831,0.020,-0.009,1.016,1.016,0
2404836,0.017,-0.012,1.017,1.017,0
2404841,0.016,-0.014,1.013,1.014,0
2404846,0.015,-0.014,1.014,1.014,0
2404851,0.015,-0.012,1.015,1.015,0
2404856,0.016,-0.012,1.012,1.012,0
2404861,0.018,-0.011,1.014,1.014,0
2404867,0.020,-0.011,1.011,1.011,0
2404873,0.016,-0.013,1.012,1.012,0
2404878,0.018,-0.012,1.011,1.011,0
2404883,0.017,-0.010,1.012,1.012,0
2404888,0.015,-0.011,1.012,1.012,0
2404893,0.016,-0.012,1.013,1.013,0
2404898,0.016,-0.014,1.016,1.016,0
2404903,0.017,-0.012,1.012,1.012,0
2404910,0.018,-0.012,1.013,1.013,0
2404915,0.019,-0.012,1.011,1.011,0
2404920,0.018,-0.011,1.014,1.014,0
2404925,0.017,-0.010,1.015,1.015,0
2404930,0.018,-0.012,1.014,1.014,0
2404935,0.015,-0.010,1.015,1.016,0
2404940,0.016,-0.011,1.015,1.015,0
2404946,0.018,-0.010,1.015,1.015,0
2404952,0.017,-0.012,1.015,1.015,0
2404957,0.019,-0.012,1.014,1.014,0
2404962,0.019,-0.010,1.011,1.011,0
2404967,0.020,-0.012,1.012,1.012,0
2404972,0.020,-0.012,1.014,1.014,0
2404977,0.019,-0.012,1.011,1.012,0
2404983,0.017,-0.012,1.014,1.014,0
2404988,0.016,-0.009,1.011,1.011,0
2404994,0.017,-0.008,1.015,1.015,0
2404999,0.017,-0.011,1.012,1.012,0
2405004,0.018,-0.013,1.009,1.009,0
2405009,0.018,-0.011,1.013,1.013,0
2405014,0.018,-0.011,1.014,1.015,0
2405019,0.016,-0.010,1.016,1.016,0
2405025,0.019,-0.013,1.014,1.015,0
2405030,0.018,-0.012,1.016,1.016,0
2405036,0.016,-0.013,1.012,1.013,0
2405041,0.019,-0.011,1.014,1.014,0
2405046,0.019,-0.010,1.017,1.017,0
2405051,0.017,-0.011,1.015,1.015,0
2405056,0.019,-0.011,1.015,1.015,0
2405062,0.018,-0.011,1.016,1.016,0
2405067,0.016,-0.010,1.013,1.014,0
2405072,0.018,-0.011,1.014,1.014,0
2405078,0.017,-0.013,1.012,1.012,0
2405083,0.018,-0.010,1.014,1.014,0
2405088,0.016,-0.011,1.009,1.009,0
2405093,0.018,-0.009,1.013,1.013,0
2405099,0.014,-0.010,1.011,1.011,0
2405104,0.018,-0.011,1.014,1.014,0
2405109,0.016,-0.011,1.014,1.015,0
2405114,0.016,-0.012,1.011,1.012,0
2405120,0.015,-0.010,1.010,1.010,0
2405125,0.016,-0.011,1.013,1.013,0
2405130,0.016,-0.012,1.011,1.012,0
2405135,0.017,-0.011,1.009,1.009,0
2405141,0.016,-0.012,1.012,1.012,0
2405146,0.017,-0.011,1.012,1.012,0
2405151,0.018,-0.011,1.011,1.011,0
2405156,0.018,-0.012,1.013,1.013,0
2405161,0.018,-0.012,1.014,1.014,0
2405167,0.018,-0.012,1.016,1.017,0
2405172,0.017,-0.011,1.015,1.015,0
2405178,0.016,-0.013,1.014,1.015,0
2405183,0.016,-0.012,1.012,1.012,0
2405188,0.016,-0.012,1.015,1.015,0
2405193,0.019,-0.009,1.016,1.016,0
2405198,0.018,-0.011,1.014,1.014,0
2405203,0.017,-0.011,1.014,1.014,0
2405209,0.018,-0.012,1.014,1.015,0
2405215,0.019,-0.009,1.013,1.013,0
2405220,0.017,-0.008,1.012,1.012,0
2405225,0.019,-0.011,1.015,1.016,0
2405230,0.019,-0.011,1.015,1.015,0
2405235,0.018,-0.012,1.015,1.015,0
2405240,0.017,-0.013,1.015,1.016,0
2405245,0.017,-0.013,1.017,1.017,0
2405252,0.017,-0.012,1.015,1.015,0
2405257,0.019,-0.011,1.018,1.018,0
2405262,0.018,-0.010,1.016,1.016,0
2405267,0.019,-0.010,1.014,1.014,0
2405272,0.016,-0.011,1.016,1.016,0
2405277,0.017,-0.012,1.015,1.015,0
2405282,0.017,-0.013,1.015,1.016,0
2405287,0.019,-0.013,1.018,1.018,0
2405294,0.016,-0.014,1.011,1.011,0
2405299,0.019,-0.014,1.010,1.010,0
2405304,0.018,-0.012,1.012,1.012,0
2405309,0.015,-0.013,1.011,1.011,0
2405314,0.016,-0.012,1.012,1.012,0
2405319,0.018,-0.011,1.015,1.015,0
2405324,0.019,-0.013,1.016,1.016,0
2405330,0.018,-0.011,1.016,1.016,0
2405336,0.016,-0.010,1.017,1.017,0
2405341,0.015,-0.011,1.013,1.014,0
2405346,0.016,-0.010,1.016,1.016,0
2405351,0.016,-0.010,1.013,1.013,0
2405356,0.017,-0.010,1.015,1.015,0
2405361,0.018,-0.011,1.015,1.016,0
2405366,0.016,-0.013,1.012,1.012,0
2405372,0.020,-0.014,1.011,1.012,0
2405378,0.020,-0.012,1.012,1.012,0
2405383,0.018,-0.007,1.013,1.013,0
2405388,0.017,-0.013,1.014,1.014,0
2405393,0.015,-0.014,1.016,1.016,0
2405398,0.017,-0.011,1.012,1.012,0
2405403,0.017,-0.013,1.013,1.013,0
2405409,0.016,-0.010,1.015,1.015,0
2405414,0.017,-0.012,1.016,1.016,0
2405420,0.016,-0.012,1.014,1.014,0
2405425,0.018,-0.011,1.012,1.013,0
2405430,0.015,-0.012,1.012,1.013,0
2405435,0.016,-0.014,1.014,1.014,0
2405440,0.016,-0.013,1.014,1.014,0
2405446,0.017,-0.011,1.014,1.014,0
2405451,0.018,-0.010,1.016,1.016,0
2405456,0.019,-0.012,1.015,1.016,0
2405462,0.019,-0.012,1.009,1.010,0
2405467,0.018,-0.013,1.010,1.010,0
2405472,0.018,-0.012,1.014,1.015,0
2405477,0.020,-0.014,1.014,1.014,0
2405482,0.018,-0.014,1.012,1.012,0
2405488,0.016,-0.012,1.012,1.012,0
2405493,0.015,-0.010,1.013,1.013,0
2405498,0.018,-0.011,1.015,1.016,0
2405504,0.018,-0.010,1.013,1.014,0
2405509,0.016,-0.013,1.014,1.014,0
2405514,0.018,-0.010,1.017,1.017,0
2405519,0.018,-0.010,1.013,1.013,0
2405525,0.018,-0.011,1.012,1.012,0
2405530,0.016,-0.011,1.016,1.016,0
2405535,0.015,-0.013,1.015,1.016,0
2405540,0.016,-0.010,1.015,1.016,0
2405545,0.017,-0.012,1.016,1.017,0
2405551,0.017,-0.012,1.015,1.015,0
2405556,0.019,-0.011,1.014,1.014,0
2405562,0.019,-0.013,1.011,1.012,0
2405567,0.018,-0.013,1.013,1.013,0
2405572,0.016,-0.010,1.012,1.012,0
2405577,0.017,-0.010,1.014,1.014,0
2405582,0.017,-0.014,1.014,1.014,0
2405587,0.018,-0.013,1.015,1.015,0
2405593,0.017,-0.012,1.011,1.011,0
2405599,0.019,-0.009,1.011,1.011,0
2405604,0.017,-0.012,1.014,1.014,0
2405609,0.016,-0.011,1.017,1.017,0
2405614,0.016,-0.010,1.015,1.015,0
2405619,0.015,-0.012,1.013,1.014,0
2405624,0.017,-0.009,1.012,1.012,0
2405629,0.016,-0.010,1.015,1.016,0
2405635,0.017,-0.012,1.009,1.009,0
2405641,0.016,-0.011,1.013,1.013,0
2405646,0.018,-0.012,1.014,1.014,0
2405651,0.021,-0.015,1.015,1.015,0
2405656,0.019,-0.012,1.014,1.014,0
2405661,0.018,-0.010,1.012,1.013,0
2405666,0.018,-0.011,1.013,1.013,0
2405671,0.017,-0.011,1.017,1.017,0
2405678,0.017,-0.010,1.013,1.014,0
2405683,0.017,-0.012,1.010,1.010,0
2405688,0.017,-0.013,1.013,1.013,0
2405693,0.017,-0.012,1.010,1.010,0
2405698,0.019,-0.014,1.007,1.007,0
2405703,0.015,-0.013,1.013,1.013,0
2405708,0.015,-0.012,1.013,1.013,0
2405714,0.016,-0.011,1.014,1.014,0
2405720,0.016,-0.011,1.012,1.012,0
2405725,0.016,-0.010,1.011,1.011,0
2405730,0.018,-0.010,1.013,1.013,0
2405735,0.015,-0.011,1.013,1.013,0
2405740,0.017,-0.011,1.013,1.013,0
2405745,0.017,-0.013,1.011,1.011,0
2405750,0.019,-0.011,1.013,1.013,0
2405756,0.016,-0.012,1.013,1.013,0
2405762,0.017,-0.013,1.012,1.012,0
2405767,0.017,-0.014,1.014,1.014,0
2405772,0.017,-0.015,1.015,1.015,0
2405777,0.017,-0.012,1.013,1.013,0
2405782,0.016,-0.011,1.012,1.012,0
2405787,0.017,-0.011,1.014,1.014,0
2405793,0.019,-0.011,1.012,1.012,0
2405798,0.019,-0.012,1.011,1.012,0
2405804,0.018,-0.012,1.017,1.017,0
2405809,0.017,-0.011,1.013,1.013,0
2405814,0.014,-0.012,1.013,1.013,0
2405819,0.016,-0.014,1.015,1.016,0
2405824,0.016,-0.012,1.014,1.015,0
2405830,0.017,-0.012,1.015,1.015,0
2405835,0.018,-0.014,1.018,1.018,0
2405840,0.016,-0.014,1.012,1.012,0
2405846,0.018,-0.014,1.014,1.014,0
2405851,0.021,-0.012,1.016,1.016,0
2405856,0.018,-0.012,1.015,1.015,0
2405861,0.018,-0.014,1.014,1.014,0
2405867,0.016,-0.012,1.010,1.010,0
2405872,0.016,-0.012,1.010,1.010,0
2405877,0.017,-0.014,1.011,1.011,0
2405882,0.015,-0.013,1.012,1.012,0
2405888,0.018,-0.012,1.012,1.012,0
2405893,0.016,-0.012,1.013,1.013,0
2405898,0.018,-0.012,1.013,1.013,0
2405903,0.015,-0.011,1.017,1.017,0
2405909,0.016,-0.012,1.015,1.015,0
2405914,0.016,-0.010,1.014,1.014,0
2405919,0.019,-0.010,1.012,1.013,0
2405924,0.020,-0.010,1.014,1.014,0
2405929,0.017,-0.013,1.018,1.018,0
2405935,0.015,-0.012,1.015,1.015,0
2405940,0.016,-0.011,1.016,1.016,0
2405946,0.017,-0.011,1.016,1.016,0
2405951,0.018,-0.011,1.013,1.014,0
2405956,0.019,-0.009,1.011,1.011,0
2405961,0.018,-0.011,1.012,1.012,0
2405966,0.018,-0.012,1.016,1.016,0
2405971,0.019,-0.012,1.014,1.014,0
2405977,0.019,-0.011,1.010,1.010,0
2405983,0.019,-0.012,1.013,1.013,0
2405988,0.017,-0.009,1.011,1.011,0
2405993,0.018,-0.009,1.014,1.014,0
2405998,0.016,-0.012,1.014,1.014,0
2406003,0.017,-0.010,1.016,1.016,0
2406008,0.018,-0.009,1.014,1.014,0
2406013,0.020,-0.011,1.013,1.013,0
2406019,0.019,-0.011,1.012,1.012,0
2406025,0.017,-0.011,1.016,1.016,0
2406030,0.018,-0.011,1.013,1.013,0
2406035,0.017,-0.011,1.015,1.015,0
2406040,0.018,-0.012,1.012,1.012,0
2406045,0.016,-0.012,1.011,1.011,0
2406050,0.016,-0.011,1.012,1.013,0
2406055,0.017,-0.012,1.014,1.015,0
2406062,0.016,-0.011,1.015,1.016,0
2406067,0.017,-0.013,1.014,1.014,0
2406072,0.017,-0.013,1.016,1.016,0
2406077,0.019,-0.011,1.012,1.012,0
2406082,0.018,-0.011,1.013,1.014,0
2406087,0.017,-0.011,1.016,1.016,0
2406092,0.016,-0.012,1.015,1.015,0
2406098,0.018,-0.007,1.015,1.016,0
2406104,0.018,-0.010,1.011,1.012,0
2406109,0.017,-0.010,1.011,1.011,0
2406114,0.017,-0.014,1.016,1.017,0
2406119,0.019,-0.012,1.016,1.017,0
2406124,0.017,-0.011,1.015,1.015,0
2406129,0.016,-0.009,1.017,1.017,0
2406135,0.020,-0.011,1.011,1.011,0
2406140,0.017,-0.011,1.014,1.014,0
2406146,0.017,-0.012,1.013,1.013,0
2406151,0.017,-0.011,1.012,1.012,0
2406156,0.015,-0.012,1.011,1.011,0
2406161,0.016,-0.013,1.011,1.011,0
2406166,0.017,-0.012,1.012,1.012,0
2406172,0.017,-0.012,1.010,1.011,0
2406177,0.018,-0.013,1.010,1.010,0
2406182,0.017,-0.011,1.013,1.013,0
2406188,0.018,-0.010,1.019,1.019,0
2406193,0.017,-0.012,1.020,1.020,0
2406198,0.018,-0.012,1.017,1.017,0
2406203,0.016,-0.013,1.016,1.016,0
2406208,0.017,-0.013,1.017,1.017,0
2406214,0.015,-0.010,1.014,1.014,0
2406219,0.015,-0.010,1.009,1.009,0
2406224,0.017,-0.012,1.017,1.017,0
2406230,0.015,-0.012,1.017,1.018,0
2406235,0.015,-0.012,1.016,1.016,0
2406240,0.016,-0.013,1.013,1.013,0
2406245,0.017,-0.014,1.011,1.011,0
2406251,0.017,-0.014,1.014,1.014,0
2406256,0.018,-0.013,1.015,1.016,0
2406261,0.017,-0.015,1.014,1.014,0
2406266,0.018,-0.014,1.016,1.016,0
2406272,0.014,-0.012,1.018,1.018,0
2406277,0.017,-0.009,1.017,1.017,0
2406282,0.019,-0.009,1.016,1.017,0
2406288,0.017,-0.012,1.011,1.012,0
2406293,0.016,-0.013,1.014,1.014,0
2406298,0.015,-0.013,1.014,1.014,0
2406303,0.017,-0.012,1.013,1.013,0
2406308,0.015,-0.009,1.012,1.013,0
2406313,0.016,-0.008,1.015,1.015,0
2406319,0.017,-0.013,1.013,1.013,0
2406324,0.016,-0.013,1.013,1.013,0
2406330,0.017,-0.011,1.014,1.014,0
2406335,0.020,-0.010,1.016,1.016,0
2406340,0.019,-0.009,1.013,1.014,0
2406345,0.015,-0.012,1.011,1.012,0
2406350,0.016,-0.014,1.012,1.012,0
2406355,0.016,-0.014,1.009,1.009,0
2406361,0.016,-0.011,1.013,1.013,0
2406367,0.018,-0.012,1.014,1.014,0
2406372,0.019,-0.011,1.014,1.014,0
2406377,0.017,-0.013,1.014,1.014,0
2406382,0.017,-0.014,1.013,1.013,0
2406387,0.018,-0.011,1.016,1.016,0
2406392,0.014,-0.013,1.014,1.014,0
2406397,0.016,-0.012,1.014,1.014,0
2406404,0.020,-0.014,1.014,1.014,0
2406409,0.017,-0.012,1.010,1.010,0
2406414,0.017,-0.012,1.012,1.012,0
2406419,0.017,-0.011,1.010,1.011,0
2406424,0.018,-0.011,1.010,1.010,0
2406429,0.018,-0.009,1.012,1.012,0
2406434,0.016,-0.012,1.014,1.014,0
2406439,0.016,-0.009,1.010,1.010,0
2406446,0.017,-0.009,1.014,1.014,0
2406451,0.020,-0.010,1.014,1.014,0
2406456,0.019,-0.008,1.012,1.012,0
2406461,0.016,-0.012,1.011,1.011,0
2406466,0.016,-0.010,1.012,1.012,0
2406471,0.017,-0.009,1.009,1.010,0
2406476,0.019,-0.012,1.013,1.013,0
2406481,0.018,-0.012,1.015,1.015,0
2406488,0.020,-0.014,1.012,1.013,0
2406493,0.019,-0.014,1.014,1.014,0
2406498,0.017,-0.013,1.011,1.011,0
2406503,0.017,-0.011,1.012,1.013,0
2406508,0.018,-0.012,1.012,1.012,0
2406513,0.019,-0.011,1.013,1.013,0
2406518,0.018,-0.010,1.016,1.016,0
2406524,0.022,-0.010,1.014,1.014,0
2406530,0.022,-0.013,1.014,1.014,0
2406535,0.020,-0.014,1.013,1.013,0
2406540,0.017,-0.013,1.010,1.011,0
2406545,0.015,-0.011,1.014,1.014,0
2406550,0.016,-0.013,1.015,1.015,0
2406555,0.016,-0.012,1.014,1.014,0
2406561,0.016,-0.013,1.014,1.014,0
2406566,0.014,-0.011,1.012,1.012,0
2406572,0.015,-0.010,1.013,1.013,0
2406577,0.016,-0.008,1.012,1.013,0
2406582,0.018,-0.009,1.014,1.015,0
2406587,0.020,-0.010,1.015,1.016,0
2406592,0.016,-0.011,1.013,1.013,0
2406597,0.017,-0.011,1.017,1.017,0
2406603,0.015,-0.012,1.010,1.011,0
2406608,0.019,-0.011,1.013,1.013,0
2406614,0.017,-0.010,1.017,1.017,0
2406619,0.015,-0.009,1.013,1.013,0
2406624,0.017,-0.009,1.011,1.011,0
2406629,0.020,-0.010,1.015,1.015,0
2406634,0.018,-0.011,1.012,1.012,0
2406640,0.017,-0.010,1.016,1.016,0
2406645,0.018,-0.009,1.013,1.014,0
2406650,0.020,-0.013,1.012,1.012,0
2406656,0.018,-0.013,1.012,1.012,0
2406661,0.016,-0.012,1.014,1.014,0
2406666,0.017,-0.013,1.012,1.012,0
2406671,0.017,-0.012,1.012,1.012,0
2406677,0.016,-0.012,1.008,1.009,0
2406682,0.017,-0.012,1.010,1.010,0
2406687,0.020,-0.012,1.011,1.011,0
2406692,0.015,-0.013,1.011,1.011,0
2406697,0.016,-0.012,1.011,1.012,0
2406703,0.015,-0.012,1.011,1.011,0
2406708,0.014,-0.012,1.009,1.010,0
2406713,0.017,-0.011,1.012,1.012,0
2406719,0.017,-0.012,1.016,1.016,0
2406724,0.020,-0.013,1.015,1.015,0
2406729,0.017,-0.013,1.012,1.012,0
2406734,0.017,-0.012,1.014,1.014,0
2406739,0.020,-0.010,1.012,1.012,0
2406745,0.018,-0.009,1.012,1.013,0
2406750,0.017,-0.010,1.013,1.013,0
2406756,0.020,-0.010,1.011,1.012,0
2406761,0.019,-0.012,1.012,1.012,0
2406766,0.020,-0.013,1.013,1.014,0
2406771,0.018,-0.015,1.011,1.011,0
2406776,0.018,-0.012,1.016,1.016,0
2406781,0.016,-0.009,1.013,1.013,0
2406787,0.017,-0.008,1.011,1.011,0
2406792,0.015,-0.009,1.014,1.014,0
2406798,0.014,-0.011,1.016,1.016,0
2406803,0.016,-0.009,1.012,1.012,0
2406808,0.018,-0.010,1.010,1.010,0
2406813,0.020,-0.011,1.011,1.011,0
2406818,0.019,-0.008,1.010,1.011,0
2406823,0.016,-0.012,1.013,1.013,0
2406829,0.015,-0.013,1.014,1.014,0
2406835,0.017,-0.010,1.015,1.015,0
2406840,0.017,-0.012,1.015,1.015,0
2406845,0.017,-0.010,1.014,1.014,0
2406850,0.016,-0.012,1.017,1.017,0
2406855,0.016,-0.008,1.016,1.016,0
2406860,0.016,-0.010,1.013,1.013,0
2406865,0.015,-0.011,1.009,1.009,0
2406871,0.017,-0.012,1.014,1.014,0
2406877,0.015,-0.014,1.013,1.013,0
2406882,0.016,-0.013,1.014,1.014,0
2406887,0.016,-0.012,1.015,1.015,0
2406892,0.016,-0.011,1.014,1.014,0
2406897,0.017,-0.011,1.016,1.016,0
2406902,0.017,-0.011,1.011,1.012,0
2406907,0.016,-0.011,1.015,1.015,0
2406914,0.017,-0.012,1.014,1.014,0
2406919,0.017,-0.012,1.014,1.014,0
2406924,0.018,-0.009,1.012,1.012,0
2406929,0.018,-0.011,1.017,1.017,0
2406934,0.017,-0.012,1.013,1.013,0
2406939,0.017,-0.013,1.013,1.014,0
2406944,0.014,-0.013,1.011,1.011,0
2406950,0.016,-0.010,1.012,1.012,0
2406956,0.016,-0.010,1.011,1.011,0
2406961,0.019,-0.014,1.009,1.009,0
2406966,0.016,-0.013,1.012,1.012,0
2406971,0.018,-0.013,1.014,1.014,0
2406976,0.017,-0.012,1.011,1.011,0
2406981,0.016,-0.013,1.014,1.014,0
2406986,0.018,-0.015,1.013,1.013,0
2406992,0.019,-0.014,1.011,1.011,0
2406998,0.017,-0.010,1.012,1.012,0
2407003,0.017,-0.010,1.014,1.014,0
2407008,0.017,-0.010,1.018,1.018,0
2407013,0.018,-0.013,1.021,1.021,0
2407018,0.019,-0.011,1.015,1.016,0
2407023,0.019,-0.011,1.012,1.012,0
2407029,0.018,-0.011,1.018,1.018,0
2407034,0.018,-0.011,1.017,1.018,0
2407040,0.016,-0.010,1.015,1.015,0
2407045,0.015,-0.010,1.018,1.018,0
2407050,0.017,-0.011,1.015,1.015,0
2407055,0.018,-0.012,1.011,1.011,0
2407060,0.017,-0.014,1.016,1.016,0
2407066,0.018,-0.012,1.013,1.014,0
2407071,0.017,-0.010,1.017,1.017,0
2407076,0.016,-0.011,1.013,1.013,0
2407081,0.017,-0.012,1.010,1.011,0
2407087,0.017,-0.012,1.012,1.012,0
2407092,0.016,-0.011,1.010,1.010,0
2407097,0.014,-0.014,1.015,1.016,0
2407102,0.015,-0.014,1.013,1.013,0
2407108,0.016,-0.012,1.014,1.014,0
2407113,0.019,-0.013,1.013,1.013,0
2407118,0.018,-0.014,1.015,1.016,0
2407123,0.018,-0.014,1.011,1.012,0
2407129,0.018,-0.011,1.012,1.013,0
2407134,0.017,-0.010,1.012,1.012,0
2407139,0.018,-0.010,1.012,1.012,0
2407145,0.016,-0.010,1.013,1.013,0
2407150,0.018,-0.012,1.012,1.013,0
2407155,0.019,-0.011,1.012,1.012,0
2407160,0.018,-0.014,1.013,1.013,0
2407165,0.019,-0.011,1.011,1.011,0
2407171,0.018,-0.011,1.012,1.012,0
2407176,0.019,-0.011,1.012,1.012,0
2407182,0.019,-0.011,1.013,1.013,0
2407187,0.017,-0.011,1.012,1.012,0
2407192,0.016,-0.013,1.014,1.014,0
2407197,0.017,-0.012,1.012,1.012,0
2407202,0.015,-0.012,1.013,1.013,0
2407207,0.021,-0.011,1.016,1.016,0
2407213,0.020,-0.010,1.014,1.014,0
2407219,0.018,-0.011,1.013,1.014,0
2407224,0.018,-0.014,1.012,1.013,0
2407229,0.019,-0.012,1.013,1.014,0
2407234,0.016,-0.011,1.012,1.013,0
2407239,0.016,-0.010,1.014,1.014,0
2407244,0.015,-0.013,1.011,1.011,0
2407249,0.017,-0.011,1.015,1.015,0
2407255,0.016,-0.010,1.014,1.014,0
2407261,0.017,-0.014,1.014,1.014,0
2407266,0.017,-0.010,1.014,1.015,0
2407271,0.019,-0.013,1.013,1.014,0
2407276,0.016,-0.012,1.014,1.014,0
2407281,0.017,-0.013,1.014,1.014,0
2407286,0.018,-0.012,1.014,1.014,0
2407291,0.018,-0.013,1.013,1.013,0
2407298,0.017,-0.009,1.015,1.015,0
2407303,0.014,-0.011,1.016,1.016,0
2407308,0.017,-0.011,1.014,1.014,0
2407313,0.018,-0.013,1.015,1.015,0
2407318,0.015,-0.011,1.013,1.013,0
2407323,0.017,-0.011,1.015,1.015,0
2407328,0.018,-0.013,1.011,1.011,0
2407334,0.015,-0.012,1.014,1.014,0
2407340,0.016,-0.012,1.012,1.012,0
2407345,0.017,-0.011,1.011,1.011,0
2407350,0.017,-0.009,1.015,1.015,0
2407355,0.018,-0.009,1.016,1.016,0
2407360,0.017,-0.011,1.013,1.013,0
2407365,0.018,-0.008,1.013,1.013,0
2407371,0.015,-0.012,1.015,1.015,0
2407376,0.017,-0.011,1.011,1.011,0
2407382,0.016,-0.009,1.015,1.015,0
2407387,0.013,-0.012,1.012,1.012,0
2407392,0.017,-0.012,1.011,1.012,0
2407397,0.017,-0.008,1.014,1.014,0
2407402,0.020,-0.012,1.013,1.013,0
2407407,0.017,-0.011,1.011,1.011,0
2407413,0.017,-0.014,1.016,1.016,0
2407418,0.018,-0.012,1.014,1.014,0
2407424,0.020,-0.013,1.008,1.008,0
2407429,0.017,-0.012,1.011,1.012,0
2407434,0.017,-0.012,1.012,1.012,0
2407439,0.018,-0.013,1.014,1.015,0
2407444,0.021,-0.013,1.014,1.014,0
2407450,0.020,-0.011,1.010,1.011,0
2407455,0.016,-0.012,1.017,1.017,0
2407460,0.015,-0.012,1.015,1.015,0
2407465,0.018,-0.012,1.016,1.016,0
2407471,0.020,-0.012,1.010,1.011,0
2407476,0.018,-0.012,1.009,1.010,0
2407481,0.016,-0.012,1.013,1.013,0
2407486,0.017,-0.011,1.012,1.012,0
2407492,0.018,-0.011,1.011,1.011,0
2407497,0.017,-0.009,1.009,1.009,0
2407502,0.018,-0.010,1.009,1.009,0
2407507,0.016,-0.012,1.012,1.012,0
2407513,0.016,-0.012,1.015,1.015,0
2407518,0.016,-0.013,1.012,1.012,0
2407523,0.016,-0.013,1.014,1.014,0
2407529,0.015,-0.010,1.015,1.015,0
2407534,0.017,-0.011,1.018,1.018,0
2407539,0.018,-0.014,1.014,1.014,0
2407544,0.017,-0.012,1.015,1.016,0
2407549,0.018,-0.009,1.014,1.014,0
2407555,0.020,-0.012,1.013,1.013,0
2407560,0.021,-0.015,1.011,1.012,0
2407566,0.017,-0.014,1.012,1.012,0
2407571,0.019,-0.012,1.016,1.016,0
2407576,0.015,-0.012,1.013,1.013,0
2407581,0.015,-0.011,1.012,1.012,0
2407586,0.017,-0.014,1.015,1.015,0
2407591,0.018,-0.014,1.015,1.015,0
2407597,0.018,-0.011,1.015,1.015,0
2407603,0.017,-0.010,1.009,1.009,0
2407608,0.016,-0.013,1.011,1.011,0
2407613,0.017,-0.011,1.014,1.014,0
2407618,0.016,-0.011,1.015,1.015,0
2407623,0.017,-0.016,1.013,1.014,0
2407628,0.019,-0.012,1.014,1.014,0
2407633,0.017,-0.011,1.014,1.014,0
2407639,0.017,-0.010,1.014,1.014,0
2407645,0.016,-0.012,1.013,1.013,0
2407650,0.016,-0.014,1.014,1.015,0
2407655,0.018,-0.009,1.016,1.016,0
2407660,0.019,-0.010,1.016,1.016,0
2407665,0.019,-0.011,1.015,1.015,0
2407670,0.018,-0.012,1.014,1.014,0
2407675,0.019,-0.012,1.014,1.014,0
2407682,0.020,-0.012,1.012,1.012,0
2407687,0.019,-0.010,1.012,1.012,0
2407692,0.015,-0.008,1.013,1.013,0
2407697,0.019,-0.009,1.015,1.015,0
2407702,0.018,-0.010,1.014,1.014,0
2407707,0.017,-0.010,1.013,1.013,0
2407712,0.017,-0.010,1.010,1.010,0
2407718,0.017,-0.012,1.014,1.014,0
2407724,0.016,-0.013,1.015,1.015,0
2407729,0.017,-0.012,1.014,1.014,0
2407734,0.017,-0.011,1.014,1.014,0
2407739,0.016,-0.010,1.011,1.012,0
2407744,0.016,-0.012,1.014,1.014,0
2407749,0.017,-0.013,1.013,1.013,0
2407754,0.016,-0.011,1.014,1.014,0
2407760,0.019,-0.011,1.015,1.015,0
2407766,0.018,-0.010,1.013,1.013,0
2407771,0.017,-0.010,1.014,1.014,0
2407776,0.017,-0.012,1.015,1.015,0
2407781,0.018,-0.011,1.014,1.015,0
2407786,0.018,-0.013,1.013,1.013,0
2407791,0.021,-0.012,1.014,1.014,0
2407797,0.020,-0.011,1.012,1.013,0
2407802,0.020,-0.011,1.015,1.015,0
2407808,0.019,-0.012,1.015,1.015,0
2407813,0.021,-0.010,1.013,1.014,0
2407818,0.017,-0.012,1.014,1.014,0
2407823,0.018,-0.013,1.013,1.013,0
2407828,0.016,-0.011,1.014,1.014,0
2407834,0.014,-0.013,1.015,1.015,0
2407839,0.015,-0.013,1.014,1.014,0
2407844,0.017,-0.011,1.013,1.013,0
2407849,0.018,-0.011,1.016,1.016,0
2407855,0.017,-0.011,1.014,1.015,0
2407860,0.016,-0.011,1.013,1.013,0
2407865,0.019,-0.011,1.014,1.014,0
2407870,0.017,-0.008,1.007,1.007,0
2407876,0.016,-0.010,1.014,1.014,0
2407881,0.015,-0.010,1.013,1.013,0
2407886,0.017,-0.013,1.016,1.017,0
2407891,0.017,-0.012,1.015,1.015,0
2407897,0.017,-0.011,1.015,1.015,0
2407902,0.016,-0.012,1.019,1.019,0
2407907,0.015,-0.009,1.013,1.013,0
2407913,0.017,-0.008,1.014,1.014,0
2407918,0.018,-0.012,1.011,1.011,0
2407923,0.018,-0.011,1.012,1.012,0
2407928,0.017,-0.011,1.013,1.014,0
2407933,0.016,-0.014,1.018,1.018,0
2407939,0.018,-0.011,1.013,1.013,0
2407944,0.018,-0.012,1.014,1.014,0
2407950,0.016,-0.012,1.013,1.013,0
2407955,0.018,-0.013,1.013,1.014,0
2407960,0.020,-0.013,1.006,1.006,0
2407965,0.020,-0.009,1.013,1.013,0
2407970,0.017,-0.012,1.014,1.014,0
2407975,0.016,-0.013,1.009,1.009,0
2407981,0.018,-0.013,1.009,1.009,0
2407986,0.017,-0.010,1.011,1.011,0
2407992,0.020,-0.012,1.012,1.012,0
2407997,0.019,-0.009,1.013,1.014,0
2408002,0.020,-0.011,1.013,1.014,0
2408007,0.018,-0.012,1.013,1.013,0
2408012,0.017,-0.013,1.016,1.016,0
2408017,0.016,-0.011,1.012,1.012,0
2408023,0.015,-0.012,1.012,1.013,0
2408029,0.016,-0.009,1.011,1.011,0
2408034,0.018,-0.013,1.016,1.016,0
2408039,0.017,-0.010,1.015,1.015,0
2408044,0.017,-0.011,1.013,1.013,0
2408049,0.019,-0.010,1.013,1.013,0
2408054,0.019,-0.012,1.010,1.010,0
2408059,0.018,-0.013,1.013,1.014,0
2408065,0.017,-0.015,1.012,1.012,0
2408071,0.020,-0.013,1.013,1.013,0
2408076,0.019,-0.012,1.011,1.011,0
2408081,0.016,-0.012,1.017,1.017,0
2408086,0.018,-0.013,1.015,1.016,0
2408091,0.018,-0.015,1.013,1.013,0
2408096,0.015,-0.014,1.017,1.017,0
2408101,0.015,-0.013,1.014,1.014,0
2408108,0.017,-0.012,1.010,1.010,0
2408113,0.017,-0.012,1.012,1.013,0
2408118,0.018,-0.012,1.013,1.013,0
2408123,0.017,-0.012,1.014,1.015,0
2408128,0.018,-0.013,1.010,1.010,0
2408133,0.019,-0.009,1.012,1.012,0
2408138,0.017,-0.009,1.012,1.012,0
2408143,0.015,-0.010,1.012,1.012,0
2408150,0.015,-0.007,1.012,1.012,0
2408155,0.018,-0.010,1.014,1.014,0
2408160,0.019,-0.010,1.013,1.013,0
2408165,0.015,-0.014,1.012,1.012,0
2408170,0.015,-0.013,1.011,1.011,0
2408175,0.018,-0.012,1.013,1.013,0
2408180,0.020,-0.012,1.012,1.012,0
2408186,0.017,-0.011,1.013,1.013,0
2408192,0.018,-0.011,1.011,1.011,0
2408197,0.017,-0.012,1.011,1.011,0
2408202,0.016,-0.012,1.012,1.013,0
2408207,0.017,-0.014,1.013,1.013,0
2408212,0.017,-0.012,1.015,1.015,0
2408217,0.018,-0.009,1.014,1.015,0
2408223,0.018,-0.009,1.009,1.009,0
2408228,0.014,-0.012,1.009,1.010,0
2408233,0.015,-0.012,1.013,1.013,0
2408239,0.018,-0.011,1.014,1.014,0
2408244,0.019,-0.014,1.014,1.014,0
2408249,0.019,-0.011,1.014,1.015,0
2408254,0.017,-0.012,1.015,1.016,0
2408259,0.015,-0.013,1.017,1.018,0
2408265,0.018,-0.012,1.016,1.016,0
2408270,0.018,-0.011,1.014,1.015,0
2408275,0.018,-0.011,1.015,1.016,0
2408281,0.017,-0.011,1.010,1.010,0
2408286,0.017,-0.010,1.012,1.012,0
2408291,0.017,-0.012,1.014,1.015,0
2408296,0.017,-0.013,1.015,1.015,0
2408302,0.017,-0.013,1.014,1.014,0
2408307,0.017,-0.012,1.012,1.012,0
2408312,-0.216,0.268,1.065,1.119,0
2408317,0.303,0.047,-0.986,1.033,0
2408323,0.145,-0.043,0.083,0.173,0
2408328,-2.021,-0.733,2.058,2.976,0
2408333,-0.859,-0.088,2.058,2.231,0
2408339,0.304,0.004,-0.073,0.313,0
2408344,0.120,-0.084,-0.218,0.263,0
2408349,0.295,-0.080,-0.504,0.589,0
2408354,0.386,-0.044,-0.609,0.723,0
2408359,0.257,-0.047,-0.455,0.525,0
2408365,0.040,-0.053,-0.127,0.143,0
2408370,0.012,-0.018,-0.086,0.089,0
2408376,0.066,0.010,-0.164,0.177,0
2408381,0.012,0.020,-0.069,0.073,0
2408386,-0.058,0.019,0.056,0.083,0
2408391,-0.056,0.022,0.031,0.068,0
2408396,-0.040,0.030,0.035,0.061,0
2408401,-0.089,0.042,0.111,0.148,0
2408407,-0.129,0.043,0.174,0.221,0
2408412,-0.147,0.042,0.207,0.257,0
2408418,-0.150,0.036,0.235,0.281,0
2408423,-0.167,0.031,0.259,0.310,0
2408428,-0.190,0.033,0.340,0.391,0
2408433,-0.167,0.030,0.274,0.322,0
2408438,-0.092,0.024,0.149,0.177,0
2408443,-0.037,0.002,0.043,0.057,0
2408449,-0.014,-0.011,0.013,0.022,0
2408454,0.046,-0.028,-0.070,0.088,0
2408460,0.095,-0.041,-0.137,0.172,0
2408465,0.112,-0.049,-0.163,0.204,0
2408470,0.119,-0.053,-0.129,0.183,0
2408475,0.122,-0.044,-0.160,0.206,0
2408480,0.115,-0.029,-0.153,0.194,0
>>> SHOCK DETECTED! <<<
2408485,-2.021,2.001,2.058,3.510,1
>>> SHOCK KET THUC. Thoi gian: 7 ms | Bien do dinh: 3.510 g <<<
2408493,-1.656,1.386,2.058,2.983,0
2408498,1.172,0.038,-1.871,2.208,0
2408503,0.752,0.026,-1.216,1.430,0
2408508,1.915,-0.158,-0.372,1.957,0
2408513,1.979,-0.056,2.058,2.856,0
2408518,-2.021,0.660,2.058,2.959,0
2408524,1.979,-0.156,-1.942,2.777,0
2408529,0.396,-0.023,-0.485,0.626,0
2408535,0.058,-0.092,-0.140,0.177,0
2408540,0.281,-0.087,-0.523,0.601,0
2408545,0.268,0.055,-0.394,0.480,0
2408550,-0.234,-0.236,1.498,1.534,0
2408555,0.495,0.123,2.058,2.120,0
2408561,-0.547,0.200,2.058,2.139,0
2408566,-0.039,-0.020,0.533,0.535,0
2408571,0.085,-0.086,0.532,0.545,0
2408577,-0.275,0.109,1.765,1.789,0
2408582,0.054,-0.029,0.794,0.796,0
2408587,0.023,-0.061,1.140,1.142,0
2408592,0.098,-0.041,1.017,1.023,0
2408598,-0.003,-0.054,1.062,1.064,0
2408603,-0.006,0.017,1.104,1.105,0
2408608,0.094,-0.007,0.843,0.848,0
2408613,0.031,-0.013,1.018,1.018,0
2408619,0.004,-0.022,1.154,1.154,0
2408624,0.073,-0.010,1.115,1.117,0
2408629,0.140,0.024,0.925,0.936,0
2408634,0.062,0.001,1.001,1.003,0
2408640,-0.013,-0.032,1.099,1.099,0
2408645,0.057,-0.013,1.016,1.018,0
2408650,0.060,-0.003,0.997,0.999,0
2408655,0.054,-0.012,1.012,1.013,0
2408660,0.018,-0.017,1.074,1.074,0
2408666,0.043,-0.016,1.015,1.016,0
2408671,0.059,-0.013,0.998,0.999,0
2408677,0.062,-0.019,0.996,0.998,0
2408682,0.037,-0.020,1.018,1.019,0
2408687,0.049,-0.016,1.005,1.007,0
2408692,0.060,-0.023,0.955,0.958,0
2408697,0.046,-0.025,0.955,0.957,0
2408702,0.041,-0.029,0.940,0.941,0
2408708,0.051,-0.026,0.932,0.934,0
2408713,0.049,-0.026,0.937,0.939,0
2408719,0.049,-0.026,0.941,0.942,0
2408724,0.052,-0.022,0.932,0.934,0
2408729,0.055,-0.027,0.967,0.969,0
2408734,0.054,-0.029,1.020,1.022,0
2408739,0.049,-0.019,1.058,1.059,0
2408744,0.041,-0.009,1.051,1.052,0
2408750,0.051,0.022,1.181,1.183,0
2408755,0.045,0.035,1.111,1.112,0
2408761,0.038,0.031,0.984,0.985,0
2408766,0.065,0.014,0.878,0.880,0
2408771,0.075,-0.032,1.034,1.037,0
2408776,0.067,-0.027,1.085,1.087,0
2408781,0.038,0.006,1.052,1.052,0
2408786,0.037,0.009,1.109,1.110,0
2408792,0.038,-0.000,1.073,1.074,0
2408797,0.051,-0.019,0.951,0.953,0
2408803,0.057,-0.041,0.915,0.917,0
2408808,0.071,-0.037,0.896,0.899,0
2408813,0.042,-0.020,0.962,0.963,0
2408818,0.045,-0.008,1.028,1.029,0
2408823,0.044,-0.005,1.068,1.069,0
2408828,0.042,-0.029,1.047,1.049,0
2408834,0.055,-0.024,1.013,1.015,0
2408840,0.050,-0.012,0.934,0.936,0
2408845,0.037,-0.016,0.927,0.928,0
2408850,0.049,-0.021,0.976,0.977,0
2408855,0.058,0.015,1.261,1.262,0
2408860,0.059,-0.000,1.034,1.036,0
2408865,0.036,0.035,1.010,1.011,0
2408870,0.046,-0.004,0.957,0.958,0
2408876,0.056,-0.039,1.039,1.041,0
2408882,0.071,-0.023,1.009,1.012,0
2408887,0.040,-0.014,1.030,1.031,0
2408892,0.048,0.000,1.019,1.020,0
2408897,0.038,0.007,1.010,1.010,0
2408902,0.049,-0.028,0.993,0.995,0
2408907,0.061,-0.033,0.999,1.001,0
2408912,0.050,-0.017,0.995,0.996,0
2408918,0.051,0.003,1.024,1.025,0
2408924,0.054,0.006,1.034,1.036,0
2408929,0.047,-0.003,1.041,1.042,0
2408934,0.048,-0.004,1.024,1.025,0
2408939,0.054,-0.012,1.011,1.013,0
2408944,0.047,-0.014,0.989,0.990,0
2408949,0.046,-0.017,0.988,0.989,0
2408954,0.047,-0.017,1.010,1.011,0
2408960,0.048,-0.008,1.021,1.022,0
2408966,0.048,-0.010,1.021,1.022,0
2408971,0.049,-0.010,1.001,1.002,0
2408976,0.051,-0.009,1.006,1.007,0
2408981,0.054,-0.007,1.010,1.012,0
2408986,0.053,-0.008,1.019,1.020,0
2408991,0.051,-0.010,1.018,1.019,0
2408996,0.045,-0.008,1.024,1.025,0
2409001,0.051,-0.008,1.012,1.014,0
2409008,0.051,-0.013,1.001,1.003,0
2409013,0.048,-0.017,0.998,0.999,0
2409018,0.051,-0.013,1.009,1.011,0
2409023,0.050,-0.009,1.025,1.026,0
2409028,0.046,-0.006,1.024,1.025,0
2409033,0.045,-0.007,1.010,1.011,0
2409038,0.049,-0.009,1.003,1.004,0
2409043,0.055,-0.012,1.004,1.006,0
2409050,0.056,-0.012,1.016,1.018,0
2409055,0.048,-0.006,1.026,1.027,0
2409060,0.047,-0.007,1.023,1.024,0
2409065,0.050,-0.009,1.014,1.015,0
2409070,0.052,-0.017,1.001,1.002,0
2409075,0.051,-0.014,0.998,1.000,0
2409080,0.050,-0.011,1.013,1.014,0
2409085,0.047,-0.004,1.030,1.031,0
2409092,0.046,-0.006,1.018,1.019,0
2409097,0.048,-0.009,1.006,1.007,0
2409102,0.051,-0.013,1.005,1.007,0
2409107,0.052,-0.015,1.009,1.011,0
2409112,0.052,-0.008,1.020,1.021,0
2409117,0.046,-0.007,1.026,1.027,0
2409122,0.047,-0.006,1.018,1.019,0
2409127,0.049,-0.013,1.007,1.008,0
2409134,0.053,-0.016,0.995,0.996,0
2409139,0.051,-0.013,1.005,1.006,0
2409144,0.049,-0.005,1.027,1.028,0
2409149,0.050,-0.002,1.027,1.029,0
2409154,0.048,-0.008,1.013,1.014,0
2409159,0.050,-0.012,1.002,1.003,0
2409164,0.050,-0.016,1.004,1.006,0
2409169,0.050,-0.011,1.012,1.013,0
2409176,0.044,-0.006,1.023,1.024,0
2409181,0.045,-0.006,1.020,1.021,0
2409186,0.048,-0.011,1.008,1.009,0
2409191,0.051,-0.015,0.998,0.999,0
2409196,0.052,-0.017,1.003,1.004,0
2409201,0.053,-0.011,1.022,1.023,0
2409206,0.050,-0.005,1.028,1.029,0
2409211,0.048,-0.010,1.017,1.018,0
2409218,0.050,-0.012,1.005,1.006,0
2409223,0.052,-0.017,1.002,1.004,0
2409228,0.049,-0.013,1.005,1.006,0
2409233,0.050,-0.007,1.020,1.021,0
2409238,0.050,-0.008,1.025,1.026,0
2409243,0.048,-0.008,1.017,1.018,0
2409248,0.048,-0.010,1.004,1.006,0
2409253,0.052,-0.014,1.002,1.003,0
2409260,0.052,-0.012,1.013,1.014,0
2409265,0.049,-0.009,1.021,1.022,0
2409270,0.053,-0.009,1.023,1.024,0
2409275,0.048,-0.010,1.014,1.015,0
2409280,0.051,-0.014,1.008,1.010,0
2409285,0.051,-0.013,1.003,1.004,0
2409290,0.049,-0.010,1.012,1.014,0
2409295,0.051,-0.006,1.021,1.022,0
2409302,0.049,-0.010,1.018,1.019,0
2409307,0.051,-0.011,1.009,1.010,0
2409312,0.050,-0.012,1.005,1.007,0
2409317,0.051,-0.011,1.009,1.010,0
2409322,0.049,-0.011,1.013,1.014,0
2409327,0.049,-0.010,1.023,1.025,0
2409332,0.049,-0.010,1.018,1.020,0
2409338,0.050,-0.012,1.012,1.013,0
2409344,0.051,-0.013,1.003,1.004,0
2409349,0.048,-0.012,1.006,1.007,0
2409354,0.049,-0.009,1.016,1.017,0
2409359,0.051,-0.009,1.020,1.022,0
2409364,0.050,-0.007,1.015,1.016,0
2409369,0.047,-0.011,1.008,1.009,0
2409374,0.051,-0.010,1.006,1.007,0
2409380,0.051,-0.011,1.009,1.010,0
2409385,0.047,-0.008,1.014,1.015,0
2409391,0.047,-0.010,1.018,1.019,0
2409396,0.048,-0.011,1.015,1.016,0
2409401,0.048,-0.012,1.005,1.006,0
2409406,0.050,-0.012,1.008,1.009,0
2409411,0.049,-0.010,1.010,1.011,0
2409416,0.054,-0.009,1.015,1.017,0
2409422,0.052,-0.011,1.019,1.020,0
2409427,0.049,-0.011,1.010,1.012,0
2409433,0.049,-0.015,1.010,1.012,0
2409438,0.050,-0.014,1.011,1.012,0
2409443,0.050,-0.012,1.015,1.017,0
2409448,0.048,-0.008,1.017,1.018,0
2409453,0.048,-0.009,1.017,1.018,0
2409458,0.050,-0.008,1.009,1.010,0
2409464,0.048,-0.014,1.008,1.009,0
2409469,0.047,-0.013,1.009,1.010,0
2409475,0.050,-0.010,1.012,1.013,0
2409480,0.049,-0.009,1.018,1.019,0
2409485,0.052,-0.008,1.017,1.019,0
2409490,0.050,-0.010,1.009,1.010,0
2409495,0.051,-0.010,1.008,1.009,0
2409500,0.048,-0.010,1.012,1.013,0
2409506,0.049,-0.011,1.014,1.015,0
2409511,0.050,-0.007,1.016,1.017,0
2409517,0.053,-0.009,1.016,1.017,0
2409522,0.053,-0.010,1.014,1.015,0
2409527,0.051,-0.010,1.008,1.009,0
2409532,0.050,-0.011,1.009,1.010,0
2409537,0.048,-0.011,1.012,1.013,0
2409542,0.046,-0.011,1.015,1.016,0
2409548,0.050,-0.012,1.016,1.017,0
2409553,0.050,-0.011,1.007,1.008,0
2409559,0.050,-0.009,1.009,1.010,0
2409564,0.049,-0.010,1.015,1.016,0
2409569,0.051,-0.011,1.016,1.018,0
2409574,0.050,-0.008,1.015,1.017,0
2409579,0.047,-0.011,1.016,1.017,0
2409585,0.047,-0.010,1.009,1.011,0
2409590,0.048,-0.010,1.011,1.012,0
2409595,0.050,-0.012,1.014,1.015,0
2409601,0.048,-0.011,1.014,1.016,0
2409606,0.051,-0.012,1.015,1.017,0
2409611,0.050,-0.011,1.017,1.018,0
2409616,0.049,-0.010,1.011,1.012,0
2409621,0.046,-0.013,1.011,1.012,0
2409627,0.049,-0.010,1.010,1.011,0
2409632,0.051,-0.010,1.013,1.014,0
2409637,0.051,-0.008,1.012,1.013,0
2409643,0.049,-0.011,1.012,1.013,0
2409648,0.050,-0.011,1.011,1.012,0
2409653,0.050,-0.010,1.010,1.011,0
2409658,0.052,-0.009,1.012,1.013,0
2409664,0.050,-0.011,1.013,1.014,0
2409669,0.050,-0.010,1.013,1.014,0
2409674,0.049,-0.011,1.012,1.013,0
2409679,0.051,-0.011,1.005,1.006,0
2409684,0.050,-0.009,1.008,1.009,0
2409690,0.050,-0.009,1.014,1.015,0
2409695,0.050,-0.009,1.013,1.015,0
2409700,0.050,-0.006,1.014,1.015,0
2409706,0.052,-0.009,1.011,1.012,0
2409711,0.052,-0.012,1.010,1.011,0
2409716,0.053,-0.011,1.012,1.013,0
2409721,0.051,-0.012,1.011,1.012,0
2409726,0.050,-0.011,1.011,1.012,0
2409732,0.050,-0.010,1.015,1.017,0
2409737,0.049,-0.009,1.015,1.016,0
2409742,0.046,-0.009,1.009,1.010,0
2409748,0.048,-0.010,1.011,1.012,0
2409753,0.050,-0.010,1.015,1.017,0
2409758,0.050,-0.010,1.011,1.012,0
2409763,0.048,-0.012,1.009,1.011,0
2409768,0.049,-0.011,1.009,1.010,0
2409774,0.049,-0.012,1.010,1.011,0
2409779,0.049,-0.009,1.012,1.013,0
2409784,0.052,-0.008,1.011,1.012,0
2409790,0.053,-0.009,1.010,1.012,0
2409795,0.050,-0.007,1.009,1.010,0
2409800,0.048,-0.010,1.014,1.015,0
2409805,0.051,-0.009,1.012,1.014,0
2409810,0.051,-0.010,1.008,1.010,0
2409816,0.048,-0.009,1.011,1.012,0
2409821,0.049,-0.010,1.013,1.014,0
2409826,0.049,-0.007,1.015,1.016,0
2409832,0.050,-0.007,1.010,1.011,0
2409837,0.050,-0.010,1.009,1.010,0
2409842,0.051,-0.008,1.012,1.013,0
2409847,0.050,-0.011,1.011,1.012,0
2409852,0.048,-0.012,1.013,1.015,0
2409858,0.048,-0.013,1.014,1.015,0
2409863,0.052,-0.011,1.014,1.016,0
2409869,0.053,-0.011,1.011,1.012,0
2409874,0.051,-0.010,1.014,1.016,0
2409879,0.052,-0.011,1.013,1.015,0
2409884,0.047,-0.012,1.013,1.014,0
2409889,0.047,-0.012,1.010,1.011,0
2409894,0.049,-0.010,1.009,1.010,0
2409900,0.049,-0.010,1.011,1.012,0
2409906,0.047,-0.011,1.013,1.014,0
2409911,0.049,-0.012,1.015,1.016,0
2409916,0.049,-0.012,1.014,1.015,0
2409921,0.048,-0.012,1.011,1.012,0
2409926,0.048,-0.009,1.008,1.009,0
2409931,0.048,-0.011,1.012,1.013,0
2409936,0.048,-0.011,1.014,1.016,0
2409942,0.052,-0.008,1.014,1.016,0
2409948,0.048,-0.009,1.012,1.013,0
2409953,0.047,-0.012,1.016,1.017,0
2409958,0.051,-0.012,1.012,1.014,0
2409963,0.051,-0.012,1.016,1.017,0
2409968,0.050,-0.011,1.014,1.015,0
2409973,0.049,-0.008,1.012,1.014,0
2409978,0.049,-0.009,1.010,1.011,0
2409985,0.047,-0.010,1.011,1.013,0
2409990,0.047,-0.011,1.010,1.011,0
2409995,0.048,-0.012,1.012,1.013,0
2410000,0.047,-0.010,1.011,1.012,0
2410005,0.051,-0.011,1.013,1.014,0
2410010,0.051,-0.009,1.011,1.012,0
2410015,0.052,-0.010,1.008,1.009,0
2410020,0.050,-0.009,1.011,1.013,0
2410027,0.050,-0.012,1.015,1.017,0
2410032,0.047,-0.011,1.012,1.013,0
2410037,0.049,-0.009,1.012,1.013,0
2410042,0.050,-0.012,1.014,1.015,0
2410047,0.048,-0.010,1.009,1.010,0
2410052,0.051,-0.011,1.012,1.013,0
2410057,0.051,-0.011,1.014,1.015,0
2410063,0.049,-0.009,1.011,1.012,0
2410068,0.050,-0.012,1.009,1.010,0
2410074,0.048,-0.012,1.010,1.011,0
2410079,0.047,-0.009,1.009,1.010,0
2410084,0.048,-0.011,1.013,1.014,0
2410089,0.049,-0.007,1.014,1.016,0
2410094,0.049,-0.008,1.016,1.017,0
2410099,0.050,-0.009,1.011,1.012,0
2410105,0.049,-0.010,1.013,1.014,0
2410110,0.047,-0.010,1.014,1.015,0
2410116,0.049,-0.009,1.012,1.013,0
2410121,0.051,-0.010,1.013,1.014,0
2410126,0.049,-0.009,1.012,1.013,0
2410131,0.050,-0.010,1.013,1.014,0
2410136,0.047,-0.012,1.013,1.014,0
2410141,0.049,-0.010,1.014,1.015,0
2410147,0.053,-0.008,1.013,1.015,0
2410152,0.050,-0.011,1.017,1.018,0
2410158,0.047,-0.009,1.015,1.016,0
2410163,0.050,-0.009,1.012,1.013,0
2410168,0.049,-0.010,1.010,1.011,0
2410173,0.049,-0.010,1.010,1.012,0
2410178,0.050,-0.011,1.010,1.011,0
2410184,0.050,-0.010,1.011,1.012,0
2410189,0.050,-0.009,1.015,1.016,0
2410194,0.050,-0.010,1.014,1.015,0
2410200,0.050,-0.012,1.009,1.010,0
2410205,0.049,-0.009,1.009,1.010,0
2410210,0.052,-0.011,1.014,1.015,0
2410215,0.053,-0.011,1.014,1.016,0
2410220,0.049,-0.010,1.008,1.009,0
2410226,0.050,-0.010,1.011,1.012,0
2410231,0.049,-0.010,1.010,1.011,0
2410236,0.050,-0.009,1.009,1.011,0
2410242,0.048,-0.009,1.009,1.010,0
2410247,0.048,-0.009,1.012,1.013,0
2410252,0.048,-0.012,1.016,1.017,0
2410257,0.052,-0.012,1.016,1.018,0
2410262,0.049,-0.008,1.012,1.014,0
2410268,0.049,-0.010,1.011,1.013,0
2410273,0.050,-0.011,1.012,1.013,0
2410278,0.051,-0.012,1.012,1.014,0
2410284,0.050,-0.010,1.010,1.011,0
2410289,0.049,-0.011,1.011,1.013,0
2410294,0.050,-0.012,1.013,1.014,0
2410299,0.050,-0.010,1.017,1.018,0
2410305,0.052,-0.011,1.012,1.014,0
2410310,0.051,-0.010,1.012,1.014,0
2410315,0.050,-0.008,1.010,1.011,0
2410320,0.050,-0.012,1.009,1.011,0
2410326,0.051,-0.014,1.009,1.011,0
2410331,0.051,-0.012,1.011,1.012,0
2410336,0.050,-0.009,1.012,1.014,0
2410341,0.050,-0.012,1.014,1.016,0
2410347,0.049,-0.011,1.013,1.014,0
2410352,0.049,-0.007,1.010,1.012,0
2410357,0.052,-0.007,1.012,1.013,0
2410362,0.051,-0.007,1.011,1.012,0
2410368,0.051,-0.012,1.012,1.013,0
2410373,0.050,-0.012,1.014,1.016,0
2410378,0.051,-0.011,1.012,1.013,0
2410384,0.050,-0.012,1.010,1.011,0
2410389,0.050,-0.012,1.009,1.010,0
2410394,0.049,-0.014,1.011,1.013,0
2410399,0.047,-0.010,1.013,1.014,0
2410404,0.046,-0.011,1.013,1.014,0
2410409,0.047,-0.009,1.012,1.013,0
2410415,0.048,-0.009,1.011,1.012,0
2410420,0.048,-0.009,1.013,1.014,0
2410426,0.051,-0.008,1.014,1.015,0
2410431,0.052,-0.010,1.010,1.012,0
2410436,0.049,-0.009,1.012,1.013,0
2410441,0.049,-0.008,1.013,1.014,0
2410446,0.050,-0.010,1.010,1.012,0
2410451,0.050,-0.009,1.012,1.014,0
2410457,0.050,-0.008,1.012,1.014,0
2410462,0.050,-0.009,1.014,1.015,0
2410468,0.048,-0.011,1.015,1.016,0
2410473,0.049,-0.008,1.011,1.012,0
2410478,0.050,-0.009,1.012,1.013,0
2410483,0.051,-0.011,1.016,1.018,0
2410488,0.050,-0.009,1.011,1.013,0
2410493,0.050,-0.009,1.012,1.013,0
2410499,0.048,-0.010,1.013,1.014,0
2410505,0.047,-0.010,1.011,1.012,0
2410510,0.051,-0.011,1.014,1.015,0
2410515,0.049,-0.011,1.014,1.015,0
2410520,0.049,-0.011,1.009,1.010,0
2410525,0.048,-0.009,1.014,1.015,0
2410530,0.050,-0.007,1.013,1.015,0
2410535,0.050,-0.009,1.016,1.017,0
2410541,0.051,-0.009,1.014,1.015,0
2410547,0.049,-0.010,1.015,1.017,0
2410552,0.049,-0.011,1.013,1.014,0
2410557,0.049,-0.009,1.015,1.016,0
2410562,0.051,-0.008,1.014,1.015,0
2410567,0.049,-0.011,1.011,1.012,0
2410572,0.048,-0.014,1.014,1.016,0
2410577,0.050,-0.009,1.015,1.017,0
2410584,0.049,-0.012,1.016,1.017,0
2410589,0.049,-0.011,1.014,1.016,0
2410594,0.048,-0.012,1.015,1.017,0
2410599,0.048,-0.008,1.014,1.015,0
2410604,0.048,-0.010,1.011,1.012,0
2410609,0.048,-0.011,1.011,1.012,0
2410614,0.050,-0.011,1.012,1.013,0
2410619,0.049,-0.010,1.014,1.015,0
2410626,0.049,-0.009,1.012,1.013,0
2410631,0.050,-0.008,1.014,1.015,0
2410636,0.053,-0.008,1.010,1.011,0
2410641,0.052,-0.007,1.009,1.011,0
2410646,0.052,-0.009,1.013,1.014,0
2410651,0.050,-0.010,1.015,1.016,0
2410656,0.050,-0.010,1.013,1.014,0
2410662,0.050,-0.012,1.013,1.014,0
2410668,0.049,-0.011,1.007,1.008,0
2410673,0.048,-0.008,1.007,1.008,0
2410678,0.048,-0.009,1.008,1.009,0
2410683,0.052,-0.009,1.009,1.011,0
2410688,0.049,-0.009,1.012,1.014,0
2410693,0.048,-0.010,1.013,1.014,0
2410698,0.050,-0.014,1.012,1.013,0
2410704,0.049,-0.014,1.012,1.013,0
2410710,0.049,-0.012,1.013,1.014,0
2410715,0.049,-0.012,1.016,1.018,0
2410720,0.049,-0.012,1.016,1.017,0
2410725,0.053,-0.011,1.015,1.016,0
2410730,0.048,-0.009,1.014,1.015,0
2410735,0.049,-0.011,1.013,1.014,0
2410740,0.050,-0.009,1.011,1.013,0
2410746,0.051,-0.010,1.012,1.014,0
2410752,0.053,-0.010,1.012,1.013,0
2410757,0.049,-0.008,1.010,1.012,0
2410762,0.051,-0.009,1.010,1.011,0
2410767,0.049,-0.010,1.014,1.015,0
2410772,0.049,-0.010,1.015,1.017,0
2410777,0.052,-0.011,1.014,1.015,0
2410783,0.050,-0.012,1.009,1.010,0
2410788,0.049,-0.010,1.010,1.012,0
2410793,0.050,-0.012,1.012,1.013,0
2410799,0.049,-0.011,1.011,1.012,0
2410804,0.050,-0.011,1.009,1.011,0
2410809,0.050,-0.011,1.009,1.010,0
2410814,0.050,-0.010,1.013,1.014,0
2410819,0.049,-0.011,1.015,1.016,0
2410825,0.050,-0.010,1.012,1.013,0
2410830,0.049,-0.008,1.010,1.011,0
2410835,0.048,-0.010,1.013,1.014,0
2410841,0.048,-0.011,1.012,1.014,0
2410846,0.053,-0.010,1.011,1.012,0
2410851,0.051,-0.011,1.012,1.013,0
2410856,0.048,-0.012,1.015,1.016,0
2410862,0.047,-0.012,1.010,1.012,0
2410867,0.047,-0.012,1.014,1.015,0
2410872,0.051,-0.010,1.010,1.011,0
2410877,0.051,-0.011,1.013,1.014,0
2410883,0.050,-0.011,1.013,1.014,0
2410888,0.049,-0.009,1.012,1.013,0
2410893,0.050,-0.010,1.013,1.014,0
2410898,0.049,-0.011,1.011,1.012,0
2410904,0.048,-0.009,1.011,1.012,0
2410909,0.050,-0.007,1.010,1.011,0
2410914,0.048,-0.011,1.010,1.011,0
2410919,0.049,-0.012,1.011,1.012,0
2410925,0.052,-0.010,1.013,1.014,0
2410930,0.049,-0.009,1.010,1.012,0
2410935,0.048,-0.009,1.011,1.012,0
2410941,0.049,-0.010,1.010,1.012,0
2410946,0.052,-0.010,1.008,1.010,0
2410951,0.050,-0.007,1.012,1.013,0
2410956,0.051,-0.011,1.011,1.012,0
2410961,0.051,-0.009,1.007,1.008,0
2410967,0.049,-0.011,1.013,1.015,0
2410972,0.051,-0.012,1.013,1.015,0
2410977,0.049,-0.012,1.011,1.012,0
2410983,0.048,-0.010,1.010,1.011,0
2410988,0.048,-0.011,1.015,1.017,0
2410993,0.048,-0.011,1.012,1.013,0
2410998,0.049,-0.013,1.011,1.012,0
2411003,0.046,-0.009,1.015,1.016,0
2411009,0.051,-0.009,1.013,1.014,0
2411014,0.050,-0.011,1.015,1.016,0
2411020,0.048,-0.012,1.012,1.013,0
2411025,0.049,-0.009,1.012,1.014,0
2411030,0.045,-0.011,1.011,1.012,0
2411035,0.048,-0.009,1.012,1.013,0
2411040,0.048,-0.008,1.015,1.017,0
2411045,0.048,-0.009,1.013,1.014,0
2411051,0.050,-0.011,1.014,1.015,0
2411056,0.049,-0.009,1.014,1.015,0
2411062,0.049,-0.012,1.009,1.011,0
2411067,0.048,-0.013,1.012,1.014,0
2411072,0.050,-0.010,1.011,1.013,0
2411077,0.048,-0.008,1.014,1.015,0
2411082,0.048,-0.008,1.013,1.014,0
2411087,0.051,-0.012,1.012,1.013,0
2411092,0.049,-0.008,1.012,1.013,0
2411099,0.049,-0.009,1.013,1.015,0
2411104,0.052,-0.012,1.016,1.017,0
2411109,0.049,-0.010,1.012,1.013,0
2411114,0.050,-0.010,1.012,1.013,0
2411119,0.050,-0.008,1.012,1.013,0
2411124,0.045,-0.010,1.010,1.012,0
2411129,0.049,-0.011,1.009,1.011,0
2411134,0.048,-0.010,1.010,1.011,0
2411141,0.050,-0.010,1.012,1.013,0
2411146,0.049,-0.010,1.014,1.015,0
2411151,0.049,-0.011,1.011,1.012,0
2411156,0.051,-0.011,1.012,1.013,0
2411161,0.051,-0.012,1.010,1.011,0
2411166,0.051,-0.010,1.015,1.016,0
2411171,0.052,-0.010,1.016,1.017,0
2411177,0.051,-0.009,1.017,1.018,0
2411183,0.050,-0.007,1.018,1.019,0
2411188,0.049,-0.009,1.014,1.015,0
2411193,0.051,-0.011,1.012,1.013,0
2411198,0.050,-0.009,1.013,1.014,0
2411203,0.052,-0.008,1.011,1.012,0
2411208,0.050,-0.009,1.011,1.013,0
2411213,0.051,-0.011,1.013,1.014,0
2411219,0.049,-0.011,1.011,1.012,0
2411225,0.051,-0.010,1.012,1.013,0
2411230,0.050,-0.011,1.013,1.015,0
2411235,0.051,-0.009,1.011,1.013,0
2411240,0.051,-0.010,1.015,1.016,0
2411245,0.049,-0.009,1.015,1.016,0
2411250,0.048,-0.010,1.012,1.013,0
2411256,0.047,-0.009,1.009,1.010,0
2411261,0.049,-0.008,1.012,1.013,0
2411267,0.051,-0.008,1.011,1.012,0
2411272,0.051,-0.009,1.010,1.011,0
2411277,0.050,-0.008,1.011,1.012,0
2411282,0.048,-0.009,1.014,1.015,0
2411287,0.049,-0.012,1.014,1.015,0
2411292,0.050,-0.014,1.010,1.012,0
2411298,0.050,-0.011,1.011,1.013,0
2411303,0.050,-0.011,1.013,1.014,0
2411309,0.050,-0.011,1.015,1.016,0
2411314,0.048,-0.011,1.010,1.011,0
2411319,0.049,-0.010,1.012,1.013,0
2411324,0.050,-0.012,1.013,1.014,0
2411329,0.050,-0.011,1.012,1.014,0
2411335,0.048,-0.010,1.010,1.011,0
2411340,0.050,-0.007,1.013,1.014,0
2411345,0.052,-0.006,1.014,1.015,0
2411351,0.050,-0.010,1.014,1.015,0
2411356,0.049,-0.008,1.011,1.012,0
2411361,0.051,-0.009,1.013,1.014,0
2411366,0.052,-0.012,1.013,1.014,0
2411371,0.051,-0.013,1.015,1.016,0
2411377,0.052,-0.010,1.013,1.014,0
2411382,0.050,-0.011,1.012,1.013,0
2411387,0.051,-0.011,1.013,1.015,0
2411393,0.047,-0.009,1.010,1.011,0
2411398,0.049,-0.007,1.009,1.011,0
2411403,0.051,-0.011,1.009,1.010,0
2411408,0.048,-0.010,1.009,1.010,0
2411414,0.053,-0.010,1.010,1.011,0
2411419,0.050,-0.007,1.009,1.011,0
2411424,0.049,-0.008,1.011,1.012,0
2411429,0.051,-0.010,1.015,1.016,0
2411435,0.050,-0.010,1.013,1.014,0
2411440,0.047,-0.008,1.010,1.011,0
2411445,0.048,-0.008,1.012,1.013,0
2411450,0.049,-0.011,1.012,1.013,0
2411456,0.050,-0.011,1.014,1.015,0
2411461,0.050,-0.013,1.013,1.014,0
2411466,0.047,-0.009,1.011,1.012,0
2411471,0.049,-0.013,1.014,1.015,0
2411476,0.048,-0.013,1.012,1.013,0
2411482,0.047,-0.011,1.013,1.014,0
2411487,0.049,-0.008,1.014,1.016,0
2411493,0.049,-0.009,1.012,1.013,0
2411498,0.050,-0.008,1.013,1.014,0
2411503,0.052,-0.008,1.013,1.015,0
2411508,0.050,-0.010,1.013,1.015,0
2411513,0.051,-0.010,1.011,1.012,0
2411518,0.051,-0.011,1.011,1.012,0
2411524,0.048,-0.009,1.012,1.013,0
2411529,0.051,-0.012,1.012,1.013,0
2411535,0.051,-0.011,1.015,1.016,0
2411540,0.052,-0.012,1.014,1.015,0
2411545,0.049,-0.010,1.013,1.014,0
2411550,0.048,-0.010,1.011,1.012,0
2411555,0.053,-0.008,1.012,1.014,0
2411560,0.051,-0.008,1.015,1.016,0
2411566,0.052,-0.010,1.015,1.017,0
2411572,0.050,-0.007,1.014,1.015,0
2411577,0.049,-0.008,1.015,1.016,0
2411582,0.051,-0.010,1.011,1.012,0
2411587,0.050,-0.011,1.014,1.015,0
2411592,0.052,-0.014,1.010,1.012,0
2411597,0.050,-0.010,1.010,1.011,0
2411602,0.050,-0.011,1.012,1.013,0
2411608,0.050,-0.011,1.008,1.009,0
2411614,0.050,-0.013,1.011,1.013,0
2411619,0.051,-0.014,1.011,1.012,0
2411624,0.049,-0.013,1.016,1.017,0
2411629,0.049,-0.015,1.015,1.016,0
2411634,0.050,-0.013,1.015,1.016,0
2411639,0.048,-0.011,1.014,1.015,0
2411644,0.048,-0.010,1.007,1.008,0
2411650,0.048,-0.010,1.009,1.011,0
2411656,0.050,-0.011,1.009,1.011,0
2411661,0.049,-0.009,1.009,1.011,0
2411666,0.051,-0.011,1.013,1.014,0
2411671,0.051,-0.012,1.012,1.013,0
2411676,0.051,-0.010,1.014,1.015,0
2411681,0.048,-0.010,1.013,1.014,0
2411686,0.048,-0.008,1.011,1.012,0
2411693,0.050,-0.010,1.012,1.013,0
2411698,0.050,-0.008,1.008,1.009,0
2411703,0.051,-0.007,1.012,1.013,0
2411708,0.046,-0.010,1.008,1.009,0
2411713,0.050,-0.012,1.010,1.011,0
2411718,0.049,-0.011,1.012,1.013,0
2411723,0.049,-0.010,1.014,1.015,0
2411728,0.053,-0.010,1.013,1.015,0
2411735,0.050,-0.011,1.012,1.013,0
2411740,0.049,-0.009,1.012,1.013,0
2411745,0.049,-0.012,1.012,1.014,0
2411750,0.051,-0.009,1.011,1.012,0
2411755,0.049,-0.008,1.015,1.017,0
2411760,0.050,-0.008,1.015,1.016,0
2411765,0.049,-0.010,1.013,1.014,0
2411770,0.049,-0.009,1.013,1.015,0
2411777,0.049,-0.011,1.012,1.013,0
2411782,0.050,-0.010,1.013,1.014,0
2411787,0.050,-0.011,1.014,1.016,0
2411792,0.051,-0.012,1.017,1.019,0
2411797,0.050,-0.012,1.013,1.015,0
2411802,0.050,-0.011,1.009,1.011,0
2411807,0.048,-0.011,1.010,1.012,0
2411813,0.046,-0.012,1.011,1.012,0
2411819,0.047,-0.010,1.013,1.014,0
2411824,0.049,-0.011,1.011,1.012,0
2411829,0.051,-0.010,1.013,1.014,0
2411834,0.049,-0.010,1.012,1.013,0
2411839,0.050,-0.008,1.013,1.014,0
2411844,0.051,-0.008,1.013,1.014,0
2411850,0.050,-0.008,1.014,1.016,0
2411855,0.050,-0.008,1.014,1.016,0
2411860,0.051,-0.010,1.012,1.013,0
2411866,0.050,-0.010,1.011,1.013,0
2411871,0.049,-0.011,1.007,1.008,0
2411876,0.049,-0.013,1.014,1.016,0
2411881,0.048,-0.010,1.015,1.016,0
2411886,0.051,-0.009,1.013,1.015,0
2411892,0.052,-0.012,1.014,1.015,0
2411897,0.052,-0.011,1.013,1.014,0
2411902,0.049,-0.013,1.010,1.011,0
2411908,0.048,-0.012,1.014,1.016,0
2411913,0.050,-0.011,1.015,1.016,0
2411918,0.050,-0.009,1.009,1.011,0
2411923,0.049,-0.009,1.013,1.014,0
2411929,0.047,-0.012,1.013,1.015,0
2411934,0.048,-0.008,1.014,1.016,0
2411939,0.046,-0.007,1.012,1.013,0
2411944,0.047,-0.010,1.015,1.016,0
2411950,0.050,-0.012,1.012,1.013,0
2411955,0.048,-0.011,1.013,1.015,0
2411960,0.047,-0.012,1.010,1.012,0
2411965,0.049,-0.010,1.011,1.012,0
2411971,0.049,-0.007,1.014,1.016,0
2411976,0.049,-0.009,1.014,1.015,0
2411981,0.050,-0.010,1.014,1.016,0
2411986,0.052,-0.009,1.014,1.015,0
2411992,0.049,-0.009,1.009,1.010,0
2411997,0.048,-0.008,1.011,1.012,0
2412002,0.048,-0.009,1.018,1.019,0
2412007,0.050,-0.009,1.013,1.014,0
2412013,0.049,-0.010,1.011,1.012,0
2412018,0.048,-0.009,1.009,1.010,0
2412023,0.048,-0.008,1.011,1.013,0
2412028,0.048,-0.010,1.012,1.013,0
2412034,0.050,-0.012,1.012,1.014,0
2412039,0.047,-0.011,1.013,1.014,0
2412044,0.050,-0.009,1.012,1.013,0
2412050,0.049,-0.009,1.012,1.014,0
2412055,0.049,-0.011,1.015,1.016,0
2412060,0.051,-0.010,1.011,1.012,0
2412065,0.051,-0.009,1.012,1.013,0
2412070,0.050,-0.011,1.009,1.010,0
2412076,0.048,-0.010,1.010,1.011,0
2412081,0.049,-0.011,1.013,1.014,0
2412086,0.050,-0.010,1.014,1.015,0
2412092,0.048,-0.008,1.010,1.011,0
2412097,0.049,-0.010,1.011,1.012,0
2412102,0.051,-0.012,1.014,1.015,0
2412107,0.049,-0.011,1.009,1.010,0
2412112,0.050,-0.010,1.010,1.011,0
2412118,0.049,-0.012,1.014,1.015,0
2412123,0.050,-0.010,1.011,1.013,0
2412129,0.049,-0.009,1.008,1.010,0
2412134,0.047,-0.009,1.010,1.011,0
2412139,0.050,-0.009,1.010,1.011,0
2412144,0.047,-0.012,1.012,1.013,0
2412149,0.044,-0.010,1.014,1.015,0
2412154,0.048,-0.010,1.013,1.014,0
2412160,0.048,-0.010,1.015,1.016,0
2412165,0.050,-0.009,1.014,1.015,0
2412171,0.051,-0.009,1.015,1.017,0
2412176,0.049,-0.010,1.016,1.017,0
2412181,0.051,-0.011,1.012,1.013,0
2412186,0.051,-0.009,1.013,1.015,0
2412191,0.051,-0.007,1.011,1.012,0
2412196,0.049,-0.012,1.013,1.014,0
2412201,0.049,-0.011,1.013,1.014,0
2412208,0.051,-0.012,1.012,1.014,0
2412213,0.050,-0.011,1.011,1.013,0
2412218,0.049,-0.013,1.016,1.017,0
2412223,0.049,-0.011,1.014,1.015,0
2412228,0.048,-0.008,1.010,1.011,0
2412233,0.050,-0.009,1.011,1.012,0
2412238,0.050,-0.012,1.012,1.013,0
2412243,0.049,-0.011,1.012,1.013,0
2412250,0.052,-0.012,1.010,1.012,0
2412255,0.050,-0.009,1.011,1.012,0
2412260,0.050,-0.009,1.011,1.013,0
2412265,0.049,-0.009,1.009,1.010,0
2412270,0.050,-0.010,1.010,1.012,0
2412275,0.050,-0.009,1.013,1.015,0
2412280,0.049,-0.007,1.013,1.014,0
2412285,0.048,-0.010,1.007,1.008,0
2412292,0.048,-0.011,1.012,1.014,0
2412297,0.050,-0.012,1.010,1.011,0
2412302,0.047,-0.009,1.014,1.015,0
2412307,0.048,-0.010,1.012,1.013,0
2412312,0.049,-0.011,1.015,1.016,0
2412317,0.050,-0.011,1.013,1.014,0
2412322,0.049,-0.011,1.012,1.013,0
2412328,0.046,-0.009,1.011,1.012,0
2412334,0.049,-0.009,1.011,1.013,0
2412339,0.050,-0.010,1.012,1.013,0
2412344,0.052,-0.010,1.012,1.013,0
2412349,0.053,-0.012,1.013,1.015,0
2412354,0.047,-0.007,1.013,1.014,0
2412359,0.048,-0.010,1.015,1.016,0
2412365,0.047,-0.010,1.014,1.015,0
2412370,0.047,-0.010,1.013,1.014,0
2412376,0.047,-0.012,1.013,1.015,0
2412381,0.050,-0.010,1.012,1.013,0
2412386,0.053,-0.011,1.013,1.015,0
2412391,0.049,-0.012,1.013,1.014,0
2412396,0.051,-0.014,1.011,1.013,0
2412401,0.050,-0.014,1.011,1.012,0
2412407,0.049,-0.012,1.011,1.012,0
2412412,0.049,-0.011,1.009,1.011,0
2412418,0.051,-0.012,1.013,1.014,0
2412423,0.049,-0.012,1.012,1.013,0
2412428,0.050,-0.011,1.010,1.011,0
2412433,0.050,-0.011,1.012,1.013,0
2412438,0.049,-0.010,1.013,1.014,0
2412444,0.050,-0.011,1.015,1.017,0
2412449,0.049,-0.007,1.009,1.010,0
2412454,0.051,-0.008,1.018,1.019,0
2412460,0.051,-0.011,1.016,1.017,0
2412465,0.050,-0.009,1.012,1.013,0
2412470,0.049,-0.009,1.014,1.015,0
2412475,0.050,-0.010,1.011,1.013,0
2412480,0.051,-0.008,1.013,1.014,0
2412486,0.049,-0.010,1.011,1.013,0
2412491,0.045,-0.012,1.008,1.009,0
2412496,0.048,-0.009,1.012,1.014,0
2412502,0.050,-0.009,1.013,1.014,0
2412507,0.048,-0.012,1.010,1.011,0
2412512,0.046,-0.009,1.014,1.015,0
2412517,0.049,-0.010,1.014,1.015,0
2412522,0.047,-0.013,1.009,1.010,0
2412528,0.049,-0.012,1.011,1.013,0
2412533,0.048,-0.010,1.015,1.016,0
2412538,0.049,-0.010,1.014,1.015,0
2412544,0.050,-0.011,1.014,1.015,0
2412549,0.050,-0.008,1.014,1.015,0
2412554,0.049,-0.010,1.008,1.009,0
2412559,0.050,-0.008,1.010,1.011,0
2412565,0.049,-0.011,1.009,1.010,0
2412570,0.050,-0.009,1.013,1.014,0
2412575,0.050,-0.008,1.013,1.014,0
2412580,0.051,-0.009,1.013,1.014,0
2412585,0.051,-0.008,1.010,1.011,0
2412591,0.050,-0.009,1.014,1.015,0
2412596,0.049,-0.010,1.011,1.012,0
2412601,0.049,-0.010,1.011,1.012,0
2412607,0.050,-0.010,1.014,1.015,0
2412612,0.049,-0.010,1.016,1.017,0
2412617,0.051,-0.008,1.013,1.014,0
2412622,0.050,-0.012,1.011,1.012,0
2412627,0.048,-0.011,1.011,1.012,0
2412633,0.051,-0.009,1.012,1.014,0
2412638,0.048,-0.008,1.011,1.012,0
2412643,0.049,-0.011,1.011,1.013,0
2412649,0.048,-0.010,1.012,1.013,0
2412654,0.052,-0.011,1.012,1.013,0
2412659,0.049,-0.008,1.012,1.014,0
2412664,0.050,-0.011,1.014,1.016,0
2412669,0.049,-0.011,1.012,1.013,0
2412675,0.049,-0.011,1.014,1.015,0
2412680,0.049,-0.009,1.012,1.013,0
2412686,0.050,-0.011,1.012,1.013,0
2412691,0.052,-0.010,1.013,1.014,0
2412696,0.054,-0.007,1.013,1.015,0
2412701,0.052,-0.007,1.011,1.013,0
2412706,0.050,-0.007,1.010,1.011,0
2412711,0.049,-0.011,1.011,1.012,0
2412717,0.051,-0.009,1.011,1.012,0
2412723,0.050,-0.008,1.009,1.010,0
2412728,0.051,-0.011,1.014,1.015,0
2412733,0.052,-0.011,1.016,1.017,0
2412738,0.051,-0.012,1.013,1.014,0
2412743,0.050,-0.008,1.014,1.015,0
2412748,0.048,-0.008,1.012,1.013,0
2412753,0.050,-0.009,1.010,1.012,0
2412759,0.048,-0.010,1.009,1.011,0
2412765,0.050,-0.012,1.012,1.014,0
2412770,0.049,-0.008,1.013,1.014,0
2412775,0.049,-0.008,1.011,1.012,0
2412780,0.050,-0.008,1.013,1.014,0
2412785,0.050,-0.011,1.012,1.013,0
2412790,0.050,-0.013,1.011,1.013,0
2412795,0.052,-0.009,1.012,1.013,0
2412801,0.051,-0.012,1.015,1.017,0
2412807,0.050,-0.010,1.014,1.015,0
2412812,0.053,-0.012,1.014,1.016,0
2412817,0.051,-0.009,1.011,1.013,0
2412822,0.049,-0.009,1.010,1.012,0
2412827,0.050,-0.009,1.014,1.015,0
2412832,0.049,-0.008,1.013,1.014,0
2412837,0.047,-0.008,1.015,1.016,0
2412843,0.049,-0.011,1.014,1.015,0
2412849,0.048,-0.012,1.012,1.013,0
2412854,0.047,-0.012,1.011,1.012,0
2412859,0.051,-0.012,1.012,1.014,0
2412864,0.050,-0.012,1.010,1.012,0
2412869,0.048,-0.011,1.015,1.016,0
2412874,0.050,-0.012,1.014,1.015,0
2412879,0.051,-0.012,1.012,1.013,0
2412886,0.049,-0.010,1.010,1.011,0
2412891,0.047,-0.009,1.010,1.011,0
2412896,0.049,-0.008,1.010,1.012,0
2412901,0.050,-0.011,1.014,1.015,0
2412906,0.051,-0.012,1.013,1.014,0
2412911,0.049,-0.010,1.007,1.008,0
2412916,0.049,-0.011,1.009,1.011,0
2412921,0.048,-0.010,1.010,1.011,0
2412928,0.050,-0.010,1.013,1.014,0
2412933,0.047,-0.011,1.012,1.013,0
2412938,0.048,-0.012,1.012,1.013,0
2412943,0.050,-0.011,1.012,1.013,0
2412948,0.049,-0.010,1.014,1.016,0
2412953,0.049,-0.010,1.011,1.012,0
2412958,0.051,-0.011,1.009,1.010,0
2412964,0.052,-0.011,1.012,1.014,0
2412969,0.049,-0.008,1.012,1.013,0
2412975,0.050,-0.011,1.014,1.015,0
2412980,0.050,-0.013,1.015,1.016,0
2412985,0.050,-0.010,1.012,1.013,0
2412990,0.051,-0.009,1.011,1.012,0
2412995,0.052,-0.012,1.013,1.014,0
2413000,0.049,-0.011,1.014,1.015,0
2413006,0.051,-0.012,1.015,1.016,0
2413011,0.047,-0.013,1.013,1.014,0
2413017,0.048,-0.012,1.010,1.011,0
2413022,0.051,-0.011,1.012,1.013,0
2413027,0.050,-0.010,1.014,1.015,0
2413032,0.050,-0.012,1.011,1.012,0
2413037,0.048,-0.009,1.012,1.013,0
2413043,0.049,-0.010,1.009,1.010,0
2413048,0.049,-0.008,1.014,1.015,0
2413053,0.049,-0.010,1.013,1.015,0
2413059,0.050,-0.011,1.012,1.014,0
2413064,0.049,-0.010,1.014,1.015,0
2413069,0.048,-0.010,1.014,1.015,0
2413074,0.048,-0.010,1.010,1.011,0
2413079,0.049,-0.010,1.011,1.012,0
2413085,0.052,-0.010,1.009,1.010,0
2413090,0.050,-0.010,1.014,1.015,0
2413095,0.049,-0.012,1.015,1.016,0
2413101,0.048,-0.011,1.013,1.014,0
2413106,0.049,-0.010,1.019,1.020,0
2413111,0.049,-0.012,1.015,1.017,0
2413116,0.051,-0.012,1.012,1.014,0
2413122,0.050,-0.011,1.015,1.016,0
2413127,0.050,-0.008,1.014,1.015,0
2413132,0.049,-0.011,1.012,1.013,0
2413137,0.050,-0.009,1.014,1.016,0
2413143,0.049,-0.010,1.013,1.014,0
2413148,0.047,-0.009,1.013,1.014,0
2413153,0.048,-0.011,1.011,1.013,0
2413158,0.048,-0.013,1.014,1.015,0
2413164,0.051,-0.011,1.015,1.017,0
2413169,0.050,-0.010,1.012,1.014,0
2413174,0.051,-0.013,1.013,1.014,0
2413179,0.051,-0.012,1.009,1.011,0
2413185,0.050,-0.011,1.010,1.011,0
2413190,0.048,-0.009,1.011,1.013,0
2413195,0.001,0.135,0.837,0.847,0
2413201,0.109,0.081,-0.167,0.215,0
2413206,0.034,-0.067,0.398,0.405,0
2413211,1.979,-0.493,2.058,2.897,0
2413216,0.121,0.753,0.687,1.027,0
2413221,0.635,0.067,-0.653,0.913,0
2413227,0.109,-0.030,-0.215,0.243,0
2413232,0.229,-0.076,-0.442,0.504,0
2413238,0.305,-0.027,-0.537,0.618,0
2413243,0.234,-0.047,-0.394,0.461,0
2413248,0.059,-0.076,-0.108,0.144,0
2413253,0.014,-0.060,-0.012,0.063,0
2413258,0.054,-0.047,-0.090,0.115,0
2413263,0.033,-0.045,-0.075,0.093,0
2413268,0.002,-0.038,-0.020,0.042,0
2413274,-0.028,-0.023,0.020,0.041,0
2413280,-0.033,0.002,0.072,0.079,0
2413285,-0.040,0.008,0.087,0.096,0
2413290,-0.084,0.005,0.137,0.160,0
2413295,-0.113,-0.000,0.187,0.218,0
2413300,-0.135,0.005,0.222,0.260,0
2413305,-0.146,0.010,0.257,0.295,0
2413310,-0.137,0.019,0.224,0.263,0
2413316,-0.116,0.020,0.189,0.222,0
2413322,-0.070,0.025,0.084,0.112,0
2413327,-0.038,0.029,0.014,0.050,0
2413332,0.002,0.020,-0.050,0.054,0
2413337,0.033,0.011,-0.098,0.105,0
2413342,0.051,0.006,-0.121,0.132,0
2413347,0.078,0.003,-0.164,0.182,0
2413352,0.092,0.003,-0.186,0.207,0
2413358,0.201,-0.453,-0.572,0.757,0
2413363,1.575,-1.063,-1.942,2.717,0
2413369,-0.929,0.145,0.649,1.142,0
2413374,-0.273,-0.065,1.782,1.804,0
2413379,-1.759,0.169,2.058,2.712,0
2413384,-0.704,0.206,0.973,1.218,0
2413389,0.381,2.001,2.058,2.896,0
2413394,1.979,0.499,-1.942,2.818,0
2413401,0.291,-0.082,-0.700,0.763,0
2413406,-0.359,0.034,0.472,0.594,0
2413411,-0.112,0.020,0.184,0.216,0
2413416,0.078,0.092,0.017,0.122,0
2413421,-0.009,-0.126,0.713,0.724,0
2413426,0.176,0.018,2.058,2.065,0
2413431,0.492,0.129,1.609,1.688,0
2413436,0.242,-0.003,0.108,0.265,0
2413443,0.271,-0.099,-0.095,0.304,0
2413448,0.432,0.072,1.733,1.787,0
2413453,0.050,-0.072,1.124,1.128,0
2413458,-0.097,0.009,1.215,1.219,0
2413463,0.064,0.043,1.190,1.192,0
2413468,0.145,-0.081,0.666,0.686,0
2413473,0.042,0.005,1.221,1.222,0
2413479,0.133,0.005,0.973,0.982,0
2413485,0.054,-0.039,1.076,1.078,0
2413490,0.121,-0.012,0.926,0.934,0
2413495,0.059,-0.025,0.984,0.986,0
2413500,0.096,-0.004,1.038,1.043,0
2413505,0.070,-0.020,1.053,1.056,0
2413510,0.098,-0.008,1.022,1.027,0
2413516,0.092,-0.020,0.995,0.999,0
2413521,0.085,-0.018,1.002,1.005,0
2413527,0.076,-0.010,1.002,1.005,0
2413532,0.079,-0.015,1.016,1.019,0
2413537,0.089,-0.014,1.030,1.034,0
2413542,0.087,-0.014,1.038,1.042,0
2413547,0.085,-0.014,1.010,1.014,0
2413552,0.083,-0.011,1.005,1.009,0
2413558,0.087,-0.009,1.011,1.015,0
2413563,0.086,-0.009,1.044,1.047,0
2413569,0.087,-0.006,1.079,1.083,0
2413574,0.083,-0.002,1.106,1.109,0
2413579,0.082,0.002,1.106,1.109,0
2413584,0.078,-0.003,1.058,1.061,0
2413589,0.080,-0.014,1.013,1.016,0
2413594,0.090,-0.034,0.961,0.966,0
2413600,0.093,-0.038,0.946,0.952,0
2413605,0.091,-0.032,0.953,0.958,0
2413611,0.092,-0.024,0.977,0.982,0
2413616,0.088,-0.022,0.996,1.000,0
2413621,0.088,-0.023,1.020,1.024,0
2413626,0.079,-0.023,1.023,1.026,0
2413631,0.072,-0.028,1.007,1.010,0
2413636,0.068,-0.030,0.952,0.955,0
2413642,0.080,-0.030,0.882,0.886,0
2413647,0.097,-0.029,0.849,0.855,0
2413652,0.115,-0.028,0.818,0.827,0
2413658,0.106,-0.031,0.837,0.844,0
2413663,0.078,-0.035,0.929,0.933,0
2413668,0.107,-0.041,1.069,1.075,0
2413673,0.105,-0.036,1.120,1.126,0
2413679,0.085,-0.027,1.061,1.064,0
2413684,0.081,-0.001,0.921,0.925,0
2413689,0.071,0.016,0.935,0.938,0
2413694,0.089,0.079,1.327,1.332,0
2413700,0.095,0.015,1.168,1.172,0
2413705,0.079,0.049,0.803,0.808,0
2413710,0.067,-0.001,1.025,1.028,0
2413715,0.100,-0.073,1.071,1.078,0
2413721,0.146,-0.047,1.041,1.053,0
2413726,0.079,0.006,1.113,1.116,0
2413731,0.052,0.023,1.036,1.038,0
2413736,0.074,-0.019,0.878,0.881,0
2413742,0.111,-0.054,0.844,0.853,0
2413747,0.099,-0.040,0.884,0.890,0
2413752,0.070,-0.040,1.005,1.008,0
2413758,0.107,-0.008,1.038,1.044,0
2413763,0.073,0.006,1.099,1.101,0
2413768,0.079,-0.010,1.036,1.039,0
2413773,0.093,-0.018,0.991,0.995,0
2413778,0.097,-0.019,0.976,0.981,0
2413784,0.093,0.022,1.117,1.121,0
2413789,0.106,-0.002,0.995,1.001,0
2413794,0.085,0.017,0.953,0.957,0
2413800,0.081,-0.017,1.055,1.058,0
2413805,0.098,-0.038,1.061,1.066,0
2413810,0.099,-0.026,1.034,1.039,0
2413815,0.082,-0.014,1.019,1.022,0
2413820,0.080,-0.012,0.959,0.962,0
2413826,0.087,-0.027,0.914,0.918,0
2413831,0.093,-0.032,0.915,0.921,0
2413836,0.088,-0.028,0.959,0.963,0
2413842,0.091,-0.021,1.046,1.050,0
2413847,0.098,-0.002,1.116,1.121,0
2413852,0.081,0.009,1.089,1.092,0
2413857,0.087,0.007,0.975,0.979,0
2413862,0.092,-0.008,0.938,0.942,0
2413868,0.095,-0.038,1.007,1.012,0
2413873,0.104,-0.014,1.027,1.033,0
2413878,0.085,-0.000,1.035,1.039,0
2413884,0.080,0.008,1.019,1.023,0
2413889,0.083,-0.015,1.022,1.025,0
2413894,0.103,-0.033,1.002,1.007,0
2413899,0.088,-0.028,0.966,0.970,0
2413904,0.082,-0.022,0.955,0.958,0
2413910,0.086,-0.008,0.987,0.991,0
2413915,0.097,-0.007,1.075,1.079,0
2413921,0.095,-0.007,1.061,1.065,0
2413926,0.084,-0.003,1.006,1.009,0
2413931,0.087,-0.012,0.972,0.976,0
2413936,0.090,-0.023,1.005,1.009,0
2413941,0.096,-0.020,1.022,1.027,0
2413946,0.082,-0.010,1.026,1.029,0
2413952,0.084,-0.007,1.009,1.013,0
2413957,0.087,-0.021,0.995,0.999,0
2413963,0.092,-0.022,0.998,1.003,0
2413968,0.088,-0.015,1.003,1.008,0
2413973,0.088,-0.007,1.021,1.024,0
2413978,0.089,-0.007,1.020,1.023,0
2413983,0.088,-0.013,1.015,1.019,0
2413988,0.091,-0.014,1.003,1.008,0
2413993,0.090,-0.016,1.003,1.007,0
2413999,0.090,-0.013,1.014,1.018,0
2414005,0.089,-0.014,1.020,1.024,0
2414010,0.089,-0.010,1.006,1.010,0
2414015,0.090,-0.016,1.000,1.004,0
2414020,0.093,-0.015,0.998,1.002,0
2414025,0.089,-0.013,1.014,1.018,0
2414030,0.089,-0.009,1.025,1.029,0
2414035,0.088,-0.012,1.021,1.025,0
2414041,0.088,-0.013,1.008,1.012,0
2414047,0.087,-0.015,1.004,1.008,0
2414052,0.090,-0.018,1.001,1.005,0
2414057,0.088,-0.013,1.015,1.019,0
2414062,0.088,-0.011,1.017,1.020,0
2414067,0.089,-0.013,1.012,1.016,0
2414072,0.089,-0.019,1.000,1.004,0
2414077,0.093,-0.015,1.000,1.005,0
2414084,0.089,-0.015,1.010,1.014,0
2414089,0.091,-0.011,1.021,1.025,0
2414094,0.090,-0.012,1.017,1.021,0
2414099,0.092,-0.013,1.011,1.016,0
2414104,0.091,-0.018,1.003,1.008,0
2414109,0.088,-0.017,1.005,1.009,0
2414114,0.087,-0.014,1.010,1.014,0
2414120,0.087,-0.014,1.016,1.020,0
2414126,0.088,-0.012,1.014,1.018,0
2414131,0.087,-0.012,1.006,1.010,0
2414136,0.090,-0.014,1.003,1.007,0
2414141,0.093,-0.013,1.005,1.010,0
2414146,0.090,-0.013,1.016,1.020,0
2414151,0.089,-0.013,1.015,1.019,0
2414156,0.087,-0.014,1.010,1.014,0
2414162,0.087,-0.015,1.004,1.008,0
2414168,0.090,-0.015,1.002,1.006,0
2414173,0.088,-0.016,1.004,1.008,0
2414178,0.091,-0.015,1.012,1.017,0
2414183,0.092,-0.013,1.019,1.023,0
2414188,0.091,-0.014,1.009,1.014,0
2414193,0.090,-0.012,1.004,1.008,0
2414199,0.091,-0.021,1.003,1.008,0
2414204,0.089,-0.015,1.007,1.011,0
2414210,0.089,-0.015,1.011,1.015,0
2414215,0.087,-0.013,1.013,1.017,0
2414220,0.090,-0.014,1.009,1.013,0
2414225,0.091,-0.014,1.005,1.010,0
2414230,0.089,-0.015,1.002,1.006,0
2414235,0.088,-0.015,1.006,1.010,0
2414241,0.090,-0.012,1.014,1.018,0
2414246,0.090,-0.012,1.013,1.017,0
2414252,0.091,-0.012,1.011,1.015,0
2414257,0.090,-0.014,1.008,1.012,0
2414262,0.091,-0.013,1.005,1.009,0
2414267,0.091,-0.014,1.009,1.014,0
2414272,0.089,-0.013,1.016,1.020,0
2414278,0.087,-0.013,1.014,1.018,0
2414283,0.090,-0.013,1.008,1.012,0
2414288,0.089,-0.013,1.005,1.009,0
2414294,0.089,-0.014,1.005,1.009,0
2414299,0.088,-0.014,1.009,1.013,0
2414304,0.090,-0.016,1.013,1.017,0
2414309,0.090,-0.015,1.011,1.015,0
2414314,0.091,-0.015,1.010,1.015,0
2414320,0.091,-0.018,1.006,1.010,0
2414325,0.091,-0.015,1.005,1.009,0
2414330,0.091,-0.011,1.011,1.015,0
2414336,0.088,-0.013,1.012,1.016,0
2414341,0.090,-0.013,1.013,1.017,0
2414346,0.091,-0.014,1.012,1.016,0
2414351,0.089,-0.014,1.009,1.013,0
2414357,0.090,-0.012,1.007,1.011,0
2414362,0.087,-0.010,1.010,1.014,0
2414367,0.088,-0.013,1.010,1.014,0
2414372,0.090,-0.013,1.009,1.013,0
2414377,0.089,-0.012,1.007,1.011,0
2414383,0.088,-0.012,1.007,1.011,0
2414388,0.088,-0.014,1.008,1.012,0
2414394,0.088,-0.012,1.008,1.012,0
2414399,0.086,-0.013,1.009,1.013,0
2414404,0.087,-0.015,1.012,1.016,0
2414409,0.088,-0.015,1.009,1.013,0
2414414,0.090,-0.015,1.009,1.013,0
2414419,0.089,-0.013,1.008,1.012,0
2414425,0.087,-0.014,1.012,1.016,0
2414430,0.090,-0.014,1.011,1.016,0
2414436,0.088,-0.013,1.011,1.015,0
2414441,0.090,-0.014,1.006,1.010,0
2414446,0.090,-0.012,1.007,1.011,0
2414451,0.090,-0.013,1.010,1.014,0
2414456,0.089,-0.013,1.012,1.016,0
2414461,0.087,-0.012,1.011,1.015,0
2414467,0.087,-0.013,1.008,1.012,0
2414473,0.087,-0.013,1.008,1.012,0
2414478,0.089,-0.013,1.009,1.013,0
2414483,0.091,-0.012,1.009,1.013,0
2414488,0.090,-0.012,1.012,1.016,0
2414493,0.091,-0.013,1.014,1.019,0
2414498,0.088,-0.014,1.013,1.017,0
2414503,0.086,-0.015,1.008,1.012,0
2414509,0.088,-0.015,1.009,1.013,0
2414515,0.089,-0.014,1.011,1.015,0
2414520,0.088,-0.011,1.013,1.017,0
2414525,0.091,-0.015,1.009,1.014,0
2414530,0.088,-0.014,1.009,1.013,0
2414535,0.087,-0.013,1.006,1.010,0
2414540,0.089,-0.013,1.010,1.014,0
2414545,0.091,-0.012,1.007,1.011,0
2414552,0.089,-0.013,1.014,1.018,0
2414557,0.089,-0.012,1.014,1.017,0
2414562,0.090,-0.014,1.011,1.015,0
2414567,0.091,-0.011,1.005,1.009,0
2414572,0.092,-0.012,1.005,1.009,0
2414577,0.089,-0.013,1.010,1.014,0
2414582,0.090,-0.010,1.011,1.015,0
2414588,0.090,-0.012,1.009,1.013,0
2414594,0.091,-0.015,1.008,1.013,0
2414599,0.088,-0.017,1.005,1.009,0
2414604,0.088,-0.017,1.009,1.012,0
2414609,0.090,-0.013,1.008,1.012,0
2414614,0.088,-0.013,1.011,1.015,0
2414619,0.091,-0.014,1.010,1.014,0
2414624,0.090,-0.013,1.009,1.013,0
2414630,0.090,-0.013,1.008,1.012,0
2414636,0.088,-0.015,1.012,1.016,0
2414641,0.090,-0.013,1.012,1.016,0
2414646,0.088,-0.011,1.011,1.015,0
2414651,0.089,-0.013,1.011,1.015,0
2414656,0.087,-0.012,1.006,1.010,0
2414661,0.090,-0.014,1.006,1.010,0
2414667,0.091,-0.013,1.010,1.015,0
2414672,0.088,-0.013,1.013,1.017,0
2414678,0.089,-0.011,1.012,1.016,0
2414683,0.089,-0.009,1.012,1.015,0
2414688,0.089,-0.011,1.010,1.014,0
2414693,0.088,-0.011,1.010,1.014,0
2414698,0.090,-0.013,1.011,1.015,0
2414704,0.089,-0.013,1.010,1.014,0
2414709,0.088,-0.014,1.014,1.018,0
2414714,0.089,-0.012,1.012,1.016,0
2414720,0.088,-0.016,1.009,1.013,0
2414725,0.090,-0.012,1.009,1.014,0
2414730,0.089,-0.010,1.011,1.015,0
2414735,0.091,-0.010,1.013,1.017,0
2414740,0.091,-0.013,1.012,1.016,0
2414746,0.091,-0.010,1.010,1.014,0
2414751,0.088,-0.014,1.007,1.011,0
2414756,0.092,-0.017,1.009,1.013,0
2414761,0.094,-0.014,1.009,1.014,0
2414767,0.090,-0.012,1.008,1.012,0
2414772,0.090,-0.014,1.011,1.015,0
2414777,0.090,-0.016,1.009,1.013,0
2414783,0.088,-0.013,1.006,1.010,0
2414788,0.089,-0.014,1.008,1.012,0
2414793,0.091,-0.014,1.007,1.011,0
2414798,0.089,-0.012,1.008,1.012,0
2414803,0.091,-0.012,1.009,1.013,0
2414809,0.090,-0.013,1.007,1.011,0
2414814,0.087,-0.012,1.007,1.011,0
2414820,0.089,-0.012,1.005,1.009,0
2414825,0.090,-0.010,1.010,1.014,0
2414830,0.089,-0.008,1.011,1.015,0
2414835,0.089,-0.009,1.010,1.014,0
2414840,0.090,-0.010,1.008,1.012,0
2414845,0.089,-0.012,1.010,1.014,0
2414851,0.093,-0.010,1.007,1.012,0
2414856,0.091,-0.011,1.009,1.013,0
2414862,0.091,-0.012,1.008,1.012,0
2414867,0.090,-0.013,1.007,1.011,0
2414872,0.091,-0.013,1.008,1.013,0
2414877,0.090,-0.012,1.009,1.013,0
2414882,0.089,-0.012,1.011,1.015,0
2414887,0.087,-0.013,1.010,1.013,0
2414893,0.086,-0.014,1.010,1.014,0
2414898,0.087,-0.011,1.010,1.014,0
2414904,0.091,-0.012,1.007,1.011,0
2414909,0.090,-0.013,1.007,1.011,0
2414914,0.093,-0.013,1.012,1.016,0
2414919,0.091,-0.014,1.011,1.015,0
2414924,0.091,-0.012,1.010,1.014,0
2414929,0.092,-0.013,1.010,1.015,0
2414935,0.089,-0.013,1.014,1.018,0
2414941,0.088,-0.013,1.011,1.015,0
2414946,0.090,-0.014,1.012,1.016,0
2414951,0.089,-0.011,1.013,1.017,0
2414956,0.093,-0.013,1.012,1.017,0
2414961,0.089,-0.012,1.009,1.013,0
2414966,0.091,-0.015,1.008,1.012,0
2414971,0.087,-0.011,1.006,1.010,0
2414978,0.087,-0.013,1.009,1.013,0
2414983,0.091,-0.014,1.008,1.013,0
2414988,0.092,-0.012,1.008,1.012,0
2414993,0.088,-0.014,1.005,1.009,0
2414998,0.087,-0.013,1.008,1.012,0
2415003,0.088,-0.013,1.009,1.013,0
2415008,0.089,-0.015,1.010,1.014,0
2415014,0.090,-0.013,1.008,1.013,0
2415020,0.088,-0.012,1.010,1.014,0
2415025,0.087,-0.011,1.009,1.013,0
2415030,0.090,-0.014,1.005,1.009,0
2415035,0.090,-0.012,1.009,1.013,0
2415040,0.089,-0.011,1.011,1.015,0
2415045,0.089,-0.011,1.008,1.012,0
2415050,0.092,-0.013,1.010,1.014,0
2415056,0.088,-0.014,1.010,1.014,0
2415062,0.087,-0.014,1.009,1.013,0
2415067,0.092,-0.014,1.005,1.010,0
2415072,0.090,-0.016,1.011,1.015,0
2415077,0.087,-0.014,1.012,1.016,0
2415082,0.087,-0.016,1.010,1.014,0
2415087,0.088,-0.013,1.009,1.013,0
2415093,0.089,-0.012,1.006,1.010,0
2415098,0.092,-0.016,1.007,1.011,0
2415104,0.091,-0.016,1.012,1.016,0
2415109,0.089,-0.014,1.013,1.017,0
2415114,0.088,-0.013,1.011,1.015,0
2415119,0.089,-0.013,1.009,1.013,0
2415124,0.089,-0.015,1.009,1.013,0
2415129,0.088,-0.012,1.007,1.011,0
2415135,0.089,-0.012,1.006,1.010,0
2415140,0.091,-0.014,1.009,1.013,0
2415145,0.090,-0.011,1.007,1.011,0
2415151,0.091,-0.016,1.008,1.013,0
2415156,0.089,-0.017,1.010,1.014,0
2415161,0.089,-0.015,1.010,1.014,0
2415166,0.089,-0.013,1.011,1.015,0
2415172,0.092,-0.013,1.008,1.012,0
2415177,0.089,-0.012,1.007,1.011,0
2415182,0.090,-0.013,1.007,1.011,0
2415187,0.091,-0.012,1.006,1.010,0
2415193,0.092,-0.011,1.009,1.014,0
2415198,0.089,-0.012,1.005,1.009,0
2415203,0.090,-0.012,1.009,1.013,0
2415208,0.085,-0.012,1.009,1.013,0
2415214,0.088,-0.014,1.008,1.012,0
2415219,0.089,-0.016,1.010,1.014,0
2415224,0.090,-0.015,1.011,1.015,0
2415229,0.093,-0.013,1.009,1.014,0
2415235,0.089,-0.013,1.013,1.017,0
2415240,0.090,-0.012,1.012,1.016,0
2415245,0.086,-0.015,1.011,1.014,0
2415251,0.088,-0.014,1.012,1.016,0
2415256,0.091,-0.011,1.013,1.017,0
2415261,0.089,-0.013,1.012,1.016,0
2415266,0.088,-0.016,1.009,1.013,0
2415271,0.088,-0.013,1.009,1.013,0
2415277,0.090,-0.014,1.009,1.013,0
2415282,0.091,-0.013,1.012,1.016,0
2415288,0.091,-0.010,1.010,1.014,0
2415293,0.091,-0.012,1.013,1.017,0
2415298,0.090,-0.013,1.010,1.014,0
2415303,0.088,-0.014,1.007,1.011,0
2415308,0.089,-0.012,1.009,1.013,0
2415313,0.088,-0.013,1.007,1.010,0
2415319,0.092,-0.014,1.007,1.012,0
2415325,0.089,-0.015,1.009,1.013,0
2415330,0.089,-0.012,1.013,1.017,0
2415335,0.088,-0.012,1.013,1.017,0
2415340,0.089,-0.013,1.008,1.012,0
2415345,0.087,-0.015,1.007,1.011,0
2415350,0.092,-0.015,1.010,1.015,0
2415355,0.092,-0.015,1.007,1.011,0
2415361,0.091,-0.015,1.008,1.012,0
2415367,0.087,-0.014,1.010,1.014,0
2415372,0.086,-0.013,1.010,1.014,0
2415377,0.087,-0.013,1.010,1.014,0
2415382,0.086,-0.014,1.007,1.011,0
2415387,0.089,-0.012,1.011,1.015,0
2415392,0.088,-0.011,1.009,1.013,0
2415397,0.090,-0.013,1.008,1.012,0
2415404,0.088,-0.015,1.007,1.011,0
2415409,0.088,-0.012,1.011,1.015,0
2415414,0.088,-0.012,1.008,1.012,0
2415419,0.090,-0.013,1.008,1.012,0
2415424,0.090,-0.015,1.010,1.014,0
2415429,0.092,-0.015,1.012,1.016,0
2415434,0.089,-0.016,1.011,1.015,0
2415440,0.089,-0.013,1.008,1.012,0
2415446,0.088,-0.013,1.009,1.013,0
2415451,0.087,-0.014,1.011,1.015,0
2415456,0.089,-0.013,1.010,1.014,0
2415461,0.090,-0.014,1.009,1.013,0
2415466,0.091,-0.014,1.007,1.011,0
2415471,0.092,-0.012,1.006,1.011,0
2415477,0.092,-0.009,1.008,1.012,0
2415482,0.089,-0.011,1.008,1.012,0
2415488,0.089,-0.011,1.012,1.016,0
2415493,0.090,-0.013,1.011,1.015,0
2415498,0.090,-0.012,1.009,1.013,0
2415503,0.090,-0.010,1.006,1.010,0
2415508,0.091,-0.012,1.008,1.012,0
2415513,0.086,-0.013,1.009,1.012,0
2415519,0.090,-0.014,1.010,1.014,0
2415524,0.091,-0.015,1.012,1.017,0
2415529,0.093,-0.016,1.008,1.013,0
2415535,0.091,-0.016,1.006,1.010,0
2415540,0.091,-0.015,1.010,1.015,0
2415545,0.088,-0.013,1.009,1.013,0
2415550,0.091,-0.012,1.011,1.015,0
2415556,0.088,-0.015,1.010,1.014,0
2415561,0.088,-0.015,1.009,1.013,0
2415566,0.090,-0.013,1.009,1.013,0
2415571,0.090,-0.010,1.006,1.010,0
2415577,0.091,-0.011,1.007,1.011,0
2415582,0.088,-0.013,1.006,1.010,0
2415587,0.092,-0.012,1.011,1.015,0
2415593,0.091,-0.013,1.010,1.014,0
2415598,0.093,-0.013,1.010,1.014,0
2415603,0.089,-0.012,1.010,1.014,0
2415608,0.089,-0.014,1.010,1.014,0
2415613,0.092,-0.012,1.004,1.008,0
2415619,0.091,-0.013,1.011,1.015,0
2415624,0.087,-0.017,1.010,1.014,0
2415629,0.089,-0.014,1.008,1.012,0
2415635,0.088,-0.011,1.010,1.014,0
2415640,0.090,-0.012,1.013,1.017,0
2415645,0.091,-0.013,1.009,1.013,0
2415650,0.090,-0.012,1.005,1.009,0
2415655,0.091,-0.014,1.009,1.013,0
2415661,0.088,-0.014,1.008,1.012,0
2415666,0.086,-0.015,1.009,1.013,0
2415672,0.088,-0.013,1.009,1.013,0
2415677,0.087,-0.013,1.009,1.013,0
2415682,0.093,-0.013,1.009,1.013,0
2415687,0.088,-0.011,1.007,1.011,0
2415692,0.086,-0.013,1.008,1.012,0
2415697,0.087,-0.014,1.009,1.013,0
2415703,0.091,-0.015,1.010,1.014,0
2415708,0.089,-0.016,1.009,1.013,0
2415714,0.091,-0.014,1.009,1.013,0
2415719,0.088,-0.013,1.009,1.013,0
2415724,0.090,-0.015,1.008,1.012,0
2415729,0.088,-0.014,1.009,1.013,0
2415734,0.090,-0.013,1.009,1.013,0
2415739,0.090,-0.016,1.010,1.014,0
2415745,0.089,-0.011,1.012,1.016,0
2415751,0.090,-0.013,1.008,1.012,0
2415756,0.088,-0.013,1.010,1.014,0
2415761,0.087,-0.012,1.009,1.012,0
2415766,0.088,-0.012,1.007,1.011,0
2415771,0.089,-0.014,1.008,1.012,0
2415776,0.087,-0.012,1.009,1.013,0
2415781,0.089,-0.011,1.010,1.014,0
2415787,0.090,-0.014,1.008,1.012,0
2415793,0.092,-0.015,1.007,1.011,0
2415798,0.089,-0.012,1.006,1.010,0
2415803,0.089,-0.013,1.006,1.010,0
2415808,0.088,-0.013,1.008,1.012,0
2415813,0.090,-0.014,1.008,1.012,0
2415818,0.088,-0.011,1.011,1.015,0
2415823,0.090,-0.012,1.010,1.014,0
2415830,0.089,-0.012,1.009,1.013,0
2415835,0.091,-0.015,1.008,1.012,0
2415840,0.088,-0.012,1.009,1.013,0
2415845,0.089,-0.013,1.009,1.013,0
2415850,0.088,-0.010,1.012,1.016,0
2415855,0.090,-0.012,1.009,1.013,0
2415860,0.088,-0.013,1.008,1.012,0
2415865,0.088,-0.012,1.010,1.014,0
2415872,0.087,-0.016,1.012,1.016,0
2415877,0.088,-0.013,1.010,1.014,0
2415882,0.088,-0.014,1.009,1.013,0
2415887,0.089,-0.013,1.011,1.015,0
2415892,0.090,-0.011,1.012,1.016,0
2415897,0.087,-0.012,1.009,1.013,0
2415902,0.090,-0.011,1.011,1.015,0
2415908,0.091,-0.010,1.013,1.017,0
2415913,0.089,-0.013,1.007,1.011,0
2415919,0.089,-0.014,1.008,1.012,0
2415924,0.087,-0.013,1.008,1.011,0
2415929,0.088,-0.012,1.011,1.015,0
2415934,0.089,-0.013,1.010,1.014,0
2415939,0.089,-0.016,1.011,1.015,0
2415945,0.090,-0.015,1.011,1.015,0
2415950,0.089,-0.012,1.010,1.014,0
2415955,0.088,-0.013,1.011,1.015,0
2415961,0.090,-0.014,1.006,1.011,0
2415966,0.090,-0.013,1.010,1.014,0
2415971,0.089,-0.012,1.011,1.015,0
2415976,0.088,-0.012,1.010,1.014,0
2415982,0.090,-0.012,1.008,1.012,0
2415987,0.090,-0.013,1.011,1.015,0
2415992,0.090,-0.013,1.010,1.014,0
2415997,0.090,-0.012,1.010,1.014,0
2416003,0.088,-0.015,1.010,1.014,0
2416008,0.086,-0.011,1.011,1.015,0
2416013,0.088,-0.011,1.009,1.012,0
2416018,0.087,-0.013,1.007,1.011,0
2416024,0.090,-0.013,1.010,1.014,0
2416029,0.089,-0.012,1.011,1.015,0
2416034,0.088,-0.014,1.010,1.014,0
2416039,0.090,-0.013,1.008,1.012,0
2416045,0.087,-0.015,1.008,1.012,0
2416050,0.089,-0.013,1.009,1.013,0
2416055,0.090,-0.015,1.012,1.016,0
2416061,0.090,-0.015,1.009,1.013,0
2416066,0.090,-0.013,1.007,1.011,0
2416071,0.089,-0.015,1.009,1.013,0
2416076,0.090,-0.013,1.010,1.014,0
2416081,0.091,-0.014,1.009,1.014,0
2416087,0.092,-0.014,1.010,1.014,0
2416092,0.090,-0.013,1.008,1.012,0
2416097,0.092,-0.012,1.008,1.012,0
2416103,0.089,-0.012,1.008,1.012,0
2416108,0.088,-0.014,1.012,1.016,0
2416113,0.087,-0.013,1.009,1.013,0
2416118,0.089,-0.016,1.008,1.012,0
2416123,0.091,-0.014,1.008,1.012,0
2416129,0.089,-0.013,1.008,1.012,0
2416134,0.091,-0.012,1.011,1.015,0
2416140,0.090,-0.014,1.011,1.015,0
2416145,0.091,-0.013,1.011,1.015,0
2416150,0.090,-0.015,1.015,1.019,0
2416155,0.089,-0.012,1.010,1.014,0
2416160,0.092,-0.012,1.009,1.013,0
2416165,0.090,-0.012,1.009,1.013,0
2416171,0.089,-0.011,1.010,1.014,0
2416176,0.090,-0.010,1.009,1.013,0
2416182,0.092,-0.012,1.009,1.013,0
2416187,0.090,-0.013,1.009,1.013,0
2416192,0.090,-0.015,1.014,1.018,0
2416197,0.087,-0.011,1.010,1.014,0
2416202,0.088,-0.012,1.010,1.014,0
2416207,0.087,-0.013,1.010,1.014,0
2416212,0.089,-0.012,1.007,1.011,0
2416219,0.089,-0.012,1.006,1.010,0
2416224,0.089,-0.015,1.008,1.012,0
2416229,0.087,-0.015,1.012,1.015,0
2416234,0.090,-0.015,1.008,1.012,0
2416239,0.092,-0.014,1.009,1.013,0
2416244,0.090,-0.010,1.009,1.013,0
2416249,0.091,-0.013,1.009,1.013,0
2416254,0.090,-0.016,1.011,1.015,0
2416261,0.089,-0.015,1.010,1.014,0
2416266,0.089,-0.013,1.009,1.013,0
2416271,0.088,-0.013,1.010,1.014,0
2416276,0.090,-0.013,1.014,1.018,0
2416281,0.091,-0.013,1.013,1.017,0
2416286,0.093,-0.013,1.011,1.016,0
2416291,0.092,-0.017,1.013,1.017,0
2416297,0.091,-0.013,1.006,1.010,0
2416303,0.091,-0.013,1.007,1.011,0
2416308,0.087,-0.014,1.010,1.014,0
2416313,0.089,-0.014,1.012,1.016,0
2416318,0.089,-0.014,1.010,1.014,0
2416323,0.090,-0.015,1.008,1.012,0
2416328,0.090,-0.014,1.009,1.013,0
2416334,0.091,-0.013,1.010,1.014,0
2416339,0.090,-0.012,1.011,1.015,0
2416345,0.091,-0.014,1.011,1.015,0
2416350,0.090,-0.014,1.012,1.016,0
2416355,0.089,-0.013,1.008,1.012,0
2416360,0.088,-0.016,1.010,1.014,0
2416365,0.090,-0.013,1.010,1.014,0
2416370,0.090,-0.013,1.007,1.011,0
2416376,0.090,-0.013,1.007,1.011,0
2416381,0.091,-0.015,1.014,1.019,0
2416387,0.092,-0.011,1.011,1.015,0
2416392,0.091,-0.011,1.009,1.014,0
2416397,0.090,-0.011,1.010,1.014,0
2416402,0.089,-0.012,1.010,1.014,0
2416407,0.090,-0.013,1.011,1.015,0
2416413,0.094,-0.013,1.012,1.016,0
2416418,0.090,-0.016,1.008,1.012,0
2416423,0.087,-0.014,1.007,1.011,0
2416429,0.089,-0.014,1.009,1.013,0
2416434,0.091,-0.012,1.012,1.016,0
2416439,0.090,-0.013,1.008,1.013,0
2416444,0.089,-0.014,1.012,1.016,0
2416450,0.090,-0.015,1.011,1.015,0
2416455,0.085,-0.014,1.008,1.011,0
2416460,0.088,-0.014,1.010,1.014,0
2416465,0.088,-0.013,1.009,1.013,0
2416471,0.093,-0.013,1.009,1.013,0
2416476,0.092,-0.014,1.007,1.012,0
2416481,0.088,-0.013,1.007,1.011,0
2416486,0.088,-0.012,1.008,1.012,0
2416492,0.090,-0.012,1.008,1.012,0
2416497,0.091,-0.011,1.008,1.012,0
2416502,0.087,-0.014,1.009,1.013,0
2416507,0.087,-0.014,1.014,1.018,0
2416513,0.089,-0.013,1.008,1.012,0
2416518,0.089,-0.012,1.010,1.014,0
2416523,0.089,-0.013,1.010,1.014,0
2416529,0.090,-0.013,1.009,1.013,0
2416534,0.091,-0.012,1.009,1.013,0
2416539,0.090,-0.016,1.010,1.014,0
2416544,0.090,-0.016,1.011,1.015,0
2416549,0.086,-0.015,1.013,1.017,0
2416555,0.091,-0.013,1.009,1.013,0
2416560,0.088,-0.013,1.009,1.013,0
2416566,0.092,-0.015,1.009,1.014,0
2416571,0.092,-0.012,1.010,1.014,0
2416576,0.089,-0.014,1.012,1.016,0
2416581,0.091,-0.015,1.013,1.017,0
2416586,0.093,-0.016,1.012,1.016,0
2416591,0.088,-0.016,1.008,1.012,0
2416596,0.087,-0.014,1.010,1.014,0
2416603,0.091,-0.012,1.006,1.010,0
2416608,0.090,-0.013,1.007,1.011,0
2416613,0.088,-0.016,1.010,1.014,0
2416618,0.090,-0.015,1.009,1.013,0
2416623,0.089,-0.017,1.009,1.013,0
2416628,0.087,-0.014,1.007,1.011,0
2416633,0.088,-0.016,1.008,1.012,0
2416638,0.087,-0.015,1.009,1.012,0
2416645,0.088,-0.014,1.009,1.013,0
2416650,0.093,-0.012,1.011,1.016,0
2416655,0.088,-0.013,1.009,1.013,0
2416660,0.088,-0.012,1.012,1.015,0
2416665,0.088,-0.013,1.012,1.016,0
2416670,0.090,-0.012,1.009,1.013,0
2416675,0.090,-0.012,1.009,1.013,0
2416681,0.088,-0.013,1.006,1.010,0
2416687,0.088,-0.015,1.007,1.011,0
2416692,0.088,-0.015,1.008,1.012,0
2416697,0.090,-0.012,1.011,1.015,0
2416702,0.091,-0.012,1.008,1.012,0
2416707,0.093,-0.013,1.008,1.012,0
2416712,0.089,-0.013,1.005,1.009,0
2416717,0.093,-0.010,1.011,1.015,0
2416723,0.091,-0.012,1.007,1.011,0
2416729,0.088,-0.014,1.009,1.013,0
2416734,0.090,-0.012,1.008,1.012,0
2416739,0.091,-0.011,1.006,1.010,0
2416744,0.088,-0.012,1.006,1.010,0
2416749,0.088,-0.015,1.012,1.016,0
2416754,0.086,-0.013,1.012,1.016,0
2416760,0.088,-0.011,1.011,1.015,0
2416765,0.087,-0.013,1.009,1.012,0
2416771,0.091,-0.013,1.010,1.014,0
2416776,0.091,-0.014,1.009,1.013,0
2416781,0.090,-0.015,1.010,1.014,0
2416786,0.093,-0.013,1.010,1.015,0
2416791,0.090,-0.013,1.010,1.015,0
2416796,0.091,-0.013,1.008,1.013,0
2416802,0.091,-0.013,1.011,1.015,0
2416807,0.090,-0.012,1.008,1.012,0
2416813,0.089,-0.012,1.006,1.010,0
2416818,0.088,-0.015,1.010,1.014,0
2416823,0.087,-0.013,1.007,1.011,0
2416828,0.089,-0.010,1.008,1.012,0
2416833,0.092,-0.011,1.008,1.012,0
2416839,0.090,-0.014,1.008,1.012,0
2416844,0.088,-0.011,1.006,1.010,0
2416849,0.087,-0.012,1.009,1.013,0
2416855,0.090,-0.013,1.008,1.012,0
2416860,0.089,-0.014,1.012,1.016,0
2416865,0.092,-0.011,1.010,1.014,0
2416870,0.089,-0.011,1.011,1.015,0
2416875,0.090,-0.012,1.012,1.016,0
2416881,0.093,-0.012,1.012,1.016,0
2416886,0.091,-0.013,1.011,1.015,0
2416891,0.090,-0.013,1.011,1.015,0
2416897,0.090,-0.012,1.011,1.015,0
2416902,0.089,-0.013,1.012,1.016,0
2416907,0.091,-0.013,1.010,1.014,0
2416912,0.090,-0.015,1.012,1.016,0
2416918,0.091,-0.013,1.006,1.010,0
2416923,0.088,-0.014,1.012,1.016,0
2416928,0.089,-0.014,1.008,1.012,0
2416933,0.088,-0.016,1.008,1.012,0
2416939,0.091,-0.015,1.009,1.013,0
2416944,0.091,-0.011,1.009,1.014,0
2416949,0.086,-0.010,1.007,1.011,0
2416955,0.087,-0.012,1.010,1.014,0
2416960,0.090,-0.013,1.009,1.014,0
2416965,0.089,-0.010,1.011,1.015,0
2416970,0.088,-0.013,1.014,1.017,0
2416975,0.089,-0.012,1.007,1.011,0
2416980,0.091,-0.013,1.007,1.012,0
2416986,0.090,-0.012,1.010,1.014,0
2416991,0.092,-0.013,1.009,1.014,0
2416997,0.090,-0.012,1.006,1.011,0
2417002,0.090,-0.009,1.007,1.011,0
2417007,0.086,-0.012,1.009,1.012,0
2417012,0.088,-0.015,1.007,1.011,0
2417017,0.089,-0.011,1.008,1.012,0
2417022,0.089,-0.012,1.010,1.014,0
2417028,0.087,-0.013,1.013,1.017,0
2417034,0.090,-0.012,1.010,1.014,0
2417039,0.092,-0.012,1.011,1.015,0
2417044,0.091,-0.012,1.009,1.014,0
2417049,0.091,-0.012,1.010,1.014,0
2417054,0.091,-0.013,1.010,1.014,0
2417059,0.090,-0.013,1.009,1.014,0
2417064,0.093,-0.015,1.008,1.012,0
2417070,0.090,-0.015,1.011,1.015,0
2417076,0.089,-0.013,1.011,1.015,0
2417081,0.088,-0.013,1.009,1.013,0
2417086,0.090,-0.012,1.009,1.013,0
2417091,0.089,-0.014,1.011,1.015,0
2417096,0.091,-0.013,1.009,1.013,0
2417101,0.088,-0.011,1.009,1.013,0
2417106,0.088,-0.014,1.012,1.016,0
2417113,0.090,-0.014,1.014,1.018,0
2417118,0.087,-0.015,1.010,1.014,0
2417123,0.089,-0.011,1.010,1.014,0
2417128,0.091,-0.011,1.009,1.014,0
2417133,0.092,-0.010,1.008,1.013,0
2417138,0.090,-0.013,1.011,1.015,0
2417143,0.088,-0.014,1.008,1.012,0
2417149,0.088,-0.013,1.009,1.012,0
2417155,0.089,-0.015,1.009,1.014,0
2417160,0.089,-0.015,1.007,1.011,0
2417165,0.092,-0.013,1.011,1.016,0
2417170,0.091,-0.015,1.014,1.018,0
2417175,0.090,-0.015,1.011,1.015,0
2417180,0.090,-0.015,1.010,1.014,0
2417185,0.090,-0.015,1.010,1.014,0
2417191,0.092,-0.011,1.010,1.015,0
2417197,0.093,-0.009,1.010,1.015,0
2417202,0.089,-0.011,1.010,1.014,0
2417207,0.089,-0.014,1.011,1.015,0
2417212,0.089,-0.016,1.008,1.012,0
2417217,0.087,-0.014,1.007,1.011,0
2417222,0.088,-0.011,1.006,1.010,0
2417228,0.086,-0.011,1.014,1.018,0
2417233,0.088,-0.013,1.009,1.013,0
2417239,0.087,-0.011,1.005,1.009,0
2417244,0.088,-0.013,1.010,1.014,0
2417249,0.090,-0.012,1.004,1.008,0
2417254,0.090,-0.013,1.007,1.011,0
2417259,0.088,-0.012,1.010,1.014,0
2417264,0.090,-0.015,1.008,1.012,0
2417270,0.089,-0.014,1.009,1.013,0
2417275,0.088,-0.013,1.009,1.013,0
2417281,0.089,-0.015,1.012,1.016,0
2417286,0.089,-0.014,1.009,1.013,0
2417291,0.089,-0.013,1.007,1.011,0
2417296,0.089,-0.014,1.007,1.011,0
2417301,0.094,-0.012,1.006,1.010,0
2417307,0.094,-0.012,1.007,1.012,0
2417312,0.089,-0.014,1.008,1.012,0
2417317,0.087,-0.012,1.009,1.013,0
2417323,0.090,-0.014,1.008,1.012,0
2417328,0.092,-0.013,1.009,1.013,0
2417333,0.091,-0.012,1.009,1.013,0
2417338,0.092,-0.011,1.013,1.017,0
2417344,0.088,-0.012,1.006,1.010,0
2417349,0.090,-0.012,1.011,1.015,0
2417354,0.092,-0.010,1.011,1.015,0
2417359,0.090,-0.014,1.013,1.017,0
2417364,0.091,-0.014,1.012,1.016,0
2417370,0.090,-0.010,1.010,1.014,0
2417375,0.090,-0.013,1.007,1.012,0
2417380,0.089,-0.015,1.005,1.009,0
2417386,0.089,-0.013,1.010,1.014,0
2417391,0.089,-0.013,1.011,1.015,0
2417396,0.089,-0.012,1.012,1.016,0
2417401,0.090,-0.012,1.010,1.014,0
2417406,0.092,-0.015,1.010,1.015,0
2417412,0.091,-0.015,1.013,1.017,0
2417417,0.090,-0.013,1.012,1.016,0
2417423,0.093,-0.014,1.010,1.015,0
2417428,0.090,-0.012,1.008,1.012,0
2417433,0.091,-0.015,1.007,1.011,0
2417438,0.091,-0.013,1.009,1.013,0
2417443,0.090,-0.012,1.010,1.014,0
2417448,0.091,-0.011,1.012,1.016,0
2417454,0.092,-0.015,1.010,1.014,0
2417459,0.092,-0.014,1.009,1.014,0
2417465,0.092,-0.015,1.011,1.015,0
2417470,0.088,-0.012,1.014,1.018,0
2417475,0.091,-0.014,1.013,1.017,0
2417480,0.090,-0.013,1.010,1.014,0
2417485,0.091,-0.015,1.008,1.012,0
2417490,0.090,-0.013,1.008,1.012,0
2417496,0.089,-0.012,1.008,1.012,0
2417502,0.088,-0.010,1.007,1.011,0
2417507,0.088,-0.008,1.011,1.015,0
2417512,0.089,-0.013,1.012,1.016,0
2417517,0.090,-0.010,1.010,1.015,0
2417522,0.089,-0.011,1.009,1.013,0
2417527,0.090,-0.012,1.009,1.013,0
2417532,0.089,-0.014,1.009,1.013,0
2417539,0.091,-0.013,1.012,1.016,0
2417544,0.089,-0.013,1.011,1.015,0
2417549,0.088,-0.012,1.010,1.014,0
2417554,0.089,-0.012,1.011,1.015,0
2417559,0.090,-0.012,1.011,1.015,0
2417564,0.091,-0.013,1.012,1.017,0
2417569,0.090,-0.013,1.009,1.013,0
2417574,0.090,-0.011,1.008,1.012,0
2417581,0.089,-0.012,1.009,1.013,0
2417586,0.089,-0.012,1.007,1.011,0
2417591,0.088,-0.013,1.009,1.012,0
2417596,0.088,-0.012,1.009,1.013,0
2417601,0.091,-0.014,1.006,1.010,0
2417606,0.090,-0.014,1.008,1.012,0
2417611,0.091,-0.014,1.009,1.013,0
2417617,0.088,-0.013,1.012,1.016,0
2417623,0.090,-0.012,1.012,1.016,0
2417628,0.092,-0.015,1.009,1.014,0
2417633,0.092,-0.011,1.009,1.013,0
2417638,0.089,-0.010,1.008,1.012,0
2417643,0.090,-0.013,1.010,1.014,0
2417648,0.090,-0.011,1.009,1.014,0
2417654,0.089,-0.012,1.010,1.014,0
2417659,0.089,-0.015,1.013,1.017,0
2417665,0.090,-0.013,1.011,1.015,0
2417670,0.090,-0.012,1.011,1.015,0
2417675,0.088,-0.014,1.008,1.012,0
2417680,0.090,-0.013,1.006,1.010,0
2417685,0.090,-0.014,1.004,1.008,0
2417690,0.089,-0.013,1.004,1.008,0
2417696,0.090,-0.013,1.008,1.012,0
2417701,0.089,-0.016,1.008,1.012,0
2417707,0.088,-0.013,1.009,1.013,0
2417712,0.088,-0.013,1.008,1.012,0
2417717,0.091,-0.012,1.012,1.016,0
2417722,0.089,-0.014,1.014,1.018,0
2417727,0.090,-0.014,1.012,1.016,0
2417732,0.091,-0.012,1.009,1.014,0
2417738,0.088,-0.014,1.007,1.011,0
2417743,0.090,-0.014,1.007,1.011,0
2417748,0.088,-0.015,1.008,1.012,0
2417754,0.090,-0.014,1.007,1.011,0
2417759,0.090,-0.013,1.012,1.016,0
2417764,0.089,-0.014,1.011,1.015,0
2417769,0.088,-0.014,1.008,1.012,0
2417775,0.088,-0.014,1.010,1.014,0
2417780,0.090,-0.013,1.009,1.014,0
2417785,0.091,-0.013,1.007,1.011,0
2417790,0.088,-0.012,1.008,1.012,0
2417796,0.090,-0.014,1.009,1.013,0
2417801,0.091,-0.014,1.008,1.013,0
2417806,0.092,-0.012,1.009,1.014,0
2417812,0.090,-0.013,1.009,1.013,0
2417817,0.089,-0.012,1.008,1.012,0
2417822,0.089,-0.011,1.011,1.015,0
2417827,0.090,-0.012,1.009,1.014,0
2417832,0.089,-0.013,1.008,1.012,0
2417838,0.086,-0.015,1.008,1.012,0
2417843,0.087,-0.012,1.007,1.011,0
2417848,0.089,-0.013,1.009,1.013,0
2417854,0.088,-0.013,1.005,1.009,0
2417859,0.088,-0.013,1.006,1.010,0
2417864,0.090,-0.015,1.008,1.012,0
2417869,0.088,-0.012,1.009,1.013,0
2417874,0.090,-0.010,1.010,1.014,0
2417880,0.090,-0.013,1.010,1.014,0
2417885,0.091,-0.015,1.008,1.012,0
2417891,0.089,-0.012,1.010,1.014,0
2417896,0.089,-0.012,1.012,1.016,0
2417901,0.088,-0.014,1.009,1.013,0
2417906,0.088,-0.012,1.010,1.014,0
2417911,0.090,-0.011,1.010,1.014,0
2417916,0.089,-0.012,1.008,1.012,0
2417922,0.089,-0.011,1.011,1.015,0
2417927,0.094,-0.010,1.006,1.011,0
2417933,0.090,-0.012,1.009,1.013,0
2417938,0.086,-0.012,1.010,1.014,0
2417943,0.089,-0.011,1.011,1.015,0
2417948,0.086,-0.013,1.010,1.014,0
2417953,0.090,-0.014,1.008,1.012,0
2417958,0.091,-0.013,1.009,1.014,0
2417964,0.091,-0.014,1.015,1.019,0
2417970,0.090,-0.012,1.009,1.013,0
2417975,0.090,-0.014,1.010,1.014,0
2417980,0.091,-0.012,1.008,1.012,0
2417985,0.091,-0.011,1.010,1.014,0
2417990,0.088,-0.013,1.008,1.012,0
2417995,0.090,-0.013,1.005,1.009,0
2418000,0.089,-0.013,1.008,1.012,0
2418006,0.089,-0.014,1.010,1.015,0
2418012,0.090,-0.013,1.010,1.014,0
2418017,0.089,-0.012,1.009,1.013,0
2418022,0.089,-0.012,1.010,1.014,0
2418027,0.088,-0.013,1.009,1.012,0
2418032,0.089,-0.013,1.008,1.012,0
2418037,0.088,-0.012,1.006,1.010,0
2418042,0.089,-0.012,1.008,1.012,0
2418049,0.091,-0.012,1.007,1.011,0
2418054,0.089,-0.014,1.008,1.012,0
2418059,0.088,-0.012,1.007,1.011,0
2418064,0.087,-0.013,1.009,1.013,0
2418069,0.089,-0.012,1.010,1.014,0
2418074,0.090,-0.014,1.005,1.009,0
2418079,0.087,-0.014,1.008,1.012,0
2418084,0.091,-0.013,1.008,1.012,0
2418091,0.089,-0.014,1.008,1.012,0
2418096,0.089,-0.013,1.008,1.012,0
2418101,0.087,-0.014,1.009,1.013,0
2418106,0.086,-0.013,1.009,1.012,0
2418111,0.089,-0.012,1.007,1.011,0
2418116,0.090,-0.013,1.009,1.013,0
2418121,0.089,-0.012,1.010,1.014,0
2418127,0.090,-0.012,1.010,1.014,0
2418132,0.091,-0.013,1.012,1.016,0
2418138,0.089,-0.014,1.010,1.014,0
2418143,0.089,-0.014,1.009,1.013,0
2418148,0.090,-0.012,1.009,1.013,0
2418153,0.089,-0.015,1.006,1.010,0
2418158,0.089,-0.014,1.010,1.014,0
2418163,0.090,-0.012,1.006,1.010,0
2418169,0.089,-0.011,1.010,1.014,0
2418174,0.088,-0.012,1.010,1.014,0
2418180,0.092,-0.013,1.009,1.013,0
2418185,0.092,-0.013,1.009,1.014,0
2418190,0.089,-0.013,1.008,1.012,0
2418195,0.089,-0.012,1.013,1.017,0
2418200,0.089,-0.010,1.014,1.018,0
2418206,0.088,-0.011,1.011,1.015,0
2418211,0.091,-0.013,1.013,1.017,0
2418216,0.088,-0.012,1.010,1.014,0
2418222,0.088,-0.017,1.011,1.015,0
2418227,0.090,-0.014,1.008,1.012,0
2418232,0.089,-0.013,1.010,1.014,0
2418237,0.088,-0.011,1.013,1.017,0
2418243,0.088,-0.013,1.007,1.011,0
2418248,0.088,-0.012,1.008,1.012,0
2418253,0.088,-0.012,1.007,1.011,0
2418258,0.088,-0.012,1.009,1.013,0
2418264,0.091,-0.013,1.008,1.012,0
2418269,0.091,-0.013,1.004,1.009,0
2418274,0.087,-0.012,1.010,1.014,0
2418279,0.089,-0.014,1.013,1.017,0
2418285,0.090,-0.011,1.014,1.018,0
2418290,0.088,-0.009,1.008,1.012,0
2418295,0.088,-0.011,1.010,1.013,0
2418300,0.090,-0.014,1.011,1.015,0
2418306,0.092,-0.014,1.012,1.017,0
2418311,0.092,-0.012,1.011,1.015,0
2418316,0.088,-0.012,1.009,1.013,0
2418322,0.088,-0.013,1.008,1.011,0
2418327,0.092,-0.012,1.011,1.015,0
2418332,0.090,-0.012,1.007,1.011,0
2418337,0.091,-0.014,1.010,1.015,0
2418342,0.089,-0.013,1.010,1.014,0
2418348,0.089,-0.013,1.010,1.014,0
2418353,0.090,-0.014,1.009,1.013,0
2418358,0.088,-0.013,1.010,1.014,0
2418364,0.090,-0.012,1.011,1.015,0
2418369,0.090,-0.014,1.007,1.011,0
2418374,0.088,-0.014,1.006,1.010,0
2418379,0.088,-0.013,1.006,1.010,0
2418384,0.089,-0.013,1.008,1.012,0
2418390,0.090,-0.011,1.007,1.011,0
2418395,0.091,-0.011,1.008,1.012,0
2418401,0.092,-0.011,1.008,1.012,0
2418406,0.091,-0.011,1.009,1.013,0
2418411,0.088,-0.015,1.007,1.011,0
2418416,0.092,-0.011,1.007,1.011,0
2418421,0.090,-0.012,1.007,1.011,0
2418426,0.092,-0.012,1.009,1.013,0
2418432,0.091,-0.014,1.012,1.016,0
2418438,0.087,-0.013,1.011,1.015,0
2418443,0.090,-0.013,1.009,1.013,0
2418448,0.092,-0.014,1.007,1.012,0
2418453,0.090,-0.013,1.008,1.012,0
2418458,0.090,-0.011,1.008,1.012,0
2418463,0.090,-0.012,1.009,1.013,0
2418468,0.086,-0.012,1.008,1.012,0
2418473,0.091,-0.014,1.010,1.014,0
2418480,0.089,-0.017,1.011,1.015,0
2418485,0.089,-0.012,1.008,1.012,0
2418490,0.090,-0.012,1.011,1.015,0
2418495,0.090,-0.013,1.009,1.013,0
2418500,0.092,-0.014,1.009,1.013,0
2418505,0.089,-0.012,1.009,1.013,0
2418510,0.089,-0.014,1.011,1.015,0
2418516,0.019,0.168,0.745,0.764,0
2418522,0.182,0.035,-0.199,0.272,0
2418527,0.020,-0.015,0.080,0.084,0
2418532,1.979,0.036,2.058,2.855,0
>>> SHOCK DETECTED! <<<
2418537,-2.021,1.646,2.058,3.320,1
>>> SHOCK KET THUC. Thoi gian: 5 ms | Bien do dinh: 3.320 g <<<
2418543,1.979,0.031,-1.942,2.773,0
2418549,0.376,-0.106,-0.580,0.700,0
2418554,0.338,-0.174,-0.598,0.708,0
2418560,0.296,-0.084,-0.528,0.611,0
2418565,0.220,-0.083,-0.337,0.411,0
2418570,0.023,-0.058,-0.039,0.073,0
2418575,-0.075,-0.021,0.118,0.141,0
2418581,-0.053,-0.001,0.094,0.108,0
2418586,-0.054,0.021,0.078,0.097,0
2418591,-0.112,0.040,0.192,0.226,0
2418596,-0.115,0.036,0.194,0.228,0
2418601,-0.075,0.032,0.137,0.159,0
2418607,-0.044,0.017,0.076,0.089,0
2418612,-0.026,-0.010,0.071,0.076,0
2418617,-0.061,-0.006,0.113,0.129,0
2418623,-0.091,0.003,0.161,0.185,0
2418628,-0.122,0.020,0.196,0.232,0
2418633,-0.116,0.030,0.165,0.204,0
2418638,-0.099,0.041,0.131,0.169,0
2418643,-0.063,0.046,0.062,0.100,0
2418649,-0.042,0.047,0.013,0.064,0
2418654,-0.001,0.036,-0.063,0.073,0
2418659,0.059,0.016,-0.159,0.170,0
2418665,0.088,0.003,-0.197,0.216,0
2418670,0.095,-0.008,-0.207,0.228,0
2418675,0.105,-0.010,-0.223,0.247,0
2418680,0.113,-0.002,-0.229,0.256,0
>>> SHOCK DETECTED! <<<
2418685,1.979,-1.998,-1.942,3.418,1
>>> SHOCK KET THUC. Thoi gian: 6 ms | Bien do dinh: 3.418 g <<<
2418692,-0.211,-0.709,-0.212,0.770,0
2418698,-0.753,0.195,0.706,1.050,0
2418703,-0.593,-1.144,2.058,2.428,0
2418708,-1.095,0.059,1.519,1.874,0
2418713,-0.272,0.158,0.302,0.436,0
2418718,-0.238,0.169,0.200,0.354,0
2418723,-0.132,0.201,0.129,0.273,0
2418728,-0.085,0.216,0.116,0.259,0
2418735,-0.083,0.189,0.138,0.248,0
>>> SHOCK DETECTED! <<<
2418740,1.950,1.593,2.058,3.252,1
>>> SHOCK KET THUC. Thoi gian: 5 ms | Bien do dinh: 3.252 g <<<
2418746,1.979,0.176,-1.942,2.779,0
2418751,0.227,0.136,1.021,1.055,0
2418757,-0.268,0.002,0.526,0.590,0
2418762,0.046,0.187,0.592,0.623,0
2418767,0.108,0.164,0.198,0.279,0
2418772,0.153,0.113,0.070,0.203,0
2418778,0.059,0.219,1.367,1.386,0
2418783,0.165,-0.005,0.376,0.411,0
2418788,0.207,-0.210,2.058,2.079,0
2418793,1.083,-0.041,0.942,1.436,0
2418799,0.320,0.037,0.373,0.493,0
2418804,0.244,-0.022,-0.010,0.245,0
2418809,0.085,0.020,1.558,1.560,0
2418814,0.031,-0.025,1.196,1.196,0
2418820,-0.025,-0.032,1.124,1.124,0
2418825,0.027,0.005,1.200,1.200,0
2418830,0.135,0.020,1.056,1.065,0
2418836,0.150,-0.015,0.906,0.918,0
2418841,0.073,-0.023,1.007,1.010,0
2418846,0.035,-0.018,1.053,1.054,0
2418851,0.092,-0.006,1.004,1.008,0
2418856,0.138,-0.009,0.936,0.946,0
2418862,0.105,-0.018,0.991,0.996,0
2418867,0.069,-0.020,1.049,1.051,0
2418872,0.083,-0.007,1.043,1.046,0
2418878,0.100,-0.008,1.008,1.012,0
2418883,0.101,-0.010,1.005,1.010,0
2418888,0.087,-0.012,1.007,1.011,0
2418893,0.081,-0.013,1.018,1.021,0
2418898,0.087,-0.017,1.024,1.028,0
2418904,0.094,-0.015,1.024,1.028,0
2418909,0.094,-0.011,1.020,1.024,0
2418915,0.085,-0.011,1.004,1.008,0
2418920,0.088,-0.016,1.000,1.004,0
2418925,0.094,-0.016,1.000,1.004,0
2418930,0.094,-0.015,1.013,1.017,0
2418935,0.094,-0.011,1.013,1.017,0
2418940,0.095,-0.012,1.017,1.022,0
2418946,0.092,-0.015,1.010,1.014,0
2418951,0.088,-0.016,1.009,1.013,0
2418957,0.087,-0.021,1.007,1.011,0
2418962,0.091,-0.023,1.004,1.009,0
2418967,0.100,-0.014,1.025,1.030,0
2418972,0.093,-0.010,1.019,1.024,0
2418977,0.092,-0.007,1.011,1.015,0
2418982,0.092,-0.010,1.005,1.010,0
2418988,0.096,-0.015,1.000,1.005,0
2418994,0.099,-0.016,1.006,1.011,0
2418999,0.102,-0.012,1.015,1.020,0
2419004,0.102,-0.009,1.007,1.012,0
2419009,0.104,-0.008,0.991,0.996,0
2419014,0.099,-0.002,0.967,0.972,0
2419019,0.096,0.000,0.968,0.973,0
2419024,0.098,0.005,0.991,0.996,0
2419030,0.085,0.026,1.003,1.007,0
2419035,0.091,0.014,1.025,1.030,0
2419041,0.102,-0.016,1.047,1.052,0
2419046,0.111,-0.034,1.055,1.061,0
2419051,0.109,-0.027,1.033,1.039,0
2419056,0.085,-0.010,0.992,0.996,0
2419061,0.075,-0.006,0.941,0.944,0
2419066,0.084,-0.016,0.935,0.939,0
2419072,0.104,-0.039,0.948,0.954,0
2419078,0.106,-0.041,0.957,0.963,0
2419083,0.095,-0.018,0.998,1.003,0
2419088,0.085,0.015,1.149,1.152,0
2419093,0.098,0.016,1.098,1.102,0
2419098,0.094,0.008,1.014,1.019,0
2419103,0.089,-0.004,0.968,0.972,0
2419108,0.099,-0.032,0.966,0.971,0
2419113,0.111,-0.020,1.023,1.029,0
2419120,0.094,0.002,1.028,1.032,0
2419125,0.088,0.009,1.020,1.024,0
2419130,0.087,-0.012,1.021,1.025,0
2419135,0.097,-0.023,1.018,1.023,0
2419140,0.102,-0.022,0.972,0.977,0
2419145,0.091,-0.018,0.960,0.965,0
2419150,0.092,-0.007,1.019,1.023,0
2419156,0.100,0.001,1.057,1.061,0
2419162,0.096,0.000,1.013,1.017,0
2419167,0.091,0.002,0.994,0.999,0
2419172,0.093,-0.022,0.995,1.000,0
2419177,0.103,-0.025,1.000,1.005,0
2419182,0.099,-0.014,1.009,1.014,0
2419187,0.088,-0.002,1.017,1.021,0
2419192,0.087,-0.005,1.015,1.019,0
2419198,0.098,-0.013,1.014,1.019,0
2419204,0.098,-0.012,0.996,1.001,0
2419209,0.097,-0.011,1.000,1.005,0
2419214,0.094,-0.003,1.022,1.026,0
2419219,0.094,-0.005,1.025,1.029,0
2419224,0.093,-0.008,1.010,1.015,0
2419229,0.092,-0.015,1.005,1.009,0
2419234,0.094,-0.018,0.998,1.003,0
2419240,0.097,-0.019,0.998,1.002,0
2419246,0.095,-0.009,1.014,1.018,0
2419251,0.096,-0.006,1.022,1.026,0
2419256,0.098,-0.005,1.011,1.016,0
2419261,0.097,-0.003,0.998,1.002,0
2419266,0.099,-0.010,0.994,0.999,0
2419271,0.098,-0.015,1.007,1.012,0
2419276,0.096,-0.009,1.018,1.022,0
2419282,0.093,-0.009,1.017,1.022,0
2419288,0.092,-0.011,1.007,1.011,0
2419293,0.094,-0.015,1.001,1.006,0
2419298,0.099,-0.011,1.001,1.006,0
2419303,0.096,-0.008,1.012,1.017,0
2419308,0.096,-0.005,1.018,1.022,0
2419313,0.094,-0.006,1.016,1.021,0
2419319,0.095,-0.008,1.005,1.009,0
2419324,0.095,-0.012,0.999,1.004,0
2419330,0.097,-0.014,1.006,1.011,0
2419335,0.097,-0.012,1.012,1.017,0
2419340,0.094,-0.011,1.013,1.018,0
2419345,0.094,-0.008,1.008,1.013,0
2419350,0.094,-0.010,1.008,1.012,0
2419355,0.096,-0.008,1.003,1.008,0
2419361,0.097,-0.008,1.005,1.010,0
2419366,0.097,-0.006,1.013,1.017,0
2419372,0.095,-0.008,1.016,1.020,0
2419377,0.093,-0.010,1.012,1.016,0
2419382,0.092,-0.011,1.008,1.012,0
2419387,0.095,-0.014,1.003,1.008,0
2419392,0.095,-0.011,1.008,1.012,0
2419397,0.097,-0.008,1.012,1.017,0
2419403,0.098,-0.008,1.013,1.018,0
2419408,0.098,-0.010,1.014,1.018,0
2419414,0.097,-0.012,1.009,1.014,0
2419419,0.095,-0.012,1.005,1.009,0
2419424,0.095,-0.010,1.008,1.013,0
2419429,0.095,-0.009,1.012,1.016,0
2419434,0.099,-0.009,1.011,1.016,0
2419440,0.094,-0.009,1.011,1.015,0
2419445,0.094,-0.011,1.006,1.010,0
2419450,0.094,-0.012,1.003,1.007,0
2419456,0.094,-0.010,1.008,1.012,0
2419461,0.094,-0.008,1.013,1.018,0
2419466,0.096,-0.011,1.013,1.018,0
2419471,0.094,-0.011,1.008,1.012,0
2419476,0.095,-0.011,1.007,1.012,0
2419482,0.096,-0.009,1.008,1.013,0
2419487,0.094,-0.012,1.011,1.016,0
2419492,0.094,-0.010,1.011,1.016,0
2419497,0.097,-0.009,1.009,1.014,0
2419503,0.097,-0.008,1.008,1.012,0
2419508,0.094,-0.008,1.005,1.009,0
2419513,0.095,-0.010,1.006,1.010,0
2419518,0.096,-0.012,1.008,1.013,0
2419524,0.094,-0.009,1.012,1.016,0
2419529,0.096,-0.010,1.012,1.017,0
2419534,0.095,-0.012,1.009,1.014,0
2419539,0.095,-0.010,1.008,1.012,0
2419545,0.095,-0.009,1.006,1.010,0
2419550,0.095,-0.008,1.016,1.020,0
2419555,0.095,-0.010,1.016,1.021,0
2419561,0.095,-0.007,1.014,1.019,0
2419566,0.095,-0.010,1.009,1.013,0
2419571,0.095,-0.011,1.005,1.009,0
2419576,0.094,-0.012,1.004,1.009,0
2419581,0.091,-0.011,1.009,1.013,0
2419587,0.096,-0.010,1.011,1.015,0
2419592,0.096,-0.011,1.008,1.013,0
2419597,0.096,-0.012,1.006,1.011,0
2419603,0.094,-0.011,1.008,1.012,0
2419608,0.095,-0.010,1.008,1.012,0
2419613,0.098,-0.012,1.010,1.014,0
2419618,0.095,-0.010,1.011,1.015,0
2419623,0.095,-0.012,1.011,1.016,0
2419629,0.094,-0.011,1.008,1.013,0
2419634,0.096,-0.009,1.008,1.012,0
2419640,0.097,-0.011,1.006,1.010,0
2419645,0.097,-0.011,1.014,1.019,0
2419650,0.096,-0.010,1.016,1.020,0
2419655,0.095,-0.009,1.012,1.016,0
2419660,0.096,-0.010,1.007,1.012,0
2419665,0.093,-0.009,1.006,1.010,0
2419671,0.095,-0.008,1.008,1.012,0
2419676,0.094,-0.009,1.007,1.011,0
2419682,0.096,-0.010,1.010,1.014,0
2419687,0.092,-0.010,1.006,1.010,0
2419692,0.092,-0.011,1.006,1.010,0
2419697,0.093,-0.009,1.009,1.013,0
2419702,0.095,-0.010,1.008,1.012,0
2419707,0.097,-0.011,1.012,1.017,0
2419713,0.097,-0.011,1.009,1.014,0
2419718,0.094,-0.008,1.010,1.014,0
2419724,0.094,-0.011,1.008,1.012,0
2419729,0.095,-0.010,1.007,1.011,0
2419734,0.096,-0.010,1.010,1.014,0
2419739,0.096,-0.008,1.013,1.018,0
2419744,0.096,-0.011,1.016,1.021,0
2419749,0.095,-0.010,1.006,1.011,0
2419755,0.094,-0.012,1.005,1.010,0
2419761,0.095,-0.008,1.006,1.010,0
2419766,0.094,-0.012,1.008,1.012,0
2419771,0.096,-0.012,1.007,1.012,0
2419776,0.097,-0.009,1.010,1.015,0
2419781,0.097,-0.011,1.010,1.015,0
2419786,0.095,-0.010,1.009,1.013,0
2419791,0.096,-0.010,1.009,1.013,0
2419796,0.095,-0.009,1.012,1.017,0
2419803,0.097,-0.007,1.012,1.017,0
2419808,0.063,-0.004,1.129,1.130,0
2419813,0.085,-0.009,1.057,1.060,0
2419818,0.112,-0.014,1.025,1.031,0
2419823,0.088,0.006,0.966,0.970,0
2419828,0.086,-0.004,0.983,0.987,0
2419833,0.103,-0.021,1.080,1.085,0
2419838,0.100,-0.008,1.021,1.026,0
2419845,0.099,0.001,0.977,0.982,0
2419850,0.088,-0.015,1.020,1.024,0
2419855,0.106,-0.015,0.994,0.999,0
2419860,0.104,-0.013,0.987,0.993,0
2419865,0.089,0.002,1.018,1.022,0
2419870,0.093,-0.013,0.993,0.998,0
2419875,0.099,-0.010,1.010,1.015,0
2419880,0.091,-0.009,1.013,1.017,0
2419887,0.093,-0.009,1.000,1.004,0
2419892,0.092,-0.015,1.043,1.047,0
2419897,0.098,-0.006,1.008,1.013,0
2419902,0.100,-0.007,0.987,0.992,0
2419907,0.093,-0.006,1.004,1.009,0
2419912,0.096,-0.008,1.013,1.017,0
2419917,0.091,-0.005,1.017,1.021,0
2419923,0.091,-0.005,1.020,1.024,0
2419929,0.088,-0.010,1.018,1.022,0
2419934,0.035,-0.032,1.012,1.013,0
2419939,-0.146,-0.075,1.019,1.032,0
2419944,-0.221,-0.088,1.056,1.083,0
2419949,-0.228,-0.100,1.066,1.094,0
2419954,-0.160,-0.090,1.034,1.050,0
2419959,-0.077,-0.105,1.027,1.035,0
2419965,0.019,-0.054,0.985,0.986,0
2419971,0.390,0.123,0.938,1.023,0
2419976,0.346,0.128,0.927,0.998,0
2419981,0.156,0.045,1.015,1.028,0
2419986,0.069,0.035,1.029,1.032,0
2419991,0.009,0.115,1.010,1.017,0
2419996,0.058,0.164,0.998,1.013,0
2420002,0.065,0.157,0.987,1.002,0
2420007,0.050,0.101,1.059,1.065,0
2420013,0.177,0.115,0.945,0.969,0
2420018,0.191,0.098,1.002,1.025,0
2420023,0.167,0.071,1.051,1.067,0
2420028,0.193,0.039,1.033,1.051,0
2420033,0.121,0.068,1.055,1.064,0
2420039,0.208,0.113,0.955,0.984,0
2420044,0.128,0.054,1.035,1.044,0
2420049,0.156,0.055,0.952,0.966,0
2420055,0.065,0.037,1.097,1.100,0
2420060,0.111,0.029,1.009,1.016,0
2420065,0.152,-0.063,0.876,0.891,0
2420070,0.136,-0.171,0.928,0.954,0
2420075,0.203,-0.141,0.841,0.876,0
2420081,0.190,-0.134,0.978,1.006,0
2420086,0.242,-0.072,1.046,1.076,0
2420091,0.206,-0.032,1.027,1.048,0
2420097,0.133,-0.035,0.979,0.989,0
2420102,0.081,-0.041,1.019,1.023,0
2420107,0.146,-0.005,0.993,1.003,0
2420112,0.086,-0.098,1.053,1.061,0
2420118,0.059,-0.104,0.956,0.964,0
2420123,0.110,-0.083,0.946,0.956,0
2420128,0.112,-0.050,1.039,1.046,0
2420133,0.075,-0.041,1.046,1.049,0
2420139,0.141,-0.015,0.972,0.983,0
2420144,0.108,-0.025,1.006,1.012,0
2420149,0.103,-0.035,1.009,1.014,0
2420155,0.073,-0.054,1.019,1.023,0
2420160,0.041,-0.042,1.023,1.024,0
2420165,0.032,-0.042,1.014,1.015,0
2420170,0.066,-0.024,1.008,1.010,0
2420175,0.095,-0.029,1.014,1.019,0
2420180,0.161,-0.028,0.997,1.010,0
2420186,0.097,-0.018,1.017,1.022,0
2420192,0.077,-0.013,1.013,1.016,0
2420197,0.080,-0.009,1.006,1.010,0
2420202,0.086,-0.013,1.014,1.017,0
2420207,0.071,-0.024,1.014,1.017,0
2420212,0.049,-0.038,1.013,1.014,0
2420217,0.086,-0.009,1.008,1.012,0
2420222,0.127,0.008,1.018,1.026,0
2420228,0.139,0.010,0.997,1.006,0
2420234,0.102,0.009,1.025,1.030,0
2420239,0.101,0.003,1.014,1.019,0
2420244,0.098,-0.007,1.004,1.009,0
2420249,0.090,-0.009,1.003,1.007,0
2420254,0.091,-0.009,1.010,1.015,0
2420259,0.088,-0.009,1.009,1.013,0
2420264,0.090,-0.008,1.009,1.013,0
2420270,0.090,-0.008,1.010,1.014,0
2420276,0.091,-0.012,1.004,1.008,0
2420281,0.086,-0.011,1.013,1.017,0
2420286,0.091,-0.010,1.006,1.010,0
2420291,0.089,-0.011,1.017,1.021,0
2420296,0.090,-0.008,1.009,1.013,0
2420301,0.089,-0.005,1.012,1.016,0
2420306,0.091,-0.008,1.011,1.015,0
2420312,0.093,-0.007,1.010,1.015,0
2420318,0.093,-0.007,1.011,1.016,0
2420323,0.093,-0.008,1.008,1.012,0
2420328,0.091,-0.009,1.008,1.013,0
2420333,0.090,-0.010,1.010,1.014,0
2420338,0.092,-0.012,1.007,1.012,0
2420343,0.092,-0.008,1.008,1.012,0
2420348,0.090,-0.010,1.007,1.011,0
2420355,0.091,-0.008,1.009,1.013,0
2420360,0.092,-0.007,1.005,1.010,0
2420365,0.090,-0.010,1.007,1.011,0
2420370,0.092,-0.010,1.007,1.011,0
2420375,0.093,-0.008,1.009,1.013,0
2420380,0.090,-0.009,1.009,1.013,0
2420385,0.093,-0.012,1.009,1.014,0
2420390,0.090,-0.008,1.010,1.014,0
2420397,0.091,-0.008,1.008,1.012,0
2420402,0.090,-0.010,1.008,1.012,0
2420407,0.092,-0.009,1.010,1.014,0
2420412,0.093,-0.008,1.011,1.015,0
2420417,0.091,-0.008,1.011,1.016,0
2420422,0.092,-0.009,1.011,1.015,0
2420427,0.093,-0.006,1.004,1.008,0
2420432,0.093,-0.007,1.008,1.012,0
2420439,0.093,-0.007,1.008,1.013,0
2420444,0.093,-0.008,1.009,1.014,0
2420449,0.096,-0.011,1.008,1.012,0
2420454,0.093,-0.012,1.007,1.011,0
2420459,0.092,-0.011,1.009,1.013,0
2420464,0.092,-0.008,1.004,1.008,0
2420469,0.091,-0.009,1.009,1.013,0
2420475,0.090,-0.010,1.010,1.014,0
2420481,0.089,-0.009,1.009,1.013,0
2420486,0.094,-0.007,1.007,1.011,0
2420491,0.094,-0.008,1.012,1.017,0
2420496,0.093,-0.007,1.013,1.017,0
2420501,0.094,-0.009,1.012,1.017,0
2420506,0.094,-0.008,1.009,1.013,0
2420511,0.092,-0.007,1.008,1.012,0
2420517,0.090,-0.004,1.011,1.015,0
2420523,0.090,-0.008,1.016,1.020,0
2420528,0.090,-0.007,1.010,1.014,0
2420533,0.091,-0.008,1.010,1.014,0
2420538,0.093,-0.008,1.010,1.015,0
2420543,0.092,-0.010,1.010,1.014,0
2420548,0.090,-0.008,1.009,1.013,0
2420553,0.092,-0.010,1.010,1.015,0
2420559,0.091,-0.009,1.011,1.015,0
2420564,0.090,-0.009,1.013,1.017,0
2420570,0.089,-0.009,1.011,1.015,0
2420575,0.092,-0.010,1.008,1.012,0
2420580,0.093,-0.009,1.011,1.015,0
2420585,0.088,-0.010,1.009,1.013,0
2420590,0.088,-0.009,1.012,1.016,0
2420595,0.091,-0.007,1.009,1.013,0
2420601,0.092,-0.009,1.012,1.016,0
2420606,0.092,-0.012,1.012,1.017,0
2420612,0.093,-0.008,1.010,1.014,0
2420617,0.091,-0.005,1.009,1.014,0
2420622,0.089,-0.007,1.010,1.014,0
2420627,0.092,-0.007,1.009,1.013,0
2420632,0.091,-0.009,1.008,1.012,0
2420638,0.092,-0.009,1.010,1.014,0
2420643,0.093,-0.008,1.006,1.011,0
2420648,0.089,-0.010,1.007,1.011,0
2420654,0.089,-0.011,1.007,1.011,0
2420659,0.091,-0.012,1.009,1.013,0
2420664,0.091,-0.009,1.010,1.015,0
2420669,0.091,-0.008,1.010,1.014,0
2420674,0.092,-0.008,1.008,1.012,0
2420680,0.091,-0.008,1.008,1.012,0
2420685,0.091,-0.009,1.008,1.012,0
2420690,0.093,-0.009,1.010,1.014,0
2420696,0.092,-0.008,1.014,1.018,0
2420701,0.091,-0.010,1.010,1.014,0
2420706,0.091,-0.009,1.010,1.014,0
2420711,0.091,-0.008,1.009,1.013,0
2420716,0.092,-0.010,1.009,1.013,0
2420722,0.092,-0.008,1.008,1.012,0
2420727,0.093,-0.009,1.010,1.014,0
2420732,0.093,-0.007,1.012,1.016,0
2420738,0.090,-0.009,1.014,1.018,0
2420743,0.091,-0.010,1.009,1.013,0
2420748,0.090,-0.011,1.008,1.012,0
2420753,0.090,-0.010,1.009,1.013,0
2420759,0.092,-0.008,1.008,1.012,0
2420764,0.092,-0.009,1.010,1.014,0
2420769,0.090,-0.009,1.007,1.011,0
2420774,0.092,-0.009,1.009,1.013,0
2420780,0.094,-0.005,1.009,1.013,0
2420785,0.091,-0.009,1.007,1.011,0
2420790,0.090,-0.009,1.008,1.012,0
2420795,0.090,-0.011,1.009,1.013,0
2420801,0.092,-0.008,1.010,1.014,0
2420806,0.090,-0.010,1.010,1.014,0
2420811,0.092,-0.010,1.008,1.012,0
2420816,0.090,-0.010,1.010,1.014,0
2420822,0.092,-0.008,1.012,1.016,0
2420827,0.093,-0.008,1.013,1.017,0
2420832,0.091,-0.006,1.006,1.010,0
2420837,0.091,-0.006,1.009,1.013,0
2420843,0.090,-0.007,1.009,1.013,0
2420848,0.092,-0.008,1.007,1.011,0
2420853,0.092,-0.010,1.009,1.013,0
2420858,0.091,-0.008,1.008,1.012,0
2420864,0.094,-0.012,1.009,1.014,0
2420869,0.094,-0.010,1.009,1.013,0
2420874,0.092,-0.007,1.009,1.013,0
2420879,0.092,-0.011,1.009,1.013,0
2420885,0.091,-0.010,1.009,1.013,0
2420890,0.091,-0.009,1.007,1.011,0
2420895,0.090,-0.009,1.004,1.008,0
2420900,0.093,-0.010,1.009,1.014,0
2420905,0.090,-0.010,1.012,1.016,0
2420911,0.091,-0.008,1.013,1.017,0
2420916,0.094,-0.011,1.011,1.015,0
2420921,0.094,-0.009,1.009,1.014,0
2420927,0.092,-0.007,1.008,1.012,0
2420932,0.092,-0.008,1.008,1.012,0
2420937,0.093,-0.010,1.011,1.015,0
2420942,0.092,-0.008,1.012,1.017,0
2420947,0.092,-0.007,1.007,1.011,0
2420953,0.092,-0.005,1.008,1.012,0
2420958,0.095,-0.009,1.016,1.020,0
2420964,0.092,-0.009,1.009,1.013,0
2420969,0.091,-0.009,1.010,1.014,0
2420974,0.093,-0.007,1.013,1.017,0
2420979,0.092,-0.009,1.009,1.014,0
2420984,0.091,-0.010,1.009,1.013,0
2420989,0.092,-0.010,1.010,1.014,0
2420995,0.092,-0.007,1.008,1.013,0
2421000,0.090,-0.007,1.007,1.011,0
2421006,0.092,-0.011,1.009,1.013,0
2421011,0.096,-0.009,1.006,1.011,0
2421016,0.093,-0.008,1.006,1.011,0
2421021,0.094,-0.009,1.008,1.012,0
2421026,0.093,-0.010,1.012,1.017,0
2421031,0.092,-0.008,1.007,1.011,0
2421037,0.089,-0.011,1.008,1.012,0
2421042,0.093,-0.007,1.009,1.014,0
2421048,0.091,-0.010,1.005,1.009,0
2421053,0.093,-0.009,1.012,1.016,0
2421058,0.094,-0.009,1.007,1.012,0
2421063,0.091,-0.006,1.010,1.014,0
2421068,0.090,-0.007,1.010,1.014,0
2421073,0.090,-0.008,1.009,1.014,0
2421079,0.091,-0.009,1.007,1.011,0
2421084,0.091,-0.009,1.006,1.010,0
2421090,0.090,-0.007,1.005,1.010,0
2421095,0.092,-0.009,1.006,1.010,0
2421100,0.093,-0.008,1.008,1.013,0
2421105,0.094,-0.009,1.009,1.013,0
2421110,0.093,-0.009,1.008,1.012,0
2421115,0.089,-0.009,1.007,1.011,0
2421121,0.091,-0.008,1.007,1.011,0
2421127,0.091,-0.007,1.009,1.013,0
2421132,0.090,-0.009,1.008,1.012,0
2421137,0.090,-0.007,1.008,1.012,0
2421142,0.089,-0.009,1.008,1.012,0
2421147,0.092,-0.009,1.009,1.013,0
2421152,0.091,-0.008,1.010,1.014,0
2421157,0.091,-0.008,1.007,1.011,0
2421163,0.090,-0.007,1.009,1.013,0
2421169,0.089,-0.008,1.011,1.015,0
2421174,0.095,-0.009,1.010,1.014,0
2421179,0.092,-0.011,1.010,1.015,0
2421184,0.093,-0.010,1.013,1.018,0
2421189,0.090,-0.009,1.013,1.017,0
2421194,0.092,-0.010,1.009,1.013,0
2421199,0.089,-0.009,1.009,1.013,0
2421204,0.092,-0.009,1.009,1.013,0
2421211,0.089,-0.009,1.010,1.014,0
2421216,0.091,-0.009,1.009,1.014,0
2421221,0.090,-0.010,1.014,1.018,0
2421226,0.091,-0.009,1.011,1.015,0
2421231,0.091,-0.008,1.012,1.016,0
2421236,0.091,-0.009,1.007,1.011,0
2421241,0.092,-0.008,1.007,1.011,0
2421246,0.092,-0.008,1.005,1.009,0
2421253,0.090,-0.009,1.005,1.009,0
2421258,0.087,-0.008,1.009,1.013,0
2421263,0.091,-0.009,1.011,1.016,0
2421268,0.091,-0.008,1.010,1.014,0
2421273,0.092,-0.010,1.008,1.013,0
2421278,0.093,-0.009,1.010,1.014,0
2421283,0.095,-0.007,1.009,1.014,0
2421288,0.091,-0.011,1.006,1.011,0
2421295,0.090,-0.011,1.010,1.014,0
2421300,0.091,-0.011,1.010,1.014,0
2421305,0.093,-0.011,1.009,1.013,0
2421310,0.093,-0.009,1.011,1.015,0
2421315,0.092,-0.009,1.011,1.015,0
2421320,0.092,-0.007,1.008,1.012,0
2421325,0.091,-0.007,1.007,1.011,0
2421331,0.091,-0.009,1.008,1.012,0
2421337,0.091,-0.008,1.011,1.015,0
2421342,0.093,-0.006,1.011,1.015,0
2421347,0.092,-0.008,1.011,1.016,0
2421352,0.091,-0.011,1.009,1.013,0
2421357,0.092,-0.007,1.009,1.013,0
2421362,0.092,-0.009,1.009,1.014,0
2421367,0.091,-0.011,1.011,1.015,0
2421373,0.090,-0.009,1.014,1.018,0
2421379,0.091,-0.010,1.012,1.016,0
2421384,0.089,-0.010,1.009,1.013,0
2421389,0.090,-0.008,1.011,1.015,0
2421394,0.093,-0.010,1.011,1.015,0
2421399,0.093,-0.007,1.009,1.013,0
2421404,0.090,-0.009,1.006,1.010,0
2421410,0.090,-0.011,1.009,1.014,0
2421415,0.090,-0.010,1.010,1.014,0
2421421,0.090,-0.007,1.009,1.013,0
2421426,0.088,-0.007,1.009,1.013,0
2421431,0.088,-0.009,1.011,1.015,0
2421436,0.090,-0.009,1.011,1.015,0
2421441,0.093,-0.010,1.009,1.013,0
2421446,0.093,-0.006,1.006,1.010,0
2421452,0.093,-0.007,1.009,1.014,0
2421457,0.094,-0.008,1.010,1.014,0
2421463,0.093,-0.008,1.011,1.015,0
2421468,0.092,-0.010,1.009,1.013,0
2421473,0.096,-0.009,1.008,1.012,0
2421478,0.091,-0.007,1.009,1.013,0
2421483,0.090,-0.008,1.010,1.014,0
2421488,0.090,-0.009,1.009,1.013,0
2421494,0.093,-0.008,1.010,1.015,0
2421499,0.093,-0.009,1.011,1.015,0
2421505,0.091,-0.006,1.009,1.013,0
2421510,0.091,-0.009,1.013,1.017,0
2421515,0.091,-0.011,1.017,1.021,0
2421520,0.092,-0.010,1.012,1.016,0
2421525,0.089,-0.007,1.011,1.015,0
2421530,0.093,-0.007,1.013,1.017,0
2421536,0.089,-0.009,1.008,1.012,0
2421541,0.092,-0.007,1.009,1.013,0
2421547,0.092,-0.008,1.007,1.012,0
2421552,0.090,-0.006,1.008,1.012,0
2421557,0.091,-0.010,1.008,1.012,0
2421562,0.091,-0.012,1.008,1.012,0
2421567,0.093,-0.009,1.010,1.014,0
2421573,0.091,-0.011,1.010,1.014,0
2421578,0.089,-0.011,1.008,1.012,0
2421583,0.091,-0.010,1.011,1.015,0
2421588,0.094,-0.007,1.013,1.017,0
2421594,0.094,-0.011,1.012,1.016,0
2421599,0.093,-0.011,1.009,1.014,0
2421604,0.093,-0.010,1.008,1.012,0
2421609,0.088,-0.008,1.010,1.014,0
2421615,0.092,-0.011,1.010,1.014,0
2421620,0.092,-0.010,1.010,1.014,0
2421625,0.092,-0.008,1.011,1.015,0
2421630,0.091,-0.007,1.008,1.012,0
2421636,0.090,-0.007,1.011,1.015,0
2421641,0.090,-0.007,1.010,1.015,0
2421646,0.091,-0.007,1.012,1.016,0
2421652,0.089,-0.007,1.012,1.016,0
2421657,0.093,-0.008,1.008,1.013,0
2421662,0.091,-0.009,1.010,1.014,0
2421667,0.092,-0.008,1.012,1.016,0
2421672,0.092,-0.007,1.009,1.014,0
2421678,0.091,-0.010,1.012,1.016,0
2421683,0.092,-0.007,1.010,1.015,0
2421688,0.091,-0.010,1.009,1.013,0
2421694,0.092,-0.011,1.008,1.012,0
2421699,0.092,-0.010,1.013,1.017,0
2421704,0.091,-0.008,1.005,1.010,0
2421709,0.089,-0.008,1.005,1.009,0
2421714,0.091,-0.008,1.005,1.009,0
2421720,0.092,-0.010,1.008,1.012,0
2421725,0.093,-0.010,1.007,1.011,0
2421730,0.093,-0.011,1.007,1.011,0
2421736,0.091,-0.012,1.009,1.013,0
2421741,0.092,-0.012,1.010,1.014,0
2421746,0.092,-0.013,1.008,1.012,0
2421751,0.089,-0.011,1.008,1.012,0
2421756,0.091,-0.009,1.009,1.014,0
2421762,0.091,-0.009,1.010,1.014,0
2421767,0.091,-0.010,1.009,1.013,0
2421773,0.094,-0.009,1.008,1.013,0
2421778,0.093,-0.008,1.009,1.014,0
2421783,0.091,-0.007,1.009,1.013,0
2421788,0.091,-0.006,1.009,1.014,0
2421793,0.093,-0.008,1.008,1.012,0
2421798,0.090,-0.010,1.004,1.008,0
2421804,0.090,-0.008,1.008,1.012,0
2421809,0.092,-0.007,1.010,1.014,0
2421815,0.090,-0.009,1.007,1.011,0
2421820,0.094,-0.007,1.006,1.011,0
2421825,0.091,-0.008,1.007,1.012,0
2421830,0.093,-0.007,1.009,1.014,0
2421835,0.091,-0.009,1.008,1.012,0
2421840,0.091,-0.007,1.009,1.014,0
2421846,0.091,-0.009,1.007,1.012,0
2421851,0.090,-0.009,1.012,1.016,0
2421857,0.092,-0.011,1.011,1.015,0
2421862,0.092,-0.007,1.006,1.010,0
2421867,0.091,-0.011,1.003,1.008,0
2421872,0.090,-0.010,1.011,1.015,0
2421877,0.093,-0.009,1.011,1.015,0
2421882,0.091,-0.007,1.010,1.014,0
2421888,0.090,-0.009,1.008,1.012,0
2421893,0.092,-0.009,1.006,1.010,0
2421899,0.091,-0.008,1.010,1.014,0
2421904,0.089,-0.009,1.008,1.012,0
2421909,0.089,-0.007,1.008,1.012,0
2421914,0.091,-0.006,1.007,1.011,0
2421919,0.090,-0.008,1.011,1.015,0
2421924,0.094,-0.009,1.008,1.013,0
2421929,0.093,-0.008,1.009,1.013,0
2421935,0.093,-0.009,1.012,1.016,0
2421941,0.091,-0.010,1.012,1.016,0
2421946,0.094,-0.009,1.009,1.013,0
2421951,0.093,-0.010,1.012,1.016,0
2421956,0.094,-0.007,1.007,1.011,0
2421961,0.092,-0.007,1.005,1.010,0
2421966,0.092,-0.007,1.008,1.012,0
2421971,0.092,-0.009,1.006,1.010,0
2421977,0.092,-0.009,1.009,1.014,0
2421983,0.093,-0.008,1.009,1.014,0
2421988,0.093,-0.009,1.009,1.014,0
2421993,0.092,-0.008,1.011,1.016,0
2421998,0.092,-0.011,1.009,1.013,0
2422003,0.091,-0.011,1.008,1.012,0
2422008,0.091,-0.011,1.009,1.014,0
2422013,0.091,-0.009,1.013,1.017,0
2422020,0.092,-0.010,1.012,1.017,0
2422025,0.090,-0.007,1.011,1.015,0
2422030,0.092,-0.007,1.010,1.015,0
2422035,0.093,-0.008,1.011,1.015,0
2422040,0.090,-0.009,1.008,1.012,0
2422045,0.090,-0.009,1.007,1.011,0
2422050,0.092,-0.008,1.007,1.011,0
2422055,0.090,-0.007,1.008,1.012,0
2422062,0.090,-0.008,1.010,1.014,0
2422067,0.093,-0.011,1.008,1.012,0
2422072,0.093,-0.009,1.009,1.014,0
2422077,0.092,-0.008,1.011,1.015,0
2422082,0.090,-0.010,1.008,1.012,0
2422087,0.092,-0.011,1.009,1.013,0
2422092,0.092,-0.009,1.009,1.013,0
2422098,0.091,-0.010,1.011,1.016,0
2422104,0.090,-0.009,1.012,1.016,0
2422109,0.090,-0.011,1.011,1.015,0
2422114,0.090,-0.011,1.009,1.013,0
2422119,0.088,-0.007,1.011,1.015,0
2422124,0.090,-0.009,1.010,1.014,0
2422129,0.091,-0.007,1.005,1.009,0
2422134,0.090,-0.007,1.007,1.011,0
2422140,0.091,-0.008,1.008,1.012,0
2422146,0.091,-0.007,1.008,1.012,0
2422151,0.089,-0.010,1.010,1.014,0
2422156,0.091,-0.008,1.007,1.011,0
2422161,0.090,-0.008,1.011,1.015,0
2422166,0.090,-0.007,1.010,1.014,0
2422171,0.092,-0.007,1.011,1.015,0
2422176,0.091,-0.008,1.011,1.015,0
2422182,0.090,-0.008,1.013,1.017,0
2422188,0.089,-0.008,1.012,1.016,0
2422193,0.088,-0.006,1.013,1.016,0
2422198,0.090,-0.009,1.011,1.015,0
2422203,0.088,-0.008,1.011,1.014,0
2422208,0.090,-0.009,1.009,1.013,0
2422213,0.089,-0.008,1.012,1.016,0
2422219,0.090,-0.009,1.012,1.016,0
2422224,0.094,-0.010,1.017,1.021,0
2422230,0.091,-0.007,1.009,1.013,0
2422235,0.090,-0.006,1.008,1.012,0
2422240,0.091,-0.006,1.008,1.012,0
2422245,0.092,-0.007,1.008,1.012,0
2422250,0.090,-0.008,1.009,1.014,0
2422255,0.090,-0.008,1.010,1.014,0
2422261,0.092,-0.007,1.008,1.013,0
2422266,0.093,-0.008,1.007,1.012,0
2422272,0.094,-0.009,1.007,1.012,0
2422277,0.092,-0.010,1.007,1.011,0
2422282,0.093,-0.010,1.011,1.015,0
2422287,0.092,-0.008,1.009,1.013,0
2422292,0.094,-0.007,1.008,1.012,0
2422297,0.091,-0.008,1.012,1.016,0
2422303,0.091,-0.009,1.011,1.016,0
2422308,0.091,-0.010,1.010,1.015,0
2422313,0.092,-0.005,1.011,1.015,0
2422319,0.091,-0.008,1.009,1.013,0
2422324,0.093,-0.011,1.010,1.015,0
2422329,0.093,-0.009,1.010,1.014,0
2422334,0.088,-0.009,1.008,1.012,0
2422340,0.089,-0.011,1.010,1.014,0
2422345,0.090,-0.007,1.010,1.014,0
2422350,0.091,-0.009,1.008,1.012,0
2422355,0.092,-0.011,1.011,1.015,0
2422361,0.090,-0.009,1.010,1.014,0
2422366,0.091,-0.008,1.010,1.015,0
2422371,0.093,-0.009,1.014,1.019,0
2422376,0.092,-0.009,1.009,1.013,0
2422382,0.092,-0.011,1.010,1.015,0
2422387,0.092,-0.012,1.009,1.014,0
2422392,0.092,-0.008,1.012,1.016,0
2422397,0.092,-0.009,1.011,1.015,0
2422403,0.093,-0.008,1.009,1.013,0
2422408,0.090,-0.005,1.008,1.012,0
2422413,0.092,-0.009,1.008,1.013,0
2422419,0.096,-0.007,1.005,1.010,0
2422424,0.096,-0.007,1.010,1.015,0
2422429,0.093,-0.007,1.007,1.011,0
2422434,0.090,-0.009,1.010,1.014,0
2422439,0.092,-0.009,1.009,1.013,0
2422445,0.095,-0.010,1.008,1.012,0
2422450,0.091,-0.009,1.008,1.012,0
2422455,0.090,-0.009,1.009,1.013,0
2422461,0.091,-0.014,1.011,1.015,0
2422466,0.092,-0.011,1.010,1.014,0
2422471,0.092,-0.012,1.011,1.015,0
2422476,0.091,-0.006,1.012,1.016,0
2422481,0.090,-0.008,1.006,1.010,0
2422487,0.091,-0.008,1.007,1.011,0
2422492,0.091,-0.008,1.009,1.013,0
2422497,0.090,-0.007,1.007,1.011,0
2422503,0.090,-0.007,1.009,1.013,0
2422508,0.090,-0.008,1.007,1.011,0
2422513,0.091,-0.010,1.009,1.013,0
2422518,0.091,-0.009,1.007,1.011,0
2422523,0.092,-0.007,1.006,1.010,0
2422529,0.091,-0.010,1.009,1.013,0
2422534,0.091,-0.008,1.009,1.013,0
2422539,0.092,-0.007,1.008,1.012,0
2422545,0.090,-0.009,1.009,1.013,0
2422550,0.091,-0.009,1.010,1.014,0
2422555,0.094,-0.010,1.011,1.015,0
2422560,0.093,-0.007,1.010,1.014,0
2422565,0.093,-0.008,1.009,1.013,0
2422571,0.093,-0.010,1.008,1.012,0
2422576,0.092,-0.007,1.008,1.012,0
2422581,0.094,-0.009,1.011,1.015,0
2422587,0.091,-0.008,1.006,1.010,0
2422592,0.095,-0.009,1.009,1.013,0
2422597,0.094,-0.011,1.011,1.015,0
2422602,0.092,-0.010,1.012,1.016,0
2422607,0.094,-0.009,1.010,1.015,0
2422612,0.090,-0.009,1.013,1.017,0
2422618,0.090,-0.006,1.010,1.014,0
2422624,0.091,-0.007,1.012,1.016,0
2422629,0.091,-0.008,1.008,1.012,0
2422634,0.091,-0.007,1.013,1.017,0
2422639,0.091,-0.009,1.011,1.016,0
2422644,0.091,-0.007,1.013,1.017,0
2422649,0.091,-0.009,1.009,1.013,0
2422654,0.093,-0.005,1.014,1.018,0
2422660,0.093,-0.007,1.011,1.015,0
2422666,0.092,-0.011,1.009,1.013,0
2422671,0.090,-0.009,1.008,1.012,0
2422676,0.091,-0.006,1.010,1.014,0
2422681,0.094,-0.007,1.010,1.015,0
2422686,0.092,-0.006,1.010,1.014,0
2422691,0.089,-0.009,1.013,1.017,0
2422696,0.089,-0.010,1.009,1.013,0
2422702,0.089,-0.011,1.013,1.017,0
2422708,0.092,-0.010,1.011,1.015,0
2422713,0.093,-0.008,1.011,1.015,0
2422718,0.093,-0.007,1.011,1.015,0
2422723,0.091,-0.008,1.008,1.012,0
2422728,0.091,-0.009,1.008,1.012,0
2422733,0.090,-0.010,1.011,1.016,0
2422738,0.091,-0.010,1.011,1.015,0
2422745,0.091,-0.013,1.007,1.011,0
2422750,0.091,-0.011,1.008,1.013,0
2422755,0.090,-0.010,1.008,1.012,0
2422760,0.090,-0.007,1.011,1.015,0
2422765,0.091,-0.008,1.011,1.016,0
2422770,0.092,-0.009,1.013,1.017,0
2422775,0.093,-0.010,1.007,1.011,0
2422780,0.092,-0.009,1.008,1.012,0
2422787,0.091,-0.009,1.009,1.013,0
2422792,0.094,-0.010,1.011,1.015,0
2422797,0.093,-0.008,1.008,1.013,0
2422802,0.093,-0.009,1.011,1.015,0
2422807,0.089,-0.011,1.013,1.017,0
2422812,0.091,-0.012,1.012,1.017,0
2422817,0.093,-0.010,1.009,1.014,0
2422823,0.091,-0.007,1.012,1.017,0
2422829,0.089,-0.008,1.008,1.012,0
2422834,0.092,-0.007,1.012,1.016,0
2422839,0.092,-0.009,1.013,1.017,0
2422844,0.091,-0.010,1.012,1.016,0
2422849,0.089,-0.008,1.013,1.016,0
2422854,0.094,-0.009,1.012,1.017,0
2422859,0.091,-0.009,1.006,1.010,0
2422865,0.094,-0.008,1.007,1.012,0
2422871,0.091,-0.007,1.009,1.014,0
2422876,0.090,-0.008,1.008,1.012,0
2422881,0.093,-0.008,1.007,1.012,0
2422886,0.092,-0.009,1.007,1.011,0
2422891,0.090,-0.009,1.009,1.013,0
2422896,0.088,-0.008,1.008,1.011,0
2422902,0.092,-0.009,1.011,1.015,0
2422907,0.092,-0.008,1.007,1.011,0
2422913,0.091,-0.009,1.007,1.011,0
2422918,0.091,-0.009,1.009,1.013,0
2422923,0.092,-0.007,1.009,1.013,0
2422928,0.089,-0.009,1.009,1.012,0
2422933,0.092,-0.009,1.009,1.014,0
2422938,0.090,-0.007,1.012,1.016,0
2422944,0.090,-0.006,1.010,1.014,0
2422949,0.093,-0.008,1.006,1.010,0
2422955,-0.079,0.212,-0.548,0.592,0
2422960,0.240,0.005,0.012,0.240,0
2422965,0.291,-0.796,0.857,1.206,0
2422970,1.979,-0.097,2.058,2.857,0
2422975,0.959,0.284,0.745,1.247,0
2422980,0.372,0.020,0.006,0.373,0
2422986,0.122,-0.076,-0.061,0.157,0
2422991,0.183,-0.058,-0.272,0.333,0
2422996,0.218,0.006,-0.342,0.406,0
2423002,0.089,0.006,-0.163,0.186,0
2423007,-0.091,0.013,0.118,0.150,0
2423012,-0.101,0.022,0.194,0.220,0
2423017,-0.046,0.029,0.114,0.127,0
2423022,-0.002,0.033,0.022,0.040,0
2423028,-0.012,0.029,0.037,0.049,0
2423033,-0.046,0.007,0.070,0.084,0
2423038,-0.014,0.009,0.017,0.024,0
2423044,0.012,0.003,0.024,0.027,0
2423049,-0.042,-0.002,0.093,0.102,0
2423054,-0.099,0.007,0.200,0.223,0
2423059,-0.108,0.018,0.194,0.223,0
2423064,-0.061,0.029,0.109,0.128,0
2423070,-0.047,0.034,0.084,0.102,0
2423075,-0.082,0.032,0.118,0.147,0
2423080,-0.015,0.023,0.026,0.038,0
2423086,0.041,0.012,-0.058,0.072,0
2423091,0.053,-0.008,-0.081,0.097,0
2423096,0.078,-0.022,-0.118,0.143,0
2423101,0.103,-0.023,-0.163,0.194,0
2423106,0.126,-0.018,-0.200,0.237,0
2423112,0.116,-0.009,-0.177,0.212,0
2423117,0.102,0.001,-0.151,0.182,0
2423122,0.083,0.009,-0.104,0.133,0
>>> SHOCK DETECTED! <<<
2423128,1.979,-1.998,2.058,3.485,1
>>> SHOCK KET THUC. Thoi gian: 5 ms | Bien do dinh: 3.485 g <<<
2423134,-0.732,-0.321,1.877,2.040,0
>>> SHOCK DETECTED! <<<
2423140,-2.021,2.001,2.058,3.510,1
>>> SHOCK KET THUC. Thoi gian: 6 ms | Bien do dinh: 3.510 g <<<
2423147,1.683,-0.476,2.058,2.701,0
2423153,-0.295,-0.057,0.583,0.656,0
2423158,0.200,0.028,-0.223,0.301,0
2423163,-0.001,0.067,0.018,0.070,0
2423169,-0.097,0.072,0.148,0.191,0
2423174,-0.052,0.118,0.071,0.147,0
2423180,0.040,0.105,-0.043,0.120,0
2423185,0.296,0.291,2.058,2.099,0
2423190,0.841,-0.362,0.777,1.201,0
2423195,0.727,-0.553,1.480,1.740,0
2423200,-0.440,0.024,1.667,1.724,0
2423205,0.059,0.066,0.160,0.183,0
2423211,-0.275,0.103,1.248,1.282,0
2423216,-0.232,-0.001,1.650,1.666,0
2423222,0.145,-0.054,0.692,0.709,0
2423227,-0.155,0.031,1.334,1.344,0
2423232,-0.023,0.012,1.024,1.024,0
2423237,0.017,-0.033,0.909,0.910,0
2423242,-0.002,0.002,0.970,0.970,0
2423247,-0.035,0.007,1.052,1.052,0
2423252,-0.027,0.001,1.072,1.072,0
2423259,-0.021,-0.013,1.047,1.048,0
2423264,-0.004,0.004,0.988,0.988,0
2423269,-0.006,0.008,0.976,0.976,0
2423274,-0.030,-0.003,1.023,1.023,0
2423279,-0.010,-0.002,1.035,1.035,0
2423284,-0.015,-0.000,1.049,1.050,0
2423289,-0.012,0.003,1.023,1.023,0
2423294,-0.011,0.005,1.008,1.008,0
2423301,-0.020,-0.005,0.998,0.999,0
2423306,-0.009,-0.007,0.995,0.996,0
2423311,-0.008,-0.009,1.012,1.012,0
2423316,-0.015,0.000,1.044,1.044,0
2423321,-0.020,0.008,1.048,1.048,0
2423326,-0.021,0.006,1.050,1.050,0
2423331,-0.023,0.004,1.077,1.077,0
2423336,-0.018,0.006,1.088,1.088,0
2423342,-0.019,-0.001,1.067,1.067,0
2423348,-0.022,-0.004,1.025,1.025,0
2423353,-0.018,-0.003,1.003,1.003,0
2423358,-0.015,-0.008,0.982,0.982,0
2423363,-0.009,-0.014,0.982,0.983,0
2423368,-0.001,-0.014,0.983,0.983,0
2423373,-0.005,-0.013,0.991,0.991,0
2423378,-0.014,-0.003,1.023,1.023,0
2423385,-0.017,0.002,1.043,1.043,0
2423390,-0.023,0.003,1.040,1.040,0
2423395,-0.018,-0.002,1.015,1.015,0
2423400,-0.001,-0.012,0.957,0.957,0
2423405,0.014,-0.013,0.892,0.893,0
2423410,0.016,-0.017,0.867,0.867,0
2423415,0.010,-0.019,0.863,0.863,0
2423420,-0.018,-0.022,0.895,0.896,0
2423427,-0.028,-0.014,0.937,0.937,0
2423432,0.012,-0.002,1.048,1.048,0
2423437,-0.015,-0.020,1.095,1.095,0
2423442,-0.027,-0.008,1.069,1.069,0
2423447,-0.009,0.005,0.977,0.977,0
2423452,-0.019,0.002,0.916,0.917,0
2423457,-0.011,-0.018,0.891,0.891,0
2423462,0.027,-0.032,0.927,0.928,0
2423469,-0.042,0.050,1.493,1.495,0
2423474,-0.011,0.010,1.098,1.098,0
2423479,-0.006,0.082,0.897,0.900,0
2423484,0.007,0.076,0.803,0.807,0
2423489,-0.029,-0.066,0.946,0.949,0
2423494,0.087,-0.022,1.044,1.048,0
2423499,-0.004,-0.033,1.054,1.055,0
2423504,-0.038,0.032,1.074,1.076,0
2423511,-0.022,0.053,0.950,0.952,0
2423516,-0.049,-0.015,0.995,0.996,0
2423521,0.057,-0.041,0.935,0.938,0
2423526,0.037,-0.041,0.926,0.928,0
2423531,-0.023,-0.004,1.037,1.038,0
2423536,-0.016,0.025,1.045,1.045,0
2423541,-0.041,0.031,1.110,1.111,0
2423547,-0.023,0.023,0.993,0.993,0
2423553,0.002,-0.024,1.005,1.005,0
2423558,0.010,-0.027,0.988,0.988,0
2423563,-0.005,-0.017,0.992,0.992,0
2423568,-0.011,-0.000,1.003,1.003,0
2423573,-0.039,0.023,1.049,1.050,0
2423578,-0.014,-0.003,1.014,1.014,0
2423583,-0.001,-0.009,1.000,1.000,0
2423589,-0.006,-0.001,1.008,1.008,0
2423595,-0.006,0.003,1.013,1.013,0
2423600,-0.012,0.007,1.028,1.028,0
2423605,-0.020,0.007,1.023,1.023,0
2423610,-0.013,0.004,1.021,1.021,0
2423615,-0.005,-0.009,1.002,1.002,0
2423620,-0.006,-0.010,0.999,0.999,0
2423625,-0.008,-0.003,1.009,1.009,0
2423631,-0.019,0.004,1.029,1.029,0
2423636,-0.014,0.002,1.017,1.017,0
2423642,-0.008,0.000,1.004,1.004,0
2423647,-0.008,0.001,1.006,1.006,0
2423652,-0.009,0.001,1.012,1.012,0
2423657,-0.013,0.004,1.029,1.029,0
2423662,-0.017,0.005,1.023,1.023,0
2423667,-0.014,0.001,1.011,1.011,0
2423672,-0.011,-0.009,1.000,1.000,0
2423678,-0.006,-0.007,0.995,0.995,0
2423684,-0.008,-0.002,1.008,1.008,0
2423689,-0.019,0.006,1.035,1.035,0
2423694,-0.017,0.005,1.026,1.026,0
2423699,-0.014,0.005,1.008,1.008,0
2423704,-0.008,-0.002,0.998,0.998,0
2423709,-0.005,-0.004,1.001,1.001,0
2423714,-0.011,-0.002,1.023,1.023,0
2423720,-0.016,0.004,1.025,1.025,0
2423726,-0.014,0.003,1.018,1.018,0
2423731,-0.009,-0.004,0.998,0.998,0
2423736,-0.007,-0.007,0.994,0.994,0
2423741,-0.008,-0.003,1.006,1.006,0
2423746,-0.015,0.006,1.028,1.028,0
2423751,-0.017,0.009,1.035,1.035,0
2423756,-0.016,0.006,1.016,1.016,0
2423762,-0.011,-0.004,1.003,1.004,0
2423768,-0.009,-0.008,1.002,1.002,0
2423773,-0.010,-0.002,1.013,1.013,0
2423778,-0.013,0.002,1.027,1.027,0
2423783,-0.014,0.004,1.028,1.028,0
2423788,-0.011,0.002,1.008,1.008,0
2423793,-0.006,-0.002,0.999,0.999,0
2423798,-0.008,0.001,1.003,1.003,0
2423803,-0.009,0.003,1.018,1.018,0
2423810,-0.012,0.005,1.026,1.026,0
2423815,-0.012,0.002,1.023,1.023,0
2423820,-0.011,-0.003,1.009,1.009,0
2423825,-0.010,-0.004,1.003,1.003,0
2423830,-0.009,-0.005,1.004,1.004,0
2423835,-0.013,0.002,1.018,1.018,0
2423840,-0.014,0.002,1.025,1.025,0
2423845,-0.014,0.002,1.015,1.015,0
2423852,-0.013,0.002,1.007,1.007,0
2423857,-0.008,-0.000,0.998,0.998,0
2423862,-0.012,-0.002,1.008,1.008,0
2423867,-0.011,0.003,1.015,1.015,0
2423872,-0.014,0.004,1.023,1.023,0
2423877,-0.013,-0.000,1.012,1.012,0
2423882,-0.013,-0.003,1.006,1.006,0
2423887,-0.011,-0.004,1.003,1.003,0
2423894,-0.012,-0.001,1.012,1.012,0
2423899,-0.015,0.003,1.017,1.017,0
2423904,-0.012,0.004,1.023,1.023,0
2423909,-0.010,0.002,1.021,1.021,0
2423914,-0.011,-0.001,1.010,1.010,0
2423919,-0.011,-0.003,1.006,1.006,0
2423924,-0.010,-0.002,1.008,1.008,0
2423929,-0.012,0.001,1.019,1.019,0
2423936,-0.012,0.002,1.019,1.019,0
2423941,-0.011,0.001,1.014,1.014,0
2423946,-0.008,0.000,1.008,1.008,0
2423951,-0.007,-0.001,1.008,1.008,0
2423956,-0.011,0.002,1.015,1.016,0
2423961,-0.014,0.003,1.019,1.019,0
2423966,-0.013,0.003,1.019,1.019,0
2423971,-0.011,0.001,1.012,1.012,0
2423977,-0.010,-0.002,1.008,1.008,0
2423983,-0.011,-0.004,1.008,1.008,0
2423988,-0.009,-0.000,1.015,1.015,0
2423993,-0.013,0.003,1.018,1.018,0
2423998,-0.014,0.004,1.018,1.018,0
2424003,-0.011,-0.000,1.018,1.018,0
2424008,-0.008,0.000,1.011,1.011,0
2424013,-0.012,-0.003,1.007,1.007,0
2424019,-0.010,0.001,1.015,1.015,0
2424025,-0.014,0.002,1.020,1.020,0
2424030,-0.013,0.001,1.018,1.018,0
2424035,-0.010,-0.002,1.015,1.015,0
2424040,-0.011,-0.002,1.010,1.010,0
2424045,-0.012,-0.002,1.010,1.010,0
2424050,-0.013,0.001,1.016,1.016,0
2424055,-0.012,0.002,1.018,1.018,0
2424061,-0.013,0.003,1.018,1.018,0
2424067,-0.015,-0.000,1.012,1.012,0
2424072,-0.011,-0.000,1.012,1.012,0
2424077,-0.012,-0.002,1.013,1.013,0
2424082,-0.013,-0.001,1.014,1.014,0
2424087,-0.013,-0.000,1.020,1.020,0
2424092,-0.014,0.002,1.015,1.015,0
2424098,-0.013,-0.002,1.015,1.015,0
2424103,-0.008,0.001,1.008,1.008,0
2424109,-0.011,0.001,1.012,1.012,0
2424114,-0.011,-0.001,1.021,1.021,0
2424119,-0.011,-0.001,1.017,1.017,0
2424124,-0.011,-0.002,1.017,1.017,0
2424129,-0.011,-0.002,1.012,1.012,0
2424134,-0.010,-0.004,1.008,1.008,0
2424140,-0.010,-0.002,1.009,1.009,0
2424145,-0.011,0.005,1.017,1.017,0
2424151,-0.011,0.002,1.018,1.018,0
2424156,-0.011,0.000,1.019,1.019,0
2424161,-0.011,-0.000,1.008,1.008,0
2424166,-0.011,-0.001,1.007,1.007,0
2424171,-0.010,-0.002,1.012,1.012,0
2424176,-0.012,-0.000,1.014,1.014,0
2424182,-0.015,-0.000,1.014,1.014,0
2424187,-0.009,0.001,1.012,1.012,0
2424193,-0.011,-0.002,1.009,1.010,0
2424198,-0.010,-0.001,1.011,1.011,0
2424203,-0.010,0.001,1.013,1.013,0
2424208,-0.013,0.004,1.015,1.015,0
2424213,-0.014,0.002,1.016,1.016,0
2424218,-0.012,0.002,1.011,1.011,0
2424224,-0.011,0.002,1.012,1.012,0
2424229,-0.010,-0.000,1.012,1.012,0
2424235,-0.013,-0.000,1.013,1.013,0
2424240,-0.011,0.003,1.014,1.015,0
2424245,-0.015,0.003,1.015,1.015,0
2424250,-0.012,0.001,1.011,1.011,0
2424255,-0.010,-0.000,1.009,1.009,0
2424260,-0.011,-0.000,1.009,1.009,0
2424266,-0.010,0.002,1.014,1.014,0
2424271,-0.011,0.001,1.017,1.017,0
2424276,-0.015,0.001,1.015,1.015,0
2424282,-0.012,-0.000,1.010,1.010,0
2424287,-0.014,-0.001,1.011,1.011,0
2424292,-0.012,-0.001,1.014,1.014,0
2424297,-0.011,0.002,1.012,1.012,0
2424303,-0.011,0.001,1.014,1.014,0
2424308,-0.011,-0.001,1.015,1.015,0
2424313,-0.012,-0.002,1.012,1.012,0
2424318,-0.011,-0.002,1.013,1.013,0
2424324,-0.010,-0.002,1.015,1.015,0
2424329,-0.010,-0.001,1.014,1.014,0
2424334,-0.011,-0.000,1.018,1.018,0
2424339,-0.011,0.001,1.015,1.015,0
2424345,-0.010,-0.003,1.012,1.012,0
2424350,-0.012,-0.002,1.013,1.013,0
2424355,-0.009,-0.002,1.011,1.011,0
2424360,-0.012,0.000,1.015,1.015,0
2424366,-0.012,0.003,1.015,1.015,0
2424371,-0.011,0.001,1.015,1.015,0
2424376,-0.011,0.001,1.013,1.013,0
2424382,-0.012,0.000,1.011,1.011,0
2424387,-0.013,0.000,1.012,1.012,0
2424392,-0.012,0.000,1.016,1.016,0
2424397,-0.013,-0.000,1.017,1.017,0
2424402,-0.011,0.002,1.018,1.018,0
2424408,-0.012,-0.002,1.011,1.011,0
2424413,-0.013,-0.003,1.010,1.011,0
2424418,-0.012,0.003,1.014,1.014,0
2424424,-0.011,0.001,1.015,1.016,0
2424429,-0.014,0.001,1.017,1.017,0
2424434,-0.012,-0.000,1.013,1.013,0
2424439,-0.010,-0.001,1.010,1.010,0
2424444,-0.011,0.000,1.010,1.010,0
2424450,-0.013,0.001,1.013,1.013,0
2424455,-0.012,-0.001,1.013,1.013,0
2424460,-0.013,0.002,1.016,1.016,0
2424466,-0.013,0.002,1.014,1.014,0
2424471,-0.008,-0.002,1.012,1.012,0
2424476,-0.011,-0.001,1.011,1.011,0
2424481,-0.014,-0.001,1.013,1.013,0
2424486,-0.013,-0.001,1.014,1.014,0
2424492,-0.012,0.001,1.015,1.015,0
2424497,-0.011,0.002,1.011,1.011,0
2424503,-0.011,-0.003,1.009,1.009,0
2424508,-0.010,-0.002,1.013,1.013,0
2424513,-0.010,-0.000,1.016,1.016,0
2424518,-0.010,0.000,1.016,1.016,0
2424523,-0.012,-0.000,1.014,1.014,0
2424528,-0.012,0.002,1.014,1.014,0
2424534,-0.012,-0.001,1.008,1.008,0
2424539,-0.013,-0.000,1.011,1.011,0
2424545,-0.011,-0.000,1.012,1.012,0
2424550,-0.011,0.000,1.015,1.015,0
2424555,-0.011,0.000,1.012,1.012,0
2424560,-0.011,0.002,1.010,1.010,0
2424565,-0.011,-0.000,1.013,1.013,0
2424570,-0.013,0.000,1.015,1.015,0
2424576,-0.013,-0.001,1.014,1.014,0
2424581,-0.011,-0.001,1.014,1.015,0
2424587,-0.012,0.000,1.015,1.015,0
2424592,-0.010,-0.000,1.011,1.011,0
2424597,-0.012,-0.001,1.011,1.011,0
2424602,-0.011,0.002,1.013,1.013,0
2424607,-0.011,0.000,1.014,1.014,0
2424612,-0.009,0.000,1.015,1.015,0
2424617,-0.013,-0.001,1.016,1.016,0
2424623,-0.012,-0.002,1.016,1.016,0
2424629,-0.012,-0.001,1.013,1.013,0
2424634,-0.013,0.001,1.012,1.012,0
2424639,-0.012,0.001,1.014,1.014,0
2424644,-0.011,0.001,1.014,1.014,0
2424649,-0.015,0.001,1.015,1.015,0
2424654,-0.012,-0.001,1.013,1.013,0
2424659,-0.011,-0.002,1.013,1.013,0
2424665,-0.011,-0.002,1.013,1.013,0
2424671,-0.014,-0.000,1.011,1.011,0
2424676,-0.013,-0.000,1.013,1.013,0
2424681,-0.014,0.001,1.014,1.014,0
2424686,-0.013,-0.001,1.012,1.012,0
2424691,-0.012,-0.001,1.012,1.012,0
2424696,-0.013,0.003,1.014,1.015,0
2424701,-0.010,0.002,1.016,1.016,0
2424708,-0.013,0.002,1.014,1.014,0
2424713,-0.012,-0.003,1.013,1.013,0
2424718,-0.009,-0.003,1.012,1.012,0
2424723,-0.011,0.001,1.014,1.014,0
2424728,-0.011,0.001,1.013,1.013,0
2424733,-0.011,-0.002,1.009,1.009,0
2424738,-0.012,0.003,1.017,1.017,0
2424743,-0.011,0.001,1.013,1.013,0
2424750,-0.011,0.001,1.014,1.014,0
2424755,-0.011,-0.000,1.015,1.015,0
2424760,-0.012,0.001,1.015,1.015,0
2424765,-0.014,0.001,1.012,1.012,0
2424770,-0.012,0.001,1.013,1.013,0
2424775,-0.011,0.000,1.012,1.012,0
2424780,-0.008,0.000,1.014,1.014,0
2424785,-0.011,-0.001,1.011,1.011,0
2424792,-0.013,-0.001,1.013,1.013,0
2424797,-0.013,0.001,1.015,1.015,0
2424802,-0.014,0.001,1.017,1.017,0
2424807,-0.012,-0.001,1.015,1.015,0
2424812,-0.011,-0.002,1.013,1.013,0
2424817,-0.011,-0.002,1.011,1.011,0
2424822,-0.012,-0.002,1.014,1.014,0
2424828,-0.012,0.001,1.011,1.011,0
2424834,-0.015,-0.001,1.014,1.014,0
2424839,-0.010,-0.001,1.010,1.010,0
2424844,-0.010,0.000,1.010,1.010,0
2424849,-0.011,-0.000,1.014,1.014,0
2424854,-0.010,0.002,1.012,1.012,0
2424859,-0.009,0.001,1.013,1.013,0
2424864,-0.013,0.003,1.018,1.018,0
2424870,-0.014,-0.001,1.013,1.013,0
2424876,-0.012,-0.000,1.012,1.012,0
2424881,-0.012,0.001,1.012,1.012,0
2424886,-0.012,0.002,1.016,1.016,0
2424891,-0.014,0.003,1.012,1.012,0
2424896,-0.009,0.001,1.014,1.014,0
2424901,-0.011,-0.001,1.011,1.011,0
2424906,-0.012,0.000,1.012,1.012,0
2424912,-0.010,0.001,1.013,1.013,0
2424918,-0.011,-0.001,1.015,1.015,0
2424923,-0.011,-0.000,1.013,1.013,0
2424928,-0.013,-0.004,1.015,1.015,0
2424933,-0.011,-0.002,1.014,1.014,0
2424938,-0.011,0.002,1.012,1.012,0
2424943,-0.012,0.003,1.014,1.014,0
2424949,-0.011,0.002,1.015,1.015,0
2424954,-0.012,0.001,1.014,1.014,0
2424960,-0.014,0.001,1.013,1.013,0
2424965,-0.013,0.001,1.015,1.015,0
2424970,-0.014,-0.003,1.015,1.015,0
2424975,-0.014,-0.001,1.016,1.016,0
2424980,-0.014,0.001,1.015,1.015,0
2424985,-0.014,-0.002,1.013,1.013,0
2424991,-0.016,-0.002,1.015,1.015,0
2424996,-0.012,-0.000,1.013,1.013,0
2425001,-0.011,-0.001,1.015,1.015,0
2425007,-0.012,-0.001,1.017,1.017,0
2425012,-0.012,0.004,1.015,1.015,0
2425017,-0.010,0.002,1.016,1.016,0
2425022,-0.012,0.004,1.012,1.012,0
2425027,-0.011,0.000,1.014,1.014,0
2425033,-0.013,0.002,1.016,1.016,0
2425038,-0.014,0.004,1.012,1.012,0
2425043,-0.013,0.002,1.015,1.015,0
2425049,-0.012,0.001,1.015,1.015,0
2425054,-0.010,0.000,1.011,1.011,0
2425059,-0.011,0.001,1.012,1.012,0
2425064,-0.014,0.000,1.014,1.014,0
2425069,-0.013,0.001,1.013,1.013,0
2425075,-0.011,0.001,1.012,1.012,0
2425080,-0.014,0.000,1.011,1.011,0
2425085,-0.012,0.001,1.013,1.013,0
2425091,-0.011,0.002,1.017,1.017,0
2425096,-0.013,0.002,1.012,1.012,0
2425101,-0.010,0.001,1.009,1.009,0
2425106,-0.012,0.002,1.012,1.012,0
2425111,-0.012,-0.000,1.013,1.013,0
2425117,-0.011,-0.001,1.014,1.015,0
2425122,-0.013,0.000,1.013,1.013,0
2425127,-0.013,0.001,1.014,1.014,0
2425133,-0.013,-0.001,1.016,1.016,0
2425138,-0.017,0.001,1.014,1.014,0
2425143,-0.011,0.000,1.016,1.016,0
2425148,-0.011,0.000,1.013,1.013,0
2425154,-0.008,0.002,1.015,1.015,0
2425159,-0.014,-0.001,1.013,1.013,0
2425164,-0.014,0.001,1.014,1.014,0
2425169,-0.011,0.000,1.011,1.011,0
2425175,-0.012,-0.002,1.012,1.012,0
2425180,-0.012,-0.000,1.014,1.014,0
2425185,-0.009,0.001,1.012,1.012,0
2425190,-0.013,0.001,1.015,1.015,0
2425196,-0.009,0.002,1.012,1.012,0
2425201,-0.011,-0.000,1.012,1.012,0
2425206,-0.013,-0.001,1.014,1.014,0
2425211,-0.011,0.000,1.017,1.017,0
2425217,-0.012,-0.000,1.015,1.015,0
2425222,-0.012,-0.001,1.015,1.015,0
2425227,-0.010,0.001,1.013,1.013,0
2425232,-0.012,0.000,1.016,1.016,0
2425238,-0.011,0.003,1.014,1.014,0
2425243,-0.011,0.001,1.014,1.014,0
2425248,-0.013,0.001,1.015,1.015,0
2425253,-0.009,-0.001,1.014,1.014,0
2425259,-0.008,-0.000,1.012,1.012,0
2425264,-0.010,-0.001,1.013,1.013,0
2425269,-0.012,0.001,1.014,1.014,0
2425274,-0.012,-0.002,1.015,1.015,0
2425280,-0.011,-0.002,1.015,1.015,0
2425285,-0.013,0.003,1.013,1.013,0
2425290,-0.012,0.001,1.012,1.012,0
2425295,-0.011,-0.001,1.014,1.014,0
2425300,-0.014,-0.000,1.014,1.014,0
2425306,-0.013,-0.002,1.009,1.009,0
2425311,-0.011,0.003,1.011,1.011,0
2425317,-0.012,0.000,1.013,1.013,0
2425322,-0.010,0.002,1.012,1.012,0
2425327,-0.011,0.000,1.014,1.014,0
2425332,-0.010,-0.000,1.013,1.013,0
2425337,-0.010,0.001,1.015,1.015,0
2425342,-0.011,-0.002,1.013,1.013,0
2425348,-0.011,-0.002,1.017,1.017,0
2425353,-0.011,0.001,1.011,1.011,0
2425359,-0.011,0.001,1.012,1.012,0
2425364,-0.009,0.001,1.015,1.015,0
2425369,-0.014,-0.001,1.014,1.014,0
2425374,-0.015,-0.001,1.018,1.018,0
2425379,-0.013,-0.001,1.017,1.017,0
2425384,-0.011,0.001,1.016,1.016,0
2425390,-0.010,-0.000,1.015,1.015,0
2425395,-0.010,0.001,1.010,1.010,0
2425401,-0.010,-0.000,1.011,1.011,0
2425406,-0.010,-0.001,1.012,1.012,0
2425411,-0.014,0.000,1.014,1.014,0
2425416,-0.012,-0.001,1.011,1.011,0
2425421,-0.010,-0.003,1.013,1.013,0
2425426,-0.010,-0.002,1.014,1.014,0
2425432,-0.010,-0.000,1.014,1.014,0
2425437,-0.013,-0.001,1.011,1.012,0
2425443,-0.011,-0.002,1.011,1.011,0
2425448,-0.012,-0.002,1.013,1.013,0
2425453,-0.014,-0.001,1.012,1.012,0
2425458,-0.014,-0.004,1.012,1.012,0
2425463,-0.014,-0.002,1.010,1.010,0
2425468,-0.014,0.001,1.012,1.012,0
2425474,-0.012,-0.000,1.015,1.015,0
2425480,-0.011,-0.001,1.015,1.015,0
2425485,-0.011,-0.002,1.012,1.012,0
2425490,-0.013,0.000,1.013,1.013,0
2425495,-0.011,-0.002,1.014,1.014,0
2425500,-0.012,-0.001,1.017,1.017,0
2425505,-0.014,0.000,1.013,1.013,0
2425510,-0.011,0.001,1.014,1.014,0
2425517,-0.011,-0.002,1.015,1.015,0
2425522,-0.012,0.001,1.013,1.013,0
2425527,-0.013,0.003,1.013,1.013,0
2425532,-0.013,0.002,1.014,1.014,0
2425537,-0.014,0.004,1.011,1.011,0
2425542,-0.013,0.002,1.012,1.012,0
2425547,-0.013,-0.001,1.015,1.015,0
2425552,-0.011,-0.000,1.014,1.014,0
2425559,-0.011,-0.002,1.013,1.013,0
2425564,-0.010,-0.001,1.012,1.012,0
2425569,-0.012,-0.001,1.015,1.015,0
2425574,-0.012,-0.002,1.015,1.015,0
2425579,-0.013,-0.001,1.014,1.015,0
2425584,-0.009,-0.000,1.015,1.015,0
2425589,-0.012,-0.001,1.012,1.012,0
2425595,-0.014,0.002,1.014,1.014,0
2425601,-0.012,0.002,1.014,1.014,0
2425606,-0.012,0.002,1.009,1.009,0
2425611,-0.013,-0.001,1.009,1.009,0
2425616,-0.009,0.000,1.012,1.012,0
2425621,-0.014,0.000,1.007,1.007,0
2425626,-0.014,-0.001,1.009,1.009,0
2425631,-0.014,0.003,1.013,1.013,0
2425636,-0.012,0.001,1.015,1.016,0
2425643,-0.012,0.000,1.011,1.011,0
2425648,-0.011,0.000,1.014,1.014,0
2425653,-0.010,0.001,1.015,1.016,0
2425658,-0.010,0.002,1.016,1.016,0
2425663,-0.013,-0.002,1.012,1.012,0
2425668,-0.012,-0.002,1.013,1.013,0
2425673,-0.014,0.001,1.014,1.014,0
2425679,-0.012,0.001,1.011,1.011,0
2425684,-0.013,0.003,1.018,1.018,0
2425690,-0.014,0.003,1.015,1.015,0
2425695,-0.014,0.001,1.011,1.012,0
2425700,-0.010,-0.002,1.011,1.011,0
2425705,-0.013,0.000,1.013,1.013,0
2425710,-0.014,0.001,1.017,1.017,0
2425715,-0.012,0.002,1.017,1.017,0
2425721,-0.013,-0.001,1.013,1.013,0
2425726,-0.012,-0.002,1.010,1.010,0
2425732,-0.013,-0.001,1.011,1.012,0
2425737,-0.013,-0.000,1.011,1.011,0
2425742,-0.013,0.001,1.012,1.012,0
2425747,-0.012,0.001,1.014,1.014,0
2425752,-0.012,-0.004,1.015,1.015,0
2425758,-0.010,0.001,1.013,1.013,0
2425763,-0.011,-0.001,1.011,1.011,0
2425768,-0.011,0.002,1.012,1.012,0
2425774,-0.013,0.000,1.008,1.008,0
2425779,-0.012,0.001,1.013,1.013,0
2425784,-0.010,-0.002,1.014,1.015,0
2425789,-0.012,0.001,1.014,1.014,0
2425794,-0.011,0.001,1.015,1.015,0
2425800,-0.010,0.001,1.018,1.018,0
2425805,-0.008,0.001,1.011,1.011,0
2425810,-0.010,0.002,1.012,1.012,0
2425816,-0.012,0.002,1.011,1.011,0
2425821,-0.011,0.002,1.010,1.010,0
2425826,-0.012,-0.000,1.013,1.013,0
2425831,-0.012,0.002,1.012,1.012,0
2425836,-0.012,0.002,1.015,1.015,0
2425842,-0.010,0.002,1.012,1.012,0
2425847,-0.012,0.001,1.012,1.012,0
2425852,-0.013,0.001,1.013,1.013,0
2425858,-0.011,0.001,1.013,1.013,0
2425863,-0.013,0.001,1.013,1.013,0
2425868,-0.014,-0.001,1.018,1.018,0
2425873,-0.007,0.001,1.017,1.017,0
2425878,-0.011,0.000,1.013,1.013,0
2425884,-0.012,-0.000,1.011,1.012,0
2425889,-0.014,-0.001,1.016,1.016,0
2425894,-0.012,-0.001,1.013,1.013,0
2425900,-0.012,-0.000,1.011,1.012,0
2425905,-0.012,0.001,1.010,1.011,0
2425910,-0.012,-0.001,1.012,1.012,0
2425915,-0.013,0.001,1.011,1.011,0
2425920,-0.012,-0.000,1.013,1.013,0
2425926,-0.010,0.001,1.012,1.012,0
2425931,-0.008,0.001,1.014,1.014,0
2425936,-0.011,0.001,1.012,1.012,0
2425942,-0.012,0.001,1.014,1.014,0
2425947,-0.012,0.002,1.015,1.015,0
2425952,-0.012,0.000,1.014,1.014,0
2425957,-0.009,0.001,1.017,1.017,0
2425962,-0.011,0.001,1.016,1.016,0
2425968,-0.014,-0.001,1.019,1.019,0
2425973,-0.011,-0.003,1.016,1.016,0
2425978,-0.009,-0.000,1.013,1.013,0
2425984,-0.009,-0.002,1.012,1.012,0
2425989,-0.010,0.002,1.014,1.015,0
2425994,-0.011,0.002,1.014,1.014,0
2425999,-0.011,0.001,1.011,1.011,0
2426005,-0.011,-0.000,1.013,1.013,0
2426010,-0.013,0.000,1.013,1.013,0
2426015,-0.010,0.000,1.015,1.015,0
2426020,-0.010,0.001,1.015,1.015,0
2426025,-0.009,-0.002,1.016,1.016,0
2426031,-0.010,-0.000,1.015,1.015,0
2426036,-0.008,-0.003,1.015,1.015,0
2426041,-0.014,-0.003,1.015,1.015,0
2426047,-0.013,-0.000,1.013,1.013,0
2426052,-0.014,0.001,1.013,1.013,0
2426057,-0.011,-0.001,1.014,1.014,0
2426062,-0.013,0.001,1.013,1.013,0
2426067,-0.014,0.002,1.010,1.011,0
2426073,-0.013,-0.001,1.012,1.012,0
2426078,-0.015,0.001,1.013,1.013,0
2426083,-0.013,0.000,1.012,1.012,0
2426089,-0.011,-0.000,1.011,1.011,0
2426094,-0.010,-0.000,1.012,1.012,0
2426099,-0.011,0.000,1.011,1.011,0
2426104,-0.011,0.000,1.013,1.013,0
2426109,-0.010,0.002,1.014,1.014,0
2426115,-0.009,0.002,1.011,1.011,0
2426120,-0.010,0.000,1.013,1.013,0
2426126,-0.009,0.001,1.015,1.015,0
2426131,-0.011,0.000,1.014,1.014,0
2426136,-0.013,0.002,1.014,1.014,0
2426141,-0.012,0.001,1.013,1.013,0
2426146,-0.012,0.000,1.012,1.012,0
2426151,-0.012,0.001,1.012,1.012,0
2426157,-0.015,0.001,1.015,1.016,0
2426162,-0.011,-0.001,1.014,1.014,0
2426168,-0.010,-0.002,1.014,1.014,0
2426173,-0.013,-0.003,1.012,1.012,0
2426178,-0.012,-0.000,1.017,1.017,0
2426183,-0.013,-0.001,1.014,1.014,0
2426188,-0.010,-0.001,1.010,1.010,0
2426193,-0.013,0.000,1.012,1.012,0
2426199,-0.014,0.000,1.013,1.013,0
2426204,-0.013,0.002,1.011,1.012,0
2426210,-0.012,0.002,1.017,1.017,0
2426215,-0.011,0.001,1.017,1.017,0
2426220,-0.014,-0.004,1.014,1.014,0
2426225,-0.014,0.001,1.013,1.013,0
2426230,-0.014,-0.001,1.011,1.011,0
2426235,-0.012,0.001,1.014,1.014,0
2426241,-0.011,0.002,1.014,1.014,0
2426247,-0.008,0.002,1.015,1.015,0
2426252,-0.012,0.002,1.013,1.013,0
2426257,-0.013,0.002,1.012,1.012,0
2426262,-0.014,0.004,1.013,1.013,0
2426267,-0.012,-0.000,1.013,1.013,0
2426272,-0.012,-0.001,1.011,1.011,0
2426277,-0.012,0.002,1.014,1.014,0
2426283,-0.011,-0.000,1.014,1.015,0
2426289,-0.013,0.001,1.014,1.015,0
2426294,-0.010,-0.000,1.014,1.014,0
2426299,-0.013,0.000,1.015,1.015,0
2426304,-0.012,-0.000,1.014,1.014,0
2426309,-0.011,-0.001,1.012,1.012,0
2426314,-0.013,0.001,1.013,1.013,0
2426319,-0.011,0.001,1.013,1.013,0
2426324,-0.014,-0.001,1.015,1.015,0
2426331,-0.015,0.001,1.015,1.015,0
2426336,-0.013,-0.001,1.017,1.017,0
2426341,-0.014,0.001,1.014,1.015,0
2426346,-0.011,0.002,1.014,1.014,0
2426351,-0.012,0.000,1.018,1.018,0
2426356,-0.012,0.001,1.014,1.014,0
2426361,-0.010,0.003,1.011,1.011,0
2426368,-0.013,-0.001,1.010,1.010,0
2426373,-0.011,-0.002,1.011,1.011,0
2426378,-0.011,-0.002,1.014,1.014,0
2426383,-0.012,-0.002,1.014,1.014,0
2426388,-0.012,-0.000,1.014,1.014,0
2426393,-0.012,0.000,1.011,1.011,0
2426398,-0.010,0.001,1.013,1.013,0
2426403,-0.014,-0.000,1.011,1.011,0
2426409,-0.011,0.002,1.013,1.013,0
2426415,-0.013,0.001,1.013,1.013,0
2426420,-0.013,-0.001,1.012,1.012,0
2426425,-0.012,-0.002,1.012,1.012,0
2426430,-0.014,-0.002,1.014,1.014,0
2426435,-0.013,-0.000,1.013,1.013,0
2426440,-0.013,-0.000,1.012,1.012,0
2426445,-0.013,-0.003,1.013,1.013,0
2426451,-0.010,-0.001,1.015,1.016,0
2426457,-0.010,-0.002,1.015,1.015,0
2426462,-0.009,-0.000,1.013,1.013,0
2426467,-0.010,0.002,1.009,1.009,0
2426472,-0.013,0.000,1.012,1.012,0
2426477,-0.009,0.002,1.012,1.012,0
2426482,-0.010,0.000,1.013,1.013,0
2426487,-0.010,-0.000,1.013,1.013,0
2426493,-0.012,-0.001,1.012,1.012,0
2426499,-0.012,-0.001,1.013,1.013,0
2426504,-0.012,-0.001,1.013,1.013,0
2426509,-0.009,-0.001,1.012,1.012,0
2426514,-0.013,0.001,1.015,1.015,0
2426519,-0.010,-0.001,1.018,1.018,0
2426524,-0.009,0.001,1.014,1.014,0
2426529,-0.010,0.004,1.014,1.014,0
2426535,-0.012,0.000,1.015,1.015,0
2426541,-0.013,-0.001,1.013,1.013,0
2426546,-0.012,0.002,1.013,1.013,0
2426551,-0.009,0.001,1.015,1.015,0
2426556,-0.011,-0.002,1.010,1.010,0
2426561,-0.012,-0.001,1.014,1.014,0
2426566,-0.010,-0.001,1.015,1.015,0
2426572,-0.009,-0.001,1.014,1.014,0
2426577,-0.009,0.001,1.013,1.013,0
2426583,-0.012,0.003,1.013,1.013,0
2426588,-0.011,0.001,1.013,1.013,0
2426593,-0.011,0.001,1.012,1.012,0
2426598,-0.011,0.001,1.015,1.015,0
2426603,-0.011,0.001,1.013,1.013,0
2426608,-0.014,-0.000,1.018,1.018,0
2426614,-0.011,0.001,1.012,1.012,0
2426619,-0.012,-0.000,1.014,1.014,0
2426625,-0.010,0.001,1.011,1.011,0
2426630,-0.011,0.002,1.014,1.014,0
2426635,-0.013,0.003,1.014,1.014,0
2426640,-0.011,0.001,1.018,1.018,0
2426645,-0.014,-0.001,1.014,1.014,0
2426650,-0.013,-0.000,1.017,1.017,0
2426656,-0.013,0.001,1.012,1.012,0
2426661,-0.011,-0.001,1.013,1.013,0
2426667,-0.012,-0.002,1.010,1.010,0
2426672,-0.012,-0.002,1.016,1.016,0
2426677,-0.012,-0.001,1.018,1.018,0
2426682,-0.013,-0.000,1.013,1.013,0
2426687,-0.012,0.002,1.012,1.012,0
2426693,-0.014,-0.002,1.015,1.015,0
2426698,-0.012,-0.001,1.011,1.011,0
2426703,-0.013,0.002,1.014,1.014,0
2426708,-0.012,0.001,1.015,1.015,0
2426714,-0.013,0.000,1.014,1.014,0
2426719,-0.014,0.000,1.014,1.014,0
2426724,-0.012,-0.001,1.014,1.014,0
2426729,-0.014,-0.000,1.011,1.011,0
2426735,-0.012,0.000,1.012,1.012,0
2426740,-0.012,0.001,1.014,1.014,0
2426745,-0.011,0.003,1.015,1.015,0
2426750,-0.012,0.002,1.013,1.013,0
2426756,-0.012,-0.003,1.013,1.013,0
2426761,-0.010,-0.001,1.011,1.011,0
2426766,-0.009,0.003,1.012,1.012,0
2426771,-0.013,0.003,1.009,1.009,0
2426777,-0.013,0.002,1.011,1.011,0
2426782,-0.012,0.001,1.012,1.012,0
2426787,-0.010,0.002,1.013,1.013,0
2426792,-0.011,0.002,1.016,1.016,0
2426798,-0.015,0.003,1.010,1.010,0
2426803,-0.012,-0.000,1.014,1.014,0
2426808,-0.012,0.003,1.015,1.015,0
2426813,-0.011,0.000,1.014,1.014,0
2426819,-0.011,0.000,1.013,1.013,0
2426824,-0.011,-0.003,1.015,1.015,0
2426829,-0.014,0.001,1.012,1.012,0
2426834,-0.011,0.001,1.011,1.011,0
2426840,-0.011,0.002,1.015,1.015,0
2426845,-0.012,0.001,1.014,1.014,0
2426850,-0.012,0.001,1.016,1.016,0
2426856,-0.012,-0.001,1.012,1.012,0
2426861,-0.011,0.002,1.013,1.013,0
2426866,-0.011,-0.001,1.011,1.011,0
2426871,-0.010,-0.000,1.013,1.013,0
2426876,-0.010,-0.001,1.011,1.011,0
2426882,-0.013,0.000,1.011,1.011,0
2426887,-0.011,-0.001,1.013,1.013,0
2426892,-0.010,0.001,1.014,1.014,0
2426898,-0.014,0.001,1.010,1.010,0
2426903,-0.013,0.001,1.013,1.013,0
2426908,-0.014,0.003,1.014,1.014,0
2426913,-0.012,0.000,1.016,1.016,0
2426918,-0.012,0.000,1.013,1.013,0
2426924,-0.010,-0.001,1.014,1.014,0
2426929,-0.013,-0.000,1.014,1.014,0
2426934,-0.014,0.002,1.015,1.015,0
2426940,-0.013,0.003,1.012,1.012,0
2426945,-0.010,0.002,1.017,1.017,0
2426950,-0.013,0.002,1.017,1.017,0
2426955,-0.014,0.001,1.011,1.011,0
2426960,-0.015,0.000,1.012,1.012,0
2426966,-0.011,-0.001,1.014,1.014,0
2426971,-0.015,0.002,1.013,1.013,0
2426977,-0.013,-0.001,1.012,1.012,0
2426982,-0.012,0.001,1.013,1.013,0
2426987,-0.009,0.001,1.013,1.013,0
2426992,-0.009,-0.001,1.014,1.014,0
2426997,-0.011,-0.000,1.012,1.012,0
2427002,-0.011,0.002,1.016,1.016,0
2427008,-0.011,0.000,1.012,1.012,0
2427013,-0.011,0.000,1.013,1.013,0
2427019,-0.010,-0.002,1.015,1.015,0
2427024,-0.011,0.001,1.014,1.014,0
2427029,-0.016,-0.001,1.014,1.015,0
2427034,-0.014,-0.000,1.014,1.014,0
2427039,-0.012,0.000,1.014,1.014,0
2427044,-0.012,0.001,1.014,1.014,0
2427049,-0.011,-0.000,1.011,1.011,0
2427055,-0.012,-0.001,1.012,1.012,0
2427061,-0.014,-0.000,1.011,1.011,0
2427066,-0.014,0.000,1.014,1.014,0
2427071,-0.014,0.001,1.014,1.014,0
2427076,-0.015,0.002,1.014,1.015,0
2427081,-0.015,0.001,1.014,1.014,0
2427086,-0.011,0.001,1.014,1.014,0
2427091,-0.011,-0.001,1.013,1.013,0
2427097,-0.010,0.001,1.013,1.013,0
2427103,-0.013,0.003,1.012,1.012,0
2427108,-0.012,-0.001,1.012,1.012,0
2427113,-0.011,-0.001,1.011,1.011,0
2427118,-0.010,-0.000,1.014,1.014,0
2427123,-0.010,-0.001,1.012,1.012,0
2427128,-0.011,0.000,1.013,1.013,0
2427133,-0.012,0.002,1.010,1.010,0
2427140,-0.010,-0.001,1.011,1.011,0
2427145,-0.011,-0.000,1.012,1.012,0
2427150,-0.012,0.001,1.011,1.011,0
2427155,-0.011,0.000,1.013,1.013,0
2427160,-0.012,0.001,1.014,1.014,0
2427165,-0.012,-0.000,1.011,1.011,0
2427170,-0.012,-0.000,1.011,1.011,0
2427175,-0.012,-0.000,1.013,1.013,0
2427182,-0.012,-0.001,1.011,1.011,0
2427187,-0.009,-0.002,1.014,1.014,0
2427192,-0.011,-0.002,1.014,1.014,0
2427197,-0.011,-0.003,1.014,1.014,0
2427202,-0.012,0.001,1.010,1.010,0
2427207,-0.013,0.002,1.010,1.010,0
2427212,-0.013,0.001,1.014,1.014,0
2427217,-0.011,0.001,1.011,1.011,0
2427224,-0.013,0.003,1.013,1.013,0
2427229,-0.013,0.000,1.014,1.014,0
2427234,-0.011,0.000,1.016,1.016,0
2427239,-0.012,-0.001,1.015,1.015,0
2427244,-0.013,-0.001,1.014,1.014,0
2427249,-0.012,-0.000,1.016,1.016,0
2427254,-0.014,-0.001,1.017,1.017,0
2427260,-0.012,0.000,1.013,1.013,0
2427266,-0.011,0.002,1.013,1.013,0
2427271,-0.011,0.000,1.015,1.015,0
2427276,-0.013,0.000,1.014,1.014,0
2427281,-0.013,0.001,1.013,1.013,0
2427286,-0.010,-0.001,1.011,1.011,0
2427291,-0.011,-0.001,1.011,1.011,0
2427296,-0.011,0.001,1.015,1.015,0
2427302,-0.008,0.001,1.014,1.014,0
2427308,-0.013,0.003,1.014,1.014,0
2427313,-0.013,-0.001,1.017,1.017,0
2427318,-0.013,-0.002,1.015,1.015,0
2427323,-0.012,-0.001,1.014,1.014,0
2427328,-0.014,0.001,1.012,1.012,0
2427333,-0.015,-0.001,1.016,1.016,0
2427338,-0.013,0.000,1.012,1.012,0
2427344,-0.013,-0.001,1.016,1.016,0
2427350,-0.012,-0.000,1.012,1.012,0
2427355,-0.013,-0.001,1.013,1.013,0
2427360,-0.013,-0.001,1.014,1.014,0
2427365,-0.013,-0.001,1.013,1.013,0
2427370,-0.013,0.003,1.014,1.014,0
2427375,-0.011,0.003,1.012,1.012,0
2427381,-0.013,0.002,1.011,1.012,0
2427386,-0.013,0.001,1.012,1.012,0
2427392,-0.012,0.001,1.014,1.014,0
2427397,-0.014,0.001,1.014,1.015,0
2427402,-0.013,-0.001,1.011,1.011,0
2427407,-0.014,-0.000,1.012,1.012,0
2427412,-0.012,0.002,1.012,1.012,0
2427417,-0.012,-0.001,1.010,1.010,0
2427423,-0.014,-0.000,1.014,1.014,0
2427428,-0.010,0.000,1.015,1.015,0
2427433,-0.010,0.000,1.014,1.014,0
2427439,-0.011,0.001,1.016,1.016,0
2427444,-0.010,-0.002,1.010,1.011,0
2427449,-0.010,-0.001,1.013,1.013,0
2427454,-0.011,-0.001,1.013,1.013,0
2427459,-0.011,0.001,1.013,1.013,0
2427465,-0.012,0.000,1.013,1.013,0
2427470,-0.011,0.000,1.013,1.013,0
2427475,-0.010,0.002,1.015,1.015,0
2427481,-0.012,-0.000,1.013,1.013,0
2427486,-0.011,0.000,1.012,1.012,0
2427491,-0.011,0.000,1.014,1.014,0
2427496,-0.011,-0.001,1.013,1.013,0
2427501,-0.010,0.002,1.013,1.013,0
2427507,-0.010,0.001,1.009,1.009,0
2427512,-0.010,0.000,1.010,1.010,0
2427517,-0.011,-0.000,1.014,1.014,0
2427523,-0.011,0.001,1.016,1.016,0
2427528,-0.012,-0.000,1.014,1.014,0
2427533,-0.012,0.002,1.014,1.014,0
2427538,-0.012,0.001,1.012,1.012,0
2427543,-0.011,-0.000,1.012,1.012,0
2427549,-0.013,0.001,1.016,1.016,0
2427554,-0.013,0.001,1.012,1.012,0
2427559,-0.013,0.003,1.018,1.018,0
2427565,-0.014,0.000,1.012,1.012,0
2427570,-0.012,-0.002,1.014,1.015,0
2427575,-0.009,-0.002,1.007,1.007,0
2427580,-0.011,-0.003,1.007,1.007,0
2427586,-0.012,-0.002,1.016,1.016,0
2427591,-0.011,-0.001,1.013,1.013,0
2427596,-0.013,-0.000,1.014,1.014,0
2427601,-0.012,-0.002,1.016,1.016,0
2427607,-0.011,0.002,1.016,1.016,0
2427612,-0.014,-0.003,1.016,1.016,0
2427617,-0.015,0.001,1.013,1.013,0
2427622,-0.012,-0.001,1.012,1.012,0
2427628,-0.011,0.001,1.015,1.015,0
2427633,-0.010,0.003,1.016,1.016,0
2427638,-0.012,-0.001,1.015,1.015,0
2427643,-0.012,-0.003,1.011,1.011,0
2427649,-0.013,0.003,1.015,1.015,0
2427654,-0.012,0.002,1.014,1.014,0
2427659,-0.014,0.001,1.012,1.012,0
2427665,-0.013,0.003,1.014,1.014,0
2427670,-0.011,0.005,1.013,1.013,0
2427675,-0.012,-0.002,1.014,1.014,0
2427680,-0.013,-0.000,1.014,1.014,0
2427685,-0.013,-0.001,1.015,1.015,0
2427691,-0.013,-0.000,1.015,1.015,0
2427696,-0.013,0.002,1.012,1.012,0
2427701,-0.011,0.005,1.014,1.014,0
2427707,-0.013,0.002,1.011,1.011,0
2427712,-0.012,0.001,1.014,1.014,0
2427717,-0.014,-0.001,1.015,1.015,0
2427722,-0.015,-0.000,1.015,1.015,0
2427727,-0.012,-0.001,1.015,1.015,0
2427732,-0.011,-0.000,1.010,1.010,0
2427738,-0.010,0.003,1.014,1.014,0
2427744,-0.011,0.001,1.013,1.013,0
2427749,-0.010,-0.001,1.015,1.015,0
2427754,-0.011,-0.000,1.014,1.014,0
2427759,-0.010,0.000,1.015,1.015,0
2427764,-0.011,0.002,1.013,1.013,0
2427769,-0.012,-0.002,1.013,1.013,0
2427774,-0.011,-0.000,1.016,1.016,0
2427780,-0.014,-0.000,1.012,1.012,0
2427786,-0.014,0.000,1.012,1.012,0
2427791,-0.012,-0.000,1.016,1.016,0
2427796,-0.012,-0.003,1.013,1.013,0
2427801,-0.011,-0.001,1.016,1.016,0
2427806,-0.011,-0.000,1.015,1.015,0
2427811,-0.013,0.001,1.014,1.014,0
2427816,-0.014,0.001,1.015,1.015,0
2427822,-0.012,-0.001,1.014,1.014,0
2427828,-0.012,0.000,1.016,1.016,0
2427833,-0.013,-0.001,1.016,1.016,0
2427838,-0.014,-0.001,1.014,1.014,0
2427843,-0.012,-0.002,1.015,1.015,0
2427848,-0.010,0.000,1.014,1.014,0
2427853,-0.012,-0.000,1.013,1.013,0
2427858,-0.012,0.003,1.015,1.015,0
2427864,-0.011,0.000,1.016,1.016,0
2427870,-0.011,-0.000,1.017,1.017,0
2427875,-0.014,0.002,1.013,1.013,0
2427880,-0.011,-0.001,1.015,1.015,0
2427885,-0.013,-0.001,1.017,1.017,0
2427890,-0.012,-0.002,1.019,1.019,0
2427895,-0.011,-0.002,1.014,1.014,0
2427900,-0.011,0.001,1.014,1.014,0
2427907,-0.011,0.000,1.015,1.016,0
2427912,-0.010,-0.001,1.014,1.014,0
2427917,-0.012,-0.001,1.014,1.014,0
2427922,-0.012,-0.001,1.013,1.013,0
2427927,-0.010,-0.002,1.013,1.013,0
2427932,-0.010,-0.000,1.013,1.013,0
2427937,-0.010,-0.001,1.015,1.016,0
2427942,-0.012,-0.001,1.013,1.013,0
2427949,-0.011,0.002,1.013,1.013,0
2427954,-0.011,-0.001,1.013,1.013,0
2427959,-0.011,-0.001,1.011,1.011,0
2427964,-0.012,-0.000,1.011,1.011,0
2427969,-0.012,0.001,1.011,1.011,0
2427974,-0.011,0.002,1.014,1.014,0
2427979,-0.013,-0.001,1.014,1.014,0
2427985,-0.013,-0.001,1.013,1.013,0
2427991,-0.012,0.002,1.013,1.013,0
2427996,-0.011,0.000,1.013,1.013,0
2428001,-0.011,0.000,1.010,1.010,0
2428006,-0.012,0.000,1.012,1.012,0
2428011,-0.014,-0.001,1.013,1.013,0
2428016,-0.010,0.001,1.011,1.011,0
2428021,-0.012,0.000,1.014,1.014,0
2428027,-0.010,-0.000,1.013,1.013,0
2428033,-0.010,-0.003,1.013,1.013,0
2428038,-0.011,-0.000,1.011,1.011,0
2428043,-0.012,0.001,1.011,1.011,0
2428048,-0.012,0.001,1.009,1.009,0
2428053,-0.011,0.001,1.012,1.012,0
2428058,-0.013,0.002,1.011,1.011,0
2428063,-0.012,0.000,1.012,1.012,0
2428069,-0.011,-0.000,1.014,1.014,0
2428075,-0.011,-0.000,1.015,1.016,0
2428080,-0.012,0.003,1.015,1.015,0
2428085,-0.010,0.001,1.014,1.014,0
2428090,-0.014,0.000,1.014,1.014,0
2428095,-0.012,0.000,1.014,1.014,0
2428100,-0.012,-0.000,1.011,1.011,0
2428105,-0.010,0.003,1.014,1.014,0
2428111,-0.010,0.001,1.013,1.013,0
2428116,-0.010,0.002,1.011,1.011,0
2428122,-0.013,0.002,1.014,1.014,0
2428127,-0.013,-0.000,1.016,1.016,0
2428132,-0.013,0.002,1.015,1.015,0
2428137,-0.011,0.001,1.013,1.013,0
2428142,-0.009,-0.000,1.015,1.015,0
2428147,-0.008,0.001,1.012,1.012,0
2428153,-0.009,0.001,1.015,1.015,0
2428158,-0.011,0.003,1.015,1.015,0
2428164,-0.013,-0.000,1.015,1.015,0
2428169,-0.014,0.002,1.016,1.017,0
2428174,-0.013,0.001,1.015,1.015,0
2428179,-0.012,-0.001,1.013,1.013,0
2428184,-0.011,-0.001,1.011,1.011,0
2428190,-0.011,-0.001,1.015,1.015,0
2428195,-0.012,0.002,1.014,1.014,0
2428200,-0.015,0.004,1.014,1.014,0
2428206,-0.011,0.000,1.015,1.016,0
2428211,-0.007,0.001,1.014,1.015,0
2428216,-0.011,-0.001,1.014,1.014,0
2428221,-0.011,-0.002,1.011,1.011,0
2428226,-0.011,0.001,1.012,1.012,0
2428232,-0.011,0.001,1.013,1.013,0
2428237,-0.011,0.001,1.015,1.015,0
2428242,-0.010,0.001,1.016,1.016,0
2428248,-0.012,0.000,1.014,1.014,0
2428253,-0.012,0.002,1.011,1.011,0
2428258,-0.013,0.002,1.012,1.012,0
2428263,-0.013,-0.001,1.014,1.014,0
2428269,-0.015,0.002,1.014,1.014,0
2428274,-0.012,0.003,1.012,1.012,0
2428279,-0.012,0.002,1.014,1.014,0
2428284,-0.012,0.001,1.012,1.012,0
2428290,-0.012,0.003,1.013,1.013,0
2428295,-0.012,0.000,1.013,1.013,0
2428300,-0.009,-0.001,1.013,1.013,0
2428305,-0.012,-0.001,1.013,1.013,0
2428311,-0.012,0.001,1.012,1.012,0
2428316,-0.015,-0.000,1.014,1.015,0
2428321,-0.011,0.000,1.014,1.014,0
2428326,-0.008,0.003,1.012,1.012,0
2428332,-0.009,0.001,1.015,1.015,0

Bai 5 dung. Gui '0' de ve menu.
