# Time_ms,Roll_Accel,Pitch_Accel,Roll_Gyro,Pitch_Gyro,Yaw_Gyro,Roll_KF,Pitch_KF,Yaw_KF
0,0.50,0.49,-0.00,0.00,0.00,-0.00,0.00,0.00
10,-0.15,0.32,-0.00,-0.00,0.00,-0.00,-0.00,0.00
20,-0.10,-0.56,0.00,-0.00,-0.00,0.00,-0.00,-0.00
30,-0.13,0.16,0.00,-0.00,-0.00,0.00,-0.00,-0.00
40,-0.11,0.19,0.00,-0.00,0.00,0.00,-0.00,0.00
50,0.32,-0.41,0.00,-0.00,-0.00,0.00,-0.00,-0.00
60,0.13,0.55,-0.00,-0.00,0.00,0.00,0.00,0.00
70,-0.15,0.32,-0.00,-0.00,0.00,0.00,0.00,0.00
80,-0.69,-0.05,0.00,-0.00,0.00,-0.00,0.00,0.00
90,-0.89,-0.10,0.00,-0.00,0.00,-0.00,0.00,0.00
100,0.15,0.21,0.00,-0.00,0.00,-0.00,0.00,0.00
110,-0.24,0.46,0.00,-0.00,0.00,-0.00,0.00,0.00
120,0.03,0.13,0.00,-0.00,0.00,-0.00,0.00,0.00
130,0.25,-0.33,-0.00,-0.00,0.00,-0.00,0.00,0.00
140,-0.42,-0.31,-0.00,-0.00,0.00,-0.01,0.00,0.00
150,0.04,0.00,-0.00,-0.00,0.00,-0.01,-0.00,0.00
160,-0.34,-0.23,-0.00,-0.00,0.00,-0.01,-0.00,0.00
170,0.13,-0.68,-0.00,-0.00,0.01,-0.01,-0.00,0.01
180,0.19,-0.16,-0.00,-0.00,0.01,-0.01,-0.01,0.01
190,-0.19,-0.32,-0.00,-0.00,0.01,-0.01,-0.01,0.01
200,0.06,-0.56,0.00,-0.00,0.01,-0.01,-0.01,0.01
210,-0.69,0.31,0.00,-0.00,0.01,-0.01,-0.01,0.01
220,-0.23,-0.01,0.00,-0.00,0.01,-0.01,-0.01,0.01
230,-0.12,-0.73,0.00,-0.00,0.01,-0.01,-0.02,0.01
240,0.83,-0.06,0.00,-0.00,0.01,-0.01,-0.02,0.01
250,0.27,0.06,0.00,-0.00,0.01,-0.00,-0.02,0.01
260,-0.35,0.49,0.00,-0.00,0.01,-0.01,-0.01,0.01
270,0.20,-0.10,0.00,-0.00,0.01,-0.01,-0.01,0.01
280,0.10,-0.37,0.00,-0.00,0.01,-0.00,-0.02,0.01
290,0.11,0.14,0.00,-0.00,0.01,-0.00,-0.01,0.01
300,-0.29,-0.07,0.00,-0.00,0.01,-0.01,-0.02,0.01
310,-0.28,-0.54,-0.00,-0.00,0.01,-0.01,-0.02,0.01
320,0.40,-0.26,-0.00,-0.00,0.01,-0.01,-0.02,0.01
330,-0.17,0.12,-0.00,-0.00,0.01,-0.01,-0.02,0.01
340,0.66,0.25,-0.00,-0.00,0.01,-0.00,-0.02,0.01
350,1.12,-0.27,-0.00,-0.00,0.01,0.01,-0.02,0.01
360,-0.03,0.15,-0.00,-0.00,0.01,0.01,-0.02,0.01
370,-0.33,-0.16,-0.00,-0.00,0.01,0.01,-0.02,0.01
380,0.64,-0.42,-0.00,-0.00,0.01,0.02,-0.03,0.01
390,-0.76,0.07,-0.00,-0.00,0.01,0.01,-0.03,0.01
400,0.76,0.16,-0.00,-0.00,0.01,0.02,-0.03,0.01
410,-0.02,0.38,-0.00,-0.01,0.01,0.01,-0.02,0.01
420,0.25,-0.29,-0.00,-0.01,0.01,0.02,-0.02,0.01
430,0.27,-0.30,-0.00,-0.01,0.01,0.02,-0.03,0.01
440,0.54,-0.07,-0.00,-0.01,0.01,0.03,-0.03,0.01
450,-0.04,0.18,-0.00,-0.01,0.01,0.03,-0.03,0.01
460,0.08,0.02,-0.00,-0.01,0.02,0.03,-0.03,0.02
470,-0.18,-0.20,-0.00,-0.01,0.02,0.02,-0.03,0.02
480,-0.79,-0.39,-0.00,-0.01,0.02,0.01,-0.03,0.02
490,0.58,-0.33,-0.00,-0.01,0.02,0.02,-0.04,0.02
500,-0.16,0.04,-0.00,-0.01,0.02,0.02,-0.04,0.02
510,0.30,0.52,-0.00,-0.01,0.02,0.03,-0.03,0.02
520,-0.08,0.07,-0.00,-0.01,0.02,0.02,-0.03,0.02
530,0.31,-0.70,-0.00,-0.01,0.02,0.03,-0.04,0.02
540,0.09,-0.09,-0.00,-0.01,0.02,0.03,-0.04,0.02
550,0.68,0.47,-0.00,-0.01,0.02,0.04,-0.03,0.02
560,0.49,0.00,-0.00,-0.01,0.02,0.05,-0.03,0.02
570,0.44,-0.28,-0.00,-0.01,0.02,0.06,-0.04,0.02
580,-0.14,0.01,-0.00,-0.01,0.02,0.05,-0.04,0.02
590,0.12,0.02,-0.00,-0.01,0.02,0.06,-0.03,0.02
600,0.89,-0.35,-0.00,-0.01,0.02,0.07,-0.04,0.02
610,0.16,0.19,-0.00,-0.01,0.02,0.07,-0.04,0.02
620,-0.66,0.16,-0.00,-0.01,0.02,0.06,-0.03,0.02
630,0.02,0.01,-0.00,-0.01,0.02,0.06,-0.03,0.02
640,0.39,0.19,-0.00,-0.01,0.02,0.07,-0.03,0.02
650,-0.14,0.17,-0.00,-0.01,0.02,0.06,-0.03,0.02
660,0.08,0.11,-0.00,-0.01,0.02,0.06,-0.02,0.02
670,-0.06,-0.22,-0.00,-0.01,0.02,0.06,-0.03,0.02
680,0.33,-0.11,-0.00,-0.01,0.02,0.07,-0.03,0.02
690,0.17,0.45,-0.00,-0.01,0.02,0.07,-0.02,0.02
700,0.09,-0.32,-0.00,-0.01,0.02,0.07,-0.03,0.02
710,0.15,0.63,-0.00,-0.01,0.02,0.07,-0.01,0.02
720,-0.26,-0.13,-0.00,-0.01,0.02,0.07,-0.02,0.02
730,0.44,0.03,-0.00,-0.01,0.02,0.07,-0.01,0.02
740,-0.35,0.07,-0.00,-0.01,0.02,0.07,-0.01,0.02
750,-0.57,0.28,-0.00,-0.01,0.02,0.05,-0.01,0.02
760,0.18,0.08,-0.00,-0.01,0.02,0.06,-0.00,0.02
770,-0.27,-0.66,-0.00,-0.01,0.02,0.05,-0.02,0.02
780,-0.42,0.66,-0.00,-0.01,0.02,0.04,-0.00,0.02
790,0.38,-0.17,-0.00,-0.01,0.02,0.05,-0.01,0.02
800,-0.15,0.02,-0.00,-0.01,0.02,0.04,-0.01,0.02
810,-0.45,0.00,-0.00,-0.01,0.02,0.03,-0.01,0.02
820,-0.15,-0.04,-0.00,-0.01,0.02,0.03,-0.01,0.02
830,0.12,0.30,-0.00,-0.01,0.02,0.03,-0.00,0.02
840,-0.65,0.29,-0.00,-0.01,0.02,0.01,0.01,0.02
850,-0.08,-0.46,-0.00,-0.01,0.01,0.01,-0.01,0.01
860,-0.25,0.07,-0.00,-0.01,0.01,0.00,-0.00,0.01
870,0.01,-0.24,-0.00,-0.01,0.02,0.00,-0.01,0.02
880,0.94,-0.23,-0.00,-0.01,0.02,0.03,-0.01,0.02
890,-0.10,0.26,-0.00,-0.01,0.02,0.02,-0.01,0.02
900,0.52,0.13,-0.00,-0.01,0.02,0.04,-0.00,0.02
910,-0.08,-0.22,-0.00,-0.01,0.02,0.03,-0.01,0.02
920,-0.43,-0.15,-0.00,-0.01,0.02,0.02,-0.01,0.02
930,0.32,-0.12,-0.00,-0.01,0.02,0.03,-0.01,0.02
940,0.09,-0.11,0.00,-0.01,0.02,0.03,-0.02,0.02
950,-0.28,0.06,0.00,-0.01,0.02,0.02,-0.01,0.02
960,-0.17,-0.20,0.00,-0.01,0.02,0.02,-0.02,0.02
970,0.09,0.26,-0.00,-0.01,0.02,0.02,-0.01,0.02
980,0.01,0.00,-0.00,-0.01,0.02,0.02,-0.01,0.02
990,-0.17,0.60,-0.00,-0.01,0.02,0.01,0.01,0.02
1000,-0.15,-0.35,0.00,-0.01,0.02,0.01,-0.00,0.02
1010,0.26,0.22,0.00,-0.01,0.02,0.02,0.00,0.02
1020,0.30,-0.28,0.00,-0.01,0.02,0.02,-0.00,0.02
1030,-0.06,0.08,0.00,-0.01,0.02,0.02,-0.00,0.02
1040,0.37,0.32,0.00,-0.01,0.02,0.03,0.01,0.02
1050,0.47,0.81,0.00,-0.01,0.02,0.04,0.03,0.02
1060,0.37,-0.62,-0.00,-0.01,0.02,0.05,0.01,0.02
1070,0.05,-0.10,0.00,-0.01,0.02,0.05,0.01,0.02
1080,-0.34,0.09,0.00,-0.01,0.02,0.04,0.01,0.02
1090,-0.34,0.11,-0.00,-0.01,0.02,0.03,0.01,0.02
1100,0.52,-0.08,-0.00,-0.01,0.02,0.04,0.01,0.02
1110,-1.21,0.28,-0.00,-0.01,0.02,0.01,0.02,0.02
1120,0.61,-0.61,-0.00,-0.01,0.02,0.03,0.00,0.02
1130,0.40,0.20,0.00,-0.01,0.02,0.04,0.01,0.02
1140,-0.02,0.20,0.00,-0.01,0.02,0.04,0.01,0.02
1150,-0.46,0.65,0.00,-0.01,0.02,0.02,0.03,0.02
1160,0.14,0.08,0.00,-0.01,0.02,0.03,0.03,0.02
1170,0.42,-0.18,0.00,-0.01,0.02,0.04,0.03,0.02
1180,-0.13,0.79,0.00,-0.01,0.02,0.03,0.05,0.02
1190,-0.40,-0.09,0.00,-0.01,0.02,0.02,0.05,0.02
1200,-0.27,-0.80,0.00,-0.01,0.02,0.01,0.02,0.02
1210,-0.35,0.10,0.00,-0.01,0.02,0.00,0.03,0.02
1220,-0.34,0.19,0.00,-0.01,0.02,-0.01,0.03,0.02
1230,-0.07,-0.21,0.00,-0.01,0.03,-0.01,0.03,0.03
1240,-0.28,-0.56,0.00,-0.01,0.03,-0.02,0.01,0.03
1250,-0.22,0.16,0.00,-0.01,0.03,-0.02,0.01,0.03
1260,-0.51,-0.14,0.00,-0.01,0.03,-0.04,0.01,0.03
1270,-0.38,0.18,0.00,-0.01,0.02,-0.05,0.02,0.02
1280,-0.24,-0.03,0.00,-0.01,0.02,-0.05,0.01,0.02
1290,0.03,0.29,0.00,-0.01,0.03,-0.05,0.02,0.03
1300,0.28,-0.33,0.00,-0.01,0.03,-0.04,0.01,0.03
1310,-0.01,-0.09,0.00,-0.01,0.03,-0.04,0.01,0.03
1320,-0.36,0.31,0.00,-0.01,0.03,-0.05,0.02,0.03
1330,0.15,0.03,0.00,-0.01,0.03,-0.05,0.02,0.03
1340,0.16,-0.56,0.00,-0.01,0.03,-0.04,0.00,0.03
1350,-0.74,0.29,0.00,-0.01,0.03,-0.06,0.01,0.03
1360,0.02,-0.01,0.00,-0.01,0.03,-0.06,0.01,0.03
1370,-0.45,-0.36,0.00,-0.01,0.03,-0.07,0.00,0.03
1380,0.22,-0.13,0.00,-0.01,0.03,-0.07,-0.00,0.03
1390,0.15,0.39,0.00,-0.01,0.03,-0.06,0.01,0.03
1400,-0.10,-0.18,0.00,-0.01,0.03,-0.06,0.00,0.03
1410,0.54,0.07,0.00,-0.01,0.03,-0.05,0.00,0.03
1420,-0.08,0.28,0.00,-0.01,0.03,-0.05,0.01,0.03
1430,-0.64,-0.19,0.00,-0.01,0.03,-0.06,0.01,0.03
1440,0.02,0.02,0.00,-0.01,0.03,-0.06,0.01,0.03
1450,-0.00,-0.19,0.00,-0.01,0.03,-0.06,0.00,0.03
1460,0.22,-0.09,0.00,-0.01,0.03,-0.05,0.00,0.03
1470,-0.29,0.23,0.00,-0.01,0.03,-0.06,0.01,0.03
1480,0.69,-0.02,0.00,-0.01,0.03,-0.04,0.01,0.03
1490,0.01,-0.00,0.00,-0.01,0.03,-0.04,0.01,0.03
1500,-0.34,-0.05,0.00,-0.01,0.03,-0.05,0.00,0.03
1510,0.10,0.02,0.00,-0.01,0.03,-0.04,0.00,0.03
1520,-0.11,-0.57,0.00,-0.01,0.03,-0.05,-0.01,0.03
1530,0.00,-0.34,0.00,-0.01,0.03,-0.05,-0.02,0.03
1540,0.51,-0.13,0.00,-0.01,0.03,-0.03,-0.03,0.03
1550,-0.18,0.07,0.00,-0.01,0.03,-0.04,-0.02,0.03
1560,-0.18,0.13,0.00,-0.01,0.03,-0.04,-0.02,0.03
1570,-0.06,-0.46,0.00,-0.01,0.03,-0.04,-0.03,0.03
1580,-0.31,-0.48,0.00,-0.01,0.03,-0.05,-0.05,0.03
1590,-0.44,0.05,0.00,-0.01,0.03,-0.06,-0.04,0.03
1600,-0.16,-0.20,0.00,-0.01,0.03,-0.07,-0.05,0.03
1610,-0.20,0.10,0.00,-0.01,0.03,-0.07,-0.04,0.03
1620,0.11,0.31,0.00,-0.01,0.03,-0.06,-0.04,0.03
1630,-0.27,-0.03,0.00,-0.01,0.03,-0.07,-0.04,0.03
1640,0.13,-0.48,0.00,-0.01,0.03,-0.07,-0.05,0.03
1650,-0.46,-0.09,0.00,-0.01,0.03,-0.08,-0.05,0.03
1660,0.30,0.61,0.00,-0.01,0.03,-0.07,-0.03,0.03
1670,0.06,0.12,0.00,-0.01,0.03,-0.06,-0.03,0.03
1680,-0.32,-0.09,0.00,-0.01,0.03,-0.07,-0.03,0.03
1690,-0.51,0.03,0.00,-0.01,0.04,-0.08,-0.03,0.04
1700,0.25,-0.49,0.00,-0.01,0.03,-0.08,-0.04,0.03
1710,0.10,-0.14,0.00,-0.01,0.04,-0.07,-0.05,0.04
1720,-0.41,-0.07,0.00,-0.01,0.04,-0.08,-0.05,0.04
1730,-0.39,0.25,0.00,-0.01,0.04,-0.09,-0.04,0.04
1740,-0.09,0.23,0.00,-0.01,0.04,-0.09,-0.03,0.04
1750,0.24,0.15,0.00,-0.01,0.04,-0.08,-0.02,0.04
1760,0.14,-0.28,0.00,-0.01,0.04,-0.08,-0.03,0.04
1770,-0.37,-0.54,0.00,-0.01,0.04,-0.09,-0.05,0.04
1780,0.84,0.03,0.00,-0.01,0.04,-0.06,-0.05,0.04
1790,-0.60,0.15,0.01,-0.01,0.04,-0.08,-0.04,0.04
1800,0.10,0.24,0.01,-0.01,0.04,-0.07,-0.03,0.04
1810,-0.24,-0.08,0.01,-0.01,0.04,-0.08,-0.03,0.04
1820,-0.88,0.17,0.01,-0.01,0.04,-0.10,-0.03,0.04
1830,-0.06,-0.65,0.01,-0.01,0.04,-0.10,-0.05,0.04
1840,-0.94,0.42,0.01,-0.01,0.04,-0.13,-0.03,0.04
1850,-0.18,-0.30,0.01,-0.01,0.04,-0.13,-0.04,0.04
1860,-0.30,0.10,0.01,-0.01,0.04,-0.14,-0.04,0.04
1870,-0.14,-0.03,0.01,-0.01,0.04,-0.14,-0.04,0.04
1880,-0.29,-0.00,0.01,-0.01,0.04,-0.14,-0.04,0.04
1890,-0.39,-0.03,0.01,-0.01,0.04,-0.15,-0.04,0.04
1900,-0.14,-0.31,0.01,-0.01,0.04,-0.15,-0.05,0.04
1910,0.44,0.16,0.01,-0.01,0.04,-0.14,-0.04,0.04
1920,-0.03,-0.60,0.01,-0.02,0.04,-0.13,-0.06,0.04
1930,0.95,0.06,0.01,-0.01,0.04,-0.10,-0.05,0.04
1940,0.82,0.19,0.01,-0.01,0.04,-0.08,-0.05,0.04
1950,0.52,-0.09,0.01,-0.01,0.04,-0.06,-0.05,0.04
1960,0.09,-0.28,0.01,-0.01,0.04,-0.05,-0.06,0.04
1970,0.22,-0.16,0.01,-0.01,0.04,-0.05,-0.06,0.04
1980,-0.09,-0.09,0.01,-0.01,0.04,-0.05,-0.06,0.04
1990,0.19,-0.40,0.01,-0.01,0.04,-0.04,-0.07,0.04
2000,-0.47,-0.48,0.01,-0.01,0.04,-0.05,-0.08,0.04
2010,0.46,-0.59,0.01,-0.01,0.04,-0.04,-0.10,0.04
2020,0.19,0.19,0.01,-0.01,0.04,-0.03,-0.09,0.04
2030,0.01,-0.14,0.01,-0.01,0.04,-0.03,-0.09,0.04
2040,-0.05,0.28,0.01,-0.01,0.04,-0.03,-0.08,0.04
2050,-0.01,-0.21,0.01,-0.01,0.05,-0.03,-0.09,0.05
2060,-0.26,-0.24,0.01,-0.01,0.05,-0.04,-0.09,0.05
2070,0.09,0.15,0.01,-0.01,0.05,-0.03,-0.09,0.05
2080,0.25,-0.10,0.01,-0.01,0.05,-0.02,-0.09,0.05
2090,0.09,0.21,0.01,-0.01,0.05,-0.02,-0.08,0.05
2100,0.31,0.12,0.01,-0.01,0.05,-0.01,-0.07,0.05
2110,-0.74,0.51,0.01,-0.01,0.05,-0.03,-0.06,0.05
2120,0.13,-0.39,0.01,-0.01,0.05,-0.02,-0.07,0.05
2130,0.12,0.38,0.01,-0.01,0.05,-0.02,-0.05,0.05
2140,0.37,-0.16,0.01,-0.01,0.05,-0.01,-0.06,0.05
2150,0.16,-0.05,0.01,-0.01,0.05,-0.00,-0.06,0.05
2160,-0.02,-0.15,0.01,-0.01,0.05,-0.00,-0.06,0.05
2170,0.25,-0.11,0.01,-0.01,0.05,0.01,-0.06,0.05
2180,0.28,-0.09,0.01,-0.01,0.05,0.01,-0.06,0.05
2190,0.35,-0.00,0.01,-0.01,0.05,0.03,-0.06,0.05
2200,0.08,0.73,0.01,-0.01,0.05,0.03,-0.04,0.05
2210,-0.44,0.48,0.01,-0.01,0.05,0.01,-0.02,0.05
2220,0.05,0.04,0.01,-0.01,0.05,0.02,-0.02,0.05
2230,0.41,-0.37,0.01,-0.01,0.05,0.03,-0.03,0.05
2240,0.25,-0.07,0.01,-0.01,0.05,0.04,-0.03,0.05
2250,0.08,-0.27,0.01,-0.01,0.05,0.04,-0.04,0.05
2260,-0.62,0.22,0.01,-0.01,0.05,0.02,-0.03,0.05
2270,-0.06,-0.40,0.01,-0.01,0.05,0.02,-0.04,0.05
2280,0.78,0.28,0.01,-0.01,0.05,0.04,-0.03,0.05
2290,-0.46,0.39,0.01,-0.01,0.05,0.02,-0.02,0.05
2300,-0.47,-0.01,0.01,-0.02,0.05,0.01,-0.02,0.05
2310,-0.31,-0.09,0.01,-0.02,0.05,0.00,-0.02,0.05
2320,0.02,0.74,0.01,-0.02,0.05,0.00,-0.00,0.05
2330,0.40,0.24,0.01,-0.02,0.05,0.01,0.01,0.05
2340,-0.11,-0.45,0.01,-0.02,0.05,0.01,-0.01,0.05
2350,-0.54,0.20,0.01,-0.02,0.05,-0.01,-0.00,0.05
2360,-0.01,0.07,0.01,-0.02,0.05,-0.01,0.00,0.05
2370,0.03,0.08,0.01,-0.02,0.05,-0.01,0.00,0.05
2380,0.56,-0.11,0.01,-0.02,0.05,0.01,0.00,0.05
2390,0.34,0.15,0.01,-0.02,0.05,0.02,0.01,0.05
2400,-0.32,-0.13,0.01,-0.02,0.05,0.01,0.00,0.05
2410,0.15,-0.20,0.01,-0.02,0.06,0.02,-0.00,0.06
2420,0.30,0.23,0.01,-0.02,0.06,0.03,0.00,0.06
2430,-0.06,0.17,0.01,-0.02,0.06,0.02,0.01,0.06
2440,0.26,0.18,0.01,-0.02,0.06,0.03,0.01,0.06
2450,-0.09,-0.43,0.01,-0.02,0.06,0.03,0.00,0.06
2460,0.22,0.28,0.01,-0.02,0.06,0.03,0.01,0.06
2470,-1.12,-0.03,0.01,-0.02,0.06,-0.00,0.01,0.06
2480,-0.06,-0.75,0.01,-0.02,0.06,-0.00,-0.01,0.06
2490,-0.17,-0.15,0.01,-0.02,0.06,-0.01,-0.02,0.06
2500,0.15,-0.37,0.01,-0.02,0.06,-0.00,-0.03,0.06
2510,0.45,-0.25,0.01,-0.02,0.06,0.01,-0.04,0.06
2520,0.31,0.09,0.01,-0.02,0.06,0.02,-0.03,0.06
2530,-0.08,0.02,0.01,-0.02,0.06,0.02,-0.03,0.06
2540,0.50,-0.16,0.01,-0.02,0.06,0.03,-0.04,0.06
2550,0.41,-0.50,0.01,-0.02,0.06,0.04,-0.05,0.06
2560,-0.00,0.37,0.01,-0.02,0.06,0.04,-0.04,0.06
2570,-0.12,0.55,0.01,-0.02,0.06,0.04,-0.02,0.06
2580,0.04,-0.24,0.01,-0.02,0.06,0.04,-0.03,0.06
2590,0.43,0.27,0.01,-0.02,0.06,0.05,-0.02,0.06
2600,-0.49,-0.29,0.01,-0.02,0.06,0.03,-0.03,0.06
2610,0.39,0.28,0.01,-0.02,0.06,0.05,-0.02,0.06
2620,0.19,0.05,0.01,-0.02,0.06,0.05,-0.01,0.06
2630,0.39,-0.37,0.01,-0.02,0.06,0.06,-0.03,0.06
2640,-0.25,-0.50,0.01,-0.02,0.06,0.05,-0.04,0.06
2650,0.17,0.42,0.01,-0.02,0.06,0.06,-0.03,0.06
2660,0.02,-0.32,0.01,-0.02,0.06,0.06,-0.03,0.06
2670,0.71,-0.35,0.01,-0.02,0.06,0.08,-0.04,0.06
2680,-0.38,-0.37,0.01,-0.02,0.06,0.06,-0.05,0.06
2690,0.59,0.28,0.01,-0.02,0.06,0.08,-0.04,0.06
2700,1.56,-0.78,0.01,-0.02,0.06,0.13,-0.07,0.06
2710,0.11,0.84,0.01,-0.02,0.06,0.13,-0.04,0.06
2720,0.73,0.23,0.01,-0.02,0.06,0.15,-0.03,0.06
2730,-0.61,-0.66,0.01,-0.02,0.06,0.13,-0.05,0.06
2740,0.49,-0.40,0.01,-0.02,0.06,0.14,-0.06,0.06
2750,-0.05,-0.07,0.01,-0.02,0.06,0.13,-0.06,0.06
2760,0.57,-0.42,0.01,-0.02,0.06,0.15,-0.07,0.06
2770,-0.53,-0.00,0.01,-0.02,0.06,0.13,-0.07,0.06
2780,0.28,0.52,0.01,-0.02,0.06,0.13,-0.05,0.06
2790,-0.77,-0.32,0.01,-0.02,0.06,0.11,-0.06,0.06
2800,0.26,-0.32,0.01,-0.02,0.06,0.11,-0.07,0.06
2810,-0.25,-0.44,0.01,-0.02,0.06,0.10,-0.08,0.06
2820,0.79,-0.16,0.01,-0.02,0.06,0.13,-0.09,0.06
2830,-0.27,-0.12,0.01,-0.02,0.06,0.11,-0.09,0.06
2840,-0.08,0.14,0.01,-0.02,0.06,0.11,-0.08,0.06
2850,-0.15,-0.26,0.01,-0.02,0.06,0.10,-0.09,0.06
2860,0.13,-0.08,0.01,-0.02,0.06,0.10,-0.09,0.06
2870,-0.13,-0.08,0.01,-0.02,0.06,0.10,-0.09,0.06
2880,0.02,-0.12,0.01,-0.03,0.06,0.09,-0.09,0.06
2890,0.32,0.38,0.01,-0.03,0.06,0.10,-0.08,0.06
2900,0.08,0.30,0.01,-0.03,0.06,0.10,-0.07,0.06
2910,-0.31,0.26,0.01,-0.03,0.06,0.09,-0.06,0.06
2920,-0.17,-0.22,0.01,-0.03,0.06,0.08,-0.06,0.06
2930,0.02,-0.10,0.01,-0.03,0.06,0.08,-0.06,0.06
2940,0.21,0.10,0.01,-0.03,0.06,0.08,-0.06,0.06
2950,0.79,0.07,0.01,-0.03,0.06,0.11,-0.05,0.06
2960,0.37,-0.28,0.01,-0.03,0.06,0.12,-0.06,0.06
2970,0.27,0.03,0.01,-0.03,0.06,0.12,-0.06,0.06
2980,-0.20,0.16,0.01,-0.03,0.06,0.11,-0.05,0.06
2990,0.09,0.39,0.01,-0.03,0.06,0.11,-0.04,0.06
3000,-0.47,-0.17,0.12,-0.03,0.06,0.21,-0.04,0.06
3010,1.83,-1.14,0.35,-0.03,0.06,0.47,-0.08,0.06
3020,-0.14,0.15,0.57,-0.03,0.06,0.68,-0.07,0.06
3030,0.69,-1.43,0.80,-0.03,0.06,0.90,-0.11,0.06
3040,-0.26,0.34,1.02,-0.03,0.06,1.08,-0.10,0.06
3050,1.07,-1.29,1.25,-0.03,0.06,1.30,-0.13,0.06
3060,2.56,0.89,1.47,-0.03,0.06,1.55,-0.10,0.06
3070,0.76,-1.01,1.70,-0.03,0.06,1.75,-0.13,0.06
3080,2.71,0.02,1.92,-0.03,0.06,2.00,-0.13,0.06
3090,3.57,0.55,2.15,-0.03,0.06,2.26,-0.11,0.06
3100,1.39,-0.52,2.37,-0.03,0.06,2.46,-0.12,0.06
3110,2.59,0.15,2.60,-0.03,0.06,2.68,-0.12,0.06
3120,3.14,1.59,2.82,-0.03,0.07,2.91,-0.06,0.07
3130,3.68,-0.52,3.05,-0.03,0.07,3.15,-0.08,0.07
3140,3.09,1.34,3.27,-0.03,0.07,3.37,-0.03,0.07
3150,2.65,0.89,3.50,-0.03,0.07,3.57,-0.01,0.07
3160,4.28,0.14,3.72,-0.03,0.07,3.81,-0.00,0.07
3170,5.40,-0.93,3.95,-0.03,0.07,4.07,-0.03,0.07
3180,4.49,-0.85,4.17,-0.03,0.07,4.31,-0.05,0.07
3190,4.07,0.15,4.40,-0.03,0.07,4.52,-0.05,0.07
3200,4.89,0.22,4.62,-0.03,0.07,4.75,-0.04,0.07
3210,4.30,-0.66,4.85,-0.03,0.07,4.95,-0.06,0.07
3220,4.33,0.05,5.07,-0.03,0.07,5.15,-0.06,0.07
3230,5.92,-0.26,5.30,-0.03,0.07,5.40,-0.06,0.07
3240,5.24,-1.22,5.52,-0.03,0.07,5.61,-0.10,0.07
3250,5.98,0.31,5.75,-0.03,0.07,5.84,-0.09,0.07
3260,6.11,0.69,5.97,-0.03,0.07,6.07,-0.06,0.07
3270,5.80,-1.50,6.20,-0.03,0.07,6.28,-0.11,0.07
3280,6.59,0.90,6.42,-0.03,0.07,6.51,-0.08,0.07
3290,7.02,-0.90,6.65,-0.03,0.07,6.74,-0.10,0.07
3300,6.78,-0.90,6.87,-0.03,0.07,6.96,-0.13,0.07
3310,6.59,-0.60,7.10,-0.03,0.07,7.17,-0.14,0.07
3320,7.96,0.41,7.32,-0.03,0.07,7.41,-0.13,0.07
3330,7.46,0.97,7.55,-0.03,0.07,7.63,-0.09,0.07
3340,8.61,0.09,7.77,-0.03,0.07,7.88,-0.09,0.07
3350,7.87,-0.07,8.00,-0.03,0.07,8.10,-0.09,0.07
3360,7.53,-0.47,8.22,-0.03,0.07,8.30,-0.10,0.07
3370,6.89,0.75,8.45,-0.03,0.07,8.47,-0.08,0.07
3380,6.20,1.22,8.68,-0.03,0.07,8.62,-0.04,0.07
3390,9.72,0.95,8.90,-0.03,0.07,8.87,-0.00,0.07
3400,9.84,-1.07,9.13,-0.03,0.07,9.12,-0.04,0.07
3410,8.13,-0.07,9.35,-0.03,0.07,9.31,-0.04,0.07
3420,8.95,-0.39,9.58,-0.03,0.07,9.52,-0.05,0.07
3430,9.92,-1.16,9.80,-0.03,0.07,9.74,-0.08,0.07
3440,9.53,-0.85,10.03,-0.03,0.07,9.96,-0.11,0.07
3450,10.37,-0.59,10.25,-0.03,0.07,10.19,-0.12,0.07
3460,9.88,-1.77,10.48,-0.03,0.07,10.39,-0.17,0.07
3470,11.93,-1.09,10.70,-0.03,0.07,10.66,-0.20,0.07
3480,10.15,0.04,10.93,-0.03,0.07,10.86,-0.20,0.07
3490,10.68,-0.92,11.15,-0.03,0.07,11.07,-0.22,0.07
3500,11.77,1.42,11.38,-0.03,0.07,11.31,-0.17,0.07
3510,12.19,1.53,11.60,-0.03,0.07,11.56,-0.12,0.07
3520,11.96,0.14,11.83,-0.03,0.07,11.79,-0.11,0.07
3530,12.78,0.58,12.05,-0.03,0.07,12.03,-0.09,0.07
3540,12.38,1.86,12.28,-0.03,0.07,12.26,-0.03,0.07
3550,12.10,0.73,12.50,-0.03,0.07,12.48,-0.01,0.07
3560,12.49,-0.14,12.73,-0.03,0.07,12.69,-0.01,0.07
3570,12.64,-0.05,12.96,-0.03,0.08,12.91,-0.01,0.08
3580,13.54,0.91,13.18,-0.03,0.08,13.15,0.02,0.08
3590,12.34,-0.41,13.41,-0.03,0.08,13.34,0.00,0.08
3600,14.36,0.84,13.63,-0.03,0.08,13.59,0.03,0.08
3610,12.83,-0.78,13.86,-0.03,0.08,13.78,0.01,0.08
3620,15.29,-0.72,14.08,-0.03,0.08,14.05,-0.01,0.08
3630,15.15,-0.41,14.31,-0.03,0.08,14.30,-0.03,0.08
3640,14.02,0.69,14.53,-0.03,0.08,14.51,-0.00,0.08
3650,14.56,-0.99,14.76,-0.03,0.08,14.73,-0.03,0.08
3660,14.58,-0.55,14.98,-0.03,0.08,14.94,-0.05,0.08
3670,16.04,-1.13,15.21,-0.03,0.08,15.19,-0.08,0.08
3680,15.10,-0.71,15.43,-0.03,0.08,15.40,-0.10,0.08
3690,15.24,0.43,15.66,-0.03,0.08,15.62,-0.09,0.08
3700,16.50,-0.96,15.88,-0.03,0.08,15.86,-0.11,0.08
3710,17.15,-0.19,16.10,-0.03,0.08,16.12,-0.12,0.08
3720,17.16,-0.66,16.33,-0.03,0.08,16.37,-0.13,0.08
3730,15.07,-0.83,16.56,-0.03,0.08,16.55,-0.16,0.08
3740,17.05,0.27,16.78,-0.03,0.08,16.78,-0.15,0.08
3750,17.70,1.10,17.01,-0.03,0.08,17.03,-0.11,0.08
3760,15.63,1.84,17.23,-0.03,0.08,17.20,-0.05,0.08
3770,17.40,1.14,17.46,-0.03,0.08,17.43,-0.01,0.08
3780,18.22,-1.00,17.68,-0.03,0.08,17.67,-0.04,0.08
3790,18.05,1.18,17.91,-0.03,0.08,17.90,-0.01,0.08
3800,16.66,1.07,18.13,-0.03,0.08,18.08,0.03,0.08
3810,18.74,-0.58,18.36,-0.03,0.08,18.32,0.01,0.08
3820,17.99,-0.10,18.58,-0.03,0.08,18.52,0.01,0.08
3830,20.14,0.14,18.81,-0.03,0.08,18.79,0.01,0.08
3840,19.28,0.70,19.03,-0.03,0.08,19.02,0.03,0.08
3850,21.00,-0.29,19.26,-0.03,0.08,19.30,0.03,0.08
3860,18.12,0.61,19.48,-0.03,0.08,19.49,0.04,0.08
3870,20.25,1.04,19.71,-0.03,0.08,19.73,0.08,0.08
3880,19.26,0.85,19.93,-0.03,0.08,19.93,0.10,0.08
3890,19.96,0.14,20.16,-0.03,0.08,20.15,0.10,0.08
3900,20.50,-1.83,20.38,-0.03,0.08,20.38,0.05,0.08
3910,22.91,0.60,20.61,-0.03,0.08,20.67,0.06,0.08
3920,21.19,-0.86,20.83,-0.03,0.08,20.91,0.04,0.08
3930,20.60,0.36,21.06,-0.03,0.08,21.12,0.05,0.08
3940,21.13,-0.78,21.28,-0.03,0.08,21.34,0.02,0.08
3950,20.43,-0.42,21.51,-0.03,0.08,21.53,0.01,0.08
3960,21.30,0.71,21.73,-0.03,0.08,21.74,0.03,0.08
3970,19.97,-1.60,21.96,-0.03,0.08,21.90,-0.02,0.08
3980,21.93,-1.32,22.18,-0.03,0.08,22.12,-0.06,0.08
3990,23.18,0.89,22.41,-0.03,0.08,22.37,-0.03,0.08
4000,22.25,-1.05,22.63,-0.04,0.08,22.58,-0.06,0.08
4010,21.78,0.32,22.86,-0.03,0.08,22.78,-0.05,0.08
4020,23.08,-0.51,23.08,-0.03,0.08,23.00,-0.06,0.08
4030,23.80,-0.14,23.31,-0.03,0.08,23.25,-0.06,0.08
4040,22.22,-0.76,23.53,-0.03,0.08,23.43,-0.09,0.08
4050,22.85,-1.24,23.76,-0.04,0.08,23.63,-0.12,0.08
4060,24.26,1.28,23.98,-0.04,0.08,23.87,-0.08,0.08
4070,23.63,1.14,24.21,-0.04,0.08,24.08,-0.04,0.08
4080,25.51,1.03,24.43,-0.04,0.08,24.34,-0.01,0.08
4090,23.85,1.04,24.66,-0.04,0.08,24.54,0.02,0.08
4100,24.42,-0.56,24.88,-0.04,0.08,24.75,0.01,0.08
4110,24.50,-0.65,25.11,-0.04,0.08,24.96,-0.01,0.08
4120,26.90,0.29,25.33,-0.04,0.08,25.24,-0.00,0.08
4130,24.78,1.09,25.56,-0.04,0.08,25.44,0.03,0.08
4140,27.03,0.00,25.78,-0.04,0.08,25.71,0.03,0.08
4150,26.99,0.41,26.01,-0.04,0.08,25.96,0.04,0.08
4160,25.28,2.02,26.23,-0.04,0.08,26.16,0.10,0.08
4170,27.42,-0.68,26.46,-0.04,0.08,26.42,0.08,0.08
4180,24.74,0.27,26.69,-0.03,0.08,26.58,0.09,0.08
4190,27.22,-1.28,26.91,-0.03,0.09,26.82,0.05,0.09
4200,26.82,-0.14,27.14,-0.04,0.09,27.04,0.04,0.09
4210,26.29,-0.05,27.36,-0.04,0.08,27.23,0.04,0.08
4220,28.81,1.29,27.59,-0.04,0.09,27.50,0.08,0.09
4230,28.83,1.13,27.81,-0.04,0.09,27.76,0.11,0.09
4240,28.39,0.65,28.04,-0.04,0.09,27.99,0.13,0.09
4250,29.94,-0.71,28.26,-0.04,0.09,28.27,0.11,0.09
4260,27.57,-0.57,28.48,-0.04,0.09,28.47,0.09,0.09
4270,29.38,0.24,28.71,-0.04,0.09,28.71,0.09,0.09
4280,29.36,0.19,28.93,-0.04,0.09,28.95,0.10,0.09
4290,27.48,0.61,29.16,-0.04,0.09,29.12,0.11,0.09
4300,29.13,0.29,29.38,-0.04,0.09,29.34,0.12,0.09
4310,30.09,0.19,29.61,-0.04,0.09,29.58,0.12,0.09
4320,29.08,-0.32,29.84,-0.04,0.09,29.79,0.11,0.09
4330,30.15,-0.85,30.06,-0.04,0.09,30.02,0.08,0.09
4340,29.03,0.14,30.29,-0.04,0.09,30.20,0.08,0.09
4350,30.49,-0.28,30.51,-0.04,0.09,30.43,0.07,0.09
4360,31.44,0.66,30.74,-0.04,0.09,30.68,0.09,0.09
4370,30.69,-1.03,30.96,-0.04,0.09,30.90,0.06,0.09
4380,30.41,-0.86,31.19,-0.04,0.09,31.10,0.03,0.09
4390,29.64,-0.48,31.41,-0.04,0.09,31.27,0.02,0.09
4400,30.83,0.82,31.64,-0.04,0.09,31.48,0.04,0.09
4410,31.92,-0.35,31.86,-0.04,0.09,31.71,0.03,0.09
4420,31.42,-0.26,32.09,-0.04,0.09,31.91,0.02,0.09
4430,32.47,0.55,32.31,-0.04,0.09,32.15,0.04,0.09
4440,32.03,-0.17,32.54,-0.04,0.09,32.36,0.03,0.09
4450,32.72,0.89,32.76,-0.04,0.09,32.59,0.06,0.09
4460,33.84,1.58,32.99,-0.04,0.09,32.84,0.11,0.09
4470,33.92,0.90,33.21,-0.04,0.09,33.09,0.13,0.09
4480,33.78,0.43,33.43,-0.04,0.09,33.33,0.14,0.09
4490,33.01,1.05,33.66,-0.04,0.09,33.54,0.17,0.09
4500,33.69,0.18,33.89,-0.04,0.09,33.76,0.17,0.09
4510,34.36,-0.18,34.11,-0.04,0.09,33.99,0.17,0.09
4520,33.96,-0.53,34.33,-0.04,0.09,34.21,0.15,0.09
4530,33.72,1.88,34.56,-0.04,0.09,34.41,0.20,0.09
4540,34.15,-0.23,34.78,-0.04,0.09,34.62,0.19,0.09
4550,33.46,-1.20,35.01,-0.04,0.09,34.80,0.15,0.09
4560,34.72,-0.79,35.23,-0.04,0.09,35.02,0.12,0.09
4570,35.57,-0.61,35.46,-0.04,0.09,35.25,0.10,0.09
4580,35.48,0.76,35.69,-0.04,0.09,35.47,0.12,0.09
4590,34.87,0.26,35.91,-0.04,0.09,35.67,0.13,0.09
4600,36.21,-0.61,36.14,-0.04,0.09,35.91,0.11,0.09
4610,35.67,0.37,36.36,-0.04,0.09,36.11,0.12,0.09
4620,37.93,0.94,36.59,-0.04,0.09,36.39,0.14,0.09
4630,36.62,1.02,36.81,-0.04,0.09,36.61,0.17,0.09
4640,36.62,0.87,37.04,-0.04,0.09,36.83,0.19,0.09
4650,38.53,0.50,37.26,-0.04,0.09,37.10,0.21,0.09
4660,37.71,1.66,37.49,-0.04,0.09,37.33,0.25,0.09
4670,36.57,-0.66,37.71,-0.04,0.09,37.53,0.23,0.09
4680,38.84,-0.96,37.94,-0.04,0.09,37.78,0.19,0.09
4690,36.56,-0.38,38.16,-0.04,0.09,37.96,0.18,0.09
4700,37.61,-0.11,38.39,-0.04,0.09,38.17,0.17,0.09
4710,39.16,-1.67,38.61,-0.04,0.09,38.42,0.11,0.09
4720,38.33,0.34,38.84,-0.04,0.09,38.63,0.12,0.09
4730,39.19,0.28,39.06,-0.04,0.09,38.87,0.13,0.09
4740,39.70,0.06,39.29,-0.04,0.09,39.11,0.13,0.09
4750,39.69,-0.27,39.52,-0.04,0.09,39.34,0.11,0.09
4760,39.52,1.36,39.74,-0.04,0.09,39.57,0.15,0.09
4770,39.66,0.51,39.97,-0.04,0.09,39.79,0.17,0.09
4780,41.11,-1.42,40.19,-0.04,0.09,40.04,0.12,0.09
4790,39.34,-0.61,40.42,-0.04,0.09,40.24,0.10,0.09
4800,40.35,0.21,40.64,-0.04,0.09,40.46,0.10,0.09
4810,40.10,0.32,40.87,-0.04,0.09,40.67,0.11,0.09
4820,40.55,0.89,41.09,-0.04,0.09,40.88,0.13,0.09
4830,39.32,-1.35,41.32,-0.04,0.09,41.05,0.09,0.09
4840,42.76,0.20,41.54,-0.04,0.09,41.32,0.09,0.09
4850,41.69,-0.08,41.77,-0.04,0.09,41.55,0.09,0.09
4860,41.66,-0.69,41.99,-0.04,0.09,41.77,0.07,0.09
4870,41.82,-0.70,42.22,-0.04,0.09,41.99,0.04,0.09
4880,42.87,0.21,42.44,-0.04,0.09,42.23,0.05,0.09
4890,42.71,-0.00,42.67,-0.04,0.09,42.46,0.04,0.09
4900,41.79,0.07,42.89,-0.04,0.09,42.66,0.05,0.09
4910,42.58,-1.11,43.12,-0.04,0.09,42.87,0.01,0.09
4920,42.57,-0.25,43.34,-0.04,0.10,43.08,0.00,0.10
4930,42.30,0.57,43.57,-0.04,0.10,43.27,0.02,0.10
4940,44.20,0.93,43.79,-0.04,0.10,43.51,0.05,0.10
4950,44.52,0.27,44.02,-0.04,0.10,43.76,0.05,0.10
4960,43.54,1.04,44.24,-0.04,0.10,43.97,0.08,0.10
4970,43.26,0.96,44.47,-0.04,0.10,44.17,0.11,0.10
4980,43.63,-2.47,44.69,-0.04,0.10,44.37,0.03,0.10
4990,44.89,-1.86,44.92,-0.04,0.10,44.60,-0.03,0.10
5000,45.83,-0.45,45.03,-0.04,0.10,44.74,-0.04,0.10
5010,44.78,0.38,45.03,-0.04,0.10,44.74,-0.03,0.10
5020,44.10,0.63,45.03,-0.04,0.10,44.72,-0.01,0.10
5030,45.18,0.56,45.03,-0.04,0.10,44.73,0.01,0.10
5040,44.55,-0.06,45.03,-0.04,0.10,44.72,0.00,0.10
5050,45.00,-0.18,45.03,-0.05,0.10,44.73,-0.00,0.10
5060,44.74,0.11,45.03,-0.05,0.10,44.73,-0.00,0.10
5070,45.15,0.59,45.03,-0.05,0.10,44.74,0.02,0.10
5080,44.94,-0.10,45.03,-0.05,0.10,44.74,0.01,0.10
5090,45.12,-0.52,45.03,-0.05,0.10,44.75,-0.00,0.10
5100,45.41,-0.06,45.03,-0.05,0.10,44.77,-0.00,0.10
5110,45.15,0.53,45.03,-0.05,0.10,44.78,0.01,0.10
5120,45.14,0.11,45.03,-0.05,0.10,44.79,0.01,0.10
5130,45.00,-0.32,45.03,-0.05,0.10,44.80,0.00,0.10
5140,45.24,-0.31,45.03,-0.05,0.10,44.81,-0.01,0.10
5150,45.09,0.87,45.03,-0.05,0.10,44.82,0.02,0.10
5160,44.58,0.04,45.03,-0.05,0.10,44.81,0.02,0.10
5170,44.39,-0.48,45.03,-0.05,0.10,44.80,0.01,0.10
5180,44.18,0.10,45.03,-0.05,0.10,44.78,0.01,0.10
5190,44.58,-0.23,45.03,-0.05,0.10,44.77,0.00,0.10
5200,45.51,0.25,45.03,-0.05,0.10,44.79,0.01,0.10
5210,44.64,0.15,45.03,-0.05,0.10,44.79,0.01,0.10
5220,44.58,0.25,45.03,-0.05,0.10,44.78,0.02,0.10
5230,44.94,-0.30,45.03,-0.05,0.10,44.78,0.01,0.10
5240,44.77,0.12,45.03,-0.05,0.10,44.78,0.01,0.10
5250,45.79,0.23,45.03,-0.05,0.10,44.81,0.02,0.10
5260,45.44,0.03,45.03,-0.05,0.10,44.83,0.02,0.10
5270,45.19,0.44,45.03,-0.05,0.10,44.84,0.03,0.10
5280,45.67,0.32,45.03,-0.05,0.10,44.86,0.04,0.10
5290,45.04,0.04,45.03,-0.05,0.10,44.87,0.04,0.10
5300,44.86,-0.85,45.03,-0.05,0.10,44.87,0.01,0.10
5310,45.09,0.40,45.03,-0.05,0.10,44.87,0.02,0.10
5320,45.39,0.22,45.03,-0.05,0.10,44.89,0.03,0.10
5330,44.87,-0.49,45.03,-0.05,0.10,44.89,0.01,0.10
5340,44.62,0.24,45.02,-0.05,0.10,44.88,0.02,0.10
5350,45.18,-0.55,45.03,-0.05,0.10,44.89,0.00,0.10
5360,44.93,-0.44,45.02,-0.05,0.10,44.89,-0.01,0.10
5370,45.61,-0.43,45.02,-0.05,0.10,44.91,-0.02,0.10
5380,45.04,0.20,45.02,-0.05,0.10,44.91,-0.02,0.10
5390,45.38,0.11,45.02,-0.05,0.10,44.93,-0.01,0.10
5400,44.88,0.60,45.02,-0.05,0.10,44.93,0.01,0.10
5410,44.88,-0.00,45.02,-0.05,0.10,44.93,0.01,0.10
5420,45.54,0.20,45.02,-0.05,0.10,44.95,0.01,0.10
5430,45.09,-0.06,45.02,-0.05,0.10,44.95,0.01,0.10
5440,45.16,-0.21,45.02,-0.05,0.10,44.96,0.00,0.10
5450,45.20,0.69,45.02,-0.05,0.10,44.97,0.02,0.10
5460,45.11,0.03,45.02,-0.05,0.10,44.97,0.02,0.10
5470,44.87,-0.20,45.02,-0.05,0.10,44.97,0.02,0.10
5480,44.92,0.29,45.02,-0.05,0.10,44.97,0.03,0.10
5490,45.12,-0.51,45.02,-0.05,0.10,44.97,0.01,0.10
5500,45.03,-0.14,45.02,-0.05,0.10,44.98,0.01,0.10
5510,43.96,-0.35,45.02,-0.05,0.10,44.95,-0.01,0.10
5520,45.08,0.26,45.02,-0.05,0.10,44.95,0.00,0.10
5530,45.60,0.29,45.02,-0.05,0.10,44.97,0.01,0.10
5540,44.59,0.64,45.02,-0.05,0.10,44.96,0.03,0.10
5550,45.23,0.69,45.02,-0.04,0.10,44.97,0.05,0.10
5560,44.80,0.81,45.02,-0.04,0.11,44.96,0.08,0.11
5570,45.04,0.01,45.02,-0.05,0.11,44.97,0.07,0.11
5580,44.48,-0.12,45.02,-0.05,0.11,44.95,0.07,0.11
5590,45.78,0.63,45.02,-0.05,0.11,44.98,0.08,0.11
5600,45.42,0.20,45.02,-0.05,0.11,44.99,0.09,0.11
5610,45.70,0.45,45.02,-0.05,0.11,45.01,0.10,0.11
5620,44.57,0.17,45.02,-0.05,0.11,45.00,0.10,0.11
5630,43.73,-0.03,45.02,-0.05,0.11,44.96,0.10,0.11
5640,44.57,0.00,45.02,-0.05,0.11,44.95,0.10,0.11
5650,44.80,-0.06,45.02,-0.05,0.11,44.95,0.09,0.11
5660,44.85,-0.24,45.02,-0.05,0.11,44.95,0.08,0.11
5670,45.06,0.53,45.02,-0.05,0.11,44.95,0.10,0.11
5680,44.48,-0.56,45.02,-0.05,0.11,44.94,0.08,0.11
5690,44.36,0.40,45.02,-0.05,0.11,44.92,0.09,0.11
5700,45.07,0.15,45.02,-0.05,0.11,44.92,0.09,0.11
5710,45.43,0.09,45.02,-0.05,0.11,44.94,0.09,0.11
5720,45.56,-0.55,45.02,-0.05,0.11,44.96,0.07,0.11
5730,44.76,0.02,45.02,-0.05,0.11,44.95,0.07,0.11
5740,45.25,-0.20,45.02,-0.05,0.11,44.96,0.06,0.11
5750,45.04,0.44,45.02,-0.05,0.11,44.97,0.07,0.11
5760,44.68,-0.38,45.02,-0.05,0.11,44.96,0.06,0.11
5770,44.22,-0.05,45.02,-0.05,0.11,44.94,0.06,0.11
5780,45.87,-0.12,45.02,-0.05,0.11,44.96,0.05,0.11
5790,45.15,-0.42,45.02,-0.05,0.11,44.97,0.04,0.11
5800,45.05,-0.30,45.02,-0.05,0.11,44.97,0.03,0.11
5810,44.91,-0.07,45.02,-0.05,0.11,44.97,0.02,0.11
5820,44.79,0.83,45.02,-0.05,0.11,44.97,0.05,0.11
5830,44.94,0.27,45.02,-0.05,0.11,44.97,0.05,0.11
5840,45.77,0.14,45.02,-0.05,0.11,44.99,0.06,0.11
5850,44.77,0.36,45.02,-0.05,0.11,44.99,0.07,0.11
5860,45.03,-0.47,45.02,-0.05,0.11,44.99,0.05,0.11
5870,44.53,-0.02,45.02,-0.05,0.11,44.98,0.05,0.11
5880,45.34,-0.76,45.02,-0.05,0.11,44.99,0.02,0.11
5890,45.69,0.01,45.02,-0.05,0.11,45.01,0.02,0.11
5900,44.47,-0.02,45.02,-0.05,0.11,45.00,0.02,0.11
5910,45.07,0.60,45.02,-0.05,0.11,45.00,0.04,0.11
5920,44.53,-0.17,45.02,-0.05,0.11,44.99,0.03,0.11
5930,44.93,0.19,45.02,-0.05,0.11,44.98,0.04,0.11
5940,45.55,0.07,45.02,-0.05,0.11,45.00,0.04,0.11
5950,45.00,-0.01,45.03,-0.05,0.11,45.00,0.04,0.11
5960,44.62,0.19,45.03,-0.05,0.11,44.99,0.04,0.11
5970,44.59,-0.15,45.02,-0.05,0.11,44.98,0.04,0.11
5980,45.06,-0.30,45.02,-0.05,0.12,44.98,0.03,0.12
5990,45.21,0.59,45.02,-0.05,0.12,44.99,0.04,0.12
6000,45.25,-0.15,45.02,-0.05,0.12,45.00,0.04,0.12
6010,45.25,-0.91,45.02,-0.05,0.12,45.01,0.01,0.12
6020,44.91,0.17,45.02,-0.05,0.12,45.00,0.01,0.12
6030,45.05,0.27,45.02,-0.05,0.12,45.01,0.02,0.12
6040,45.09,0.03,45.02,-0.05,0.12,45.01,0.02,0.12
6050,45.36,-0.43,45.02,-0.05,0.12,45.02,0.01,0.12
6060,44.90,-0.06,45.02,-0.05,0.12,45.02,0.01,0.12
6070,44.68,-0.35,45.02,-0.05,0.12,45.01,-0.01,0.12
6080,44.83,0.13,45.02,-0.05,0.12,45.00,-0.00,0.12
6090,44.57,-0.81,45.02,-0.05,0.12,44.99,-0.03,0.12
6100,44.88,-0.53,45.02,-0.05,0.12,44.99,-0.04,0.12
6110,45.01,0.82,45.02,-0.05,0.12,44.99,-0.02,0.12
6120,45.29,-0.21,45.02,-0.05,0.12,45.00,-0.03,0.12
6130,44.97,0.07,45.02,-0.05,0.12,45.00,-0.02,0.12
6140,44.73,0.51,45.02,-0.05,0.12,44.99,-0.01,0.12
6150,44.96,-0.48,45.02,-0.05,0.12,44.99,-0.02,0.12
6160,44.41,-0.07,45.02,-0.06,0.12,44.98,-0.03,0.12
6170,45.17,0.24,45.02,-0.05,0.12,44.98,-0.02,0.12
6180,45.52,-0.36,45.02,-0.05,0.12,45.00,-0.03,0.12
6190,44.69,-0.13,45.02,-0.05,0.12,44.99,-0.03,0.12
6200,44.12,-0.15,45.02,-0.06,0.12,44.96,-0.04,0.12
6210,45.17,-0.02,45.02,-0.06,0.12,44.97,-0.04,0.12
6220,44.35,-0.02,45.02,-0.05,0.12,44.95,-0.04,0.12
6230,45.17,-0.25,45.02,-0.05,0.12,44.96,-0.04,0.12
6240,45.02,0.20,45.02,-0.06,0.12,44.96,-0.04,0.12
6250,44.95,0.12,45.02,-0.06,0.12,44.96,-0.03,0.12
6260,43.72,0.02,45.02,-0.06,0.12,44.92,-0.03,0.12
6270,45.13,-0.12,45.02,-0.06,0.12,44.93,-0.04,0.12
6280,45.37,-0.11,45.02,-0.06,0.12,44.94,-0.04,0.12
6290,45.12,0.62,45.02,-0.06,0.12,44.95,-0.02,0.12
6300,44.69,-0.17,45.03,-0.06,0.12,44.94,-0.02,0.12
6310,45.13,-0.13,45.03,-0.06,0.12,44.95,-0.03,0.12
6320,45.85,0.16,45.03,-0.06,0.12,44.97,-0.02,0.12
6330,45.20,0.52,45.03,-0.06,0.12,44.98,-0.01,0.12
6340,45.56,0.37,45.03,-0.06,0.12,45.00,0.00,0.12
6350,45.10,-0.83,45.03,-0.06,0.12,45.00,-0.02,0.12
6360,44.73,0.03,45.03,-0.06,0.12,45.00,-0.02,0.12
6370,45.16,0.16,45.03,-0.06,0.13,45.00,-0.01,0.13
6380,44.51,-0.00,45.03,-0.06,0.12,44.99,-0.01,0.12
6390,44.49,0.28,45.03,-0.06,0.12,44.97,-0.01,0.12
6400,45.63,0.31,45.03,-0.06,0.12,44.99,0.00,0.12
6410,45.46,-0.09,45.03,-0.06,0.13,45.01,0.00,0.13
6420,44.91,0.09,45.03,-0.06,0.12,45.01,0.00,0.12
6430,45.09,-0.50,45.03,-0.06,0.12,45.01,-0.01,0.12
6440,44.54,0.24,45.03,-0.06,0.13,44.99,-0.01,0.13
6450,45.20,-0.42,45.03,-0.06,0.12,45.00,-0.02,0.12
6460,45.05,0.51,45.03,-0.06,0.12,45.00,-0.00,0.12
6470,44.93,0.30,45.03,-0.06,0.12,45.00,0.01,0.12
6480,44.35,-0.19,45.03,-0.06,0.13,44.98,0.00,0.13
6490,44.77,-0.24,45.03,-0.06,0.12,44.98,-0.01,0.12
6500,44.96,-0.20,45.03,-0.06,0.13,44.98,-0.01,0.13
6510,45.08,0.08,45.03,-0.06,0.13,44.98,-0.01,0.13
6520,45.13,-0.01,45.03,-0.06,0.13,44.98,-0.01,0.13
6530,45.04,-0.45,45.03,-0.06,0.13,44.99,-0.02,0.13
6540,44.98,-0.60,45.03,-0.06,0.13,44.99,-0.04,0.13
6550,44.66,-0.16,45.03,-0.06,0.13,44.98,-0.05,0.13
6560,45.28,0.06,45.02,-0.06,0.13,44.98,-0.04,0.13
6570,44.90,-0.47,45.02,-0.06,0.13,44.98,-0.06,0.13
6580,45.40,0.71,45.03,-0.06,0.13,45.00,-0.04,0.13
6590,44.69,-0.44,45.03,-0.06,0.13,44.99,-0.05,0.13
6600,45.10,0.10,45.03,-0.06,0.13,44.99,-0.04,0.13
6610,45.59,-0.07,45.03,-0.06,0.13,45.01,-0.05,0.13
6620,45.18,0.11,45.03,-0.06,0.13,45.02,-0.04,0.13
6630,44.72,0.10,45.03,-0.06,0.13,45.01,-0.04,0.13
6640,45.96,-0.14,45.03,-0.06,0.13,45.04,-0.04,0.13
6650,44.94,0.47,45.03,-0.06,0.13,45.04,-0.03,0.13
6660,45.41,0.14,45.03,-0.06,0.13,45.05,-0.02,0.13
6670,45.18,-0.41,45.03,-0.06,0.13,45.05,-0.03,0.13
6680,45.19,0.25,45.03,-0.06,0.13,45.06,-0.02,0.13
6690,45.47,0.05,45.03,-0.06,0.13,45.07,-0.02,0.13
6700,45.21,0.12,45.03,-0.06,0.13,45.08,-0.02,0.13
6710,44.37,0.69,45.03,-0.06,0.13,45.06,0.00,0.13
6720,45.66,-0.43,45.03,-0.06,0.13,45.08,-0.01,0.13
6730,45.49,-0.05,45.03,-0.06,0.13,45.09,-0.01,0.13
6740,45.30,0.02,45.03,-0.06,0.13,45.10,-0.01,0.13
6750,44.64,-0.06,45.03,-0.06,0.13,45.09,-0.01,0.13
6760,45.18,0.01,45.03,-0.06,0.13,45.09,-0.01,0.13
6770,45.33,0.10,45.03,-0.06,0.13,45.10,-0.01,0.13
6780,45.31,-0.25,45.03,-0.06,0.13,45.11,-0.02,0.13
6790,45.10,-0.53,45.03,-0.06,0.13,45.11,-0.03,0.13
6800,45.34,-0.14,45.03,-0.06,0.13,45.12,-0.04,0.13
6810,45.10,-0.19,45.03,-0.06,0.13,45.12,-0.04,0.13
6820,45.27,-0.33,45.03,-0.06,0.14,45.12,-0.05,0.14
6830,44.71,-0.05,45.03,-0.06,0.13,45.11,-0.05,0.13
6840,44.41,0.14,45.03,-0.06,0.13,45.09,-0.05,0.13
6850,45.21,-0.46,45.03,-0.06,0.14,45.10,-0.06,0.14
6860,45.53,0.40,45.03,-0.06,0.14,45.11,-0.05,0.14
6870,45.47,-0.13,45.03,-0.06,0.14,45.12,-0.05,0.14
6880,44.84,0.25,45.03,-0.06,0.14,45.12,-0.04,0.14
6890,44.26,0.07,45.03,-0.06,0.14,45.09,-0.04,0.14
6900,44.80,-0.09,45.03,-0.06,0.14,45.08,-0.04,0.14
6910,45.61,-0.07,45.03,-0.06,0.14,45.10,-0.04,0.14
6920,44.27,0.19,45.03,-0.07,0.14,45.08,-0.04,0.14
6930,44.70,0.25,45.03,-0.07,0.14,45.07,-0.03,0.14
6940,45.64,-0.09,45.03,-0.07,0.14,45.08,-0.03,0.14
6950,45.06,-0.85,45.03,-0.07,0.14,45.09,-0.06,0.14
6960,44.76,-0.21,45.03,-0.07,0.14,45.08,-0.06,0.14
6970,45.12,-0.02,45.03,-0.07,0.14,45.08,-0.06,0.14
6980,44.98,-0.34,45.03,-0.07,0.14,45.07,-0.07,0.14
6990,44.71,0.32,45.03,-0.07,0.14,45.06,-0.06,0.14
7000,44.93,-0.45,45.03,-0.07,0.14,45.06,-0.07,0.14
7010,45.41,-0.27,45.03,-0.07,0.14,45.07,-0.08,0.14
7020,44.87,0.08,45.03,-0.07,0.14,45.07,-0.07,0.14
7030,44.70,0.57,45.03,-0.07,0.14,45.06,-0.05,0.14
7040,45.23,0.03,45.03,-0.07,0.14,45.06,-0.05,0.14
7050,45.38,-0.27,45.03,-0.07,0.14,45.07,-0.06,0.14
7060,44.89,0.19,45.03,-0.07,0.14,45.07,-0.05,0.14
7070,44.73,0.04,45.03,-0.07,0.14,45.06,-0.05,0.14
7080,45.65,-0.09,45.03,-0.07,0.14,45.08,-0.05,0.14
7090,44.87,-0.07,45.03,-0.07,0.14,45.07,-0.05,0.14
7100,45.44,-0.08,45.03,-0.07,0.14,45.08,-0.05,0.14
7110,45.14,-0.24,45.03,-0.07,0.14,45.09,-0.06,0.14
7120,45.45,-0.02,45.03,-0.07,0.14,45.10,-0.06,0.14
7130,45.05,-0.54,45.03,-0.07,0.14,45.10,-0.07,0.14
7140,44.62,-0.24,45.03,-0.07,0.14,45.08,-0.08,0.14
7150,45.05,-0.29,45.03,-0.06,0.14,45.08,-0.08,0.14
7160,45.26,0.41,45.03,-0.06,0.14,45.09,-0.07,0.14
7170,45.14,0.06,45.03,-0.06,0.14,45.09,-0.06,0.14
7180,45.17,0.29,45.03,-0.06,0.14,45.10,-0.05,0.14
7190,44.70,0.12,45.03,-0.06,0.14,45.08,-0.05,0.14
7200,45.19,0.35,45.03,-0.06,0.14,45.09,-0.04,0.14
7210,45.28,-0.09,45.03,-0.06,0.14,45.09,-0.04,0.14
7220,45.28,0.32,45.03,-0.06,0.14,45.10,-0.03,0.14
7230,44.49,-0.31,45.03,-0.06,0.14,45.08,-0.04,0.14
7240,45.46,-0.34,45.03,-0.06,0.14,45.10,-0.05,0.14
7250,44.89,-0.09,45.03,-0.06,0.14,45.09,-0.05,0.14
7260,44.93,-0.03,45.03,-0.06,0.14,45.09,-0.05,0.14
7270,44.63,-0.46,45.03,-0.06,0.15,45.07,-0.06,0.15
7280,44.79,0.68,45.03,-0.06,0.14,45.07,-0.04,0.14
7290,44.32,0.52,45.03,-0.06,0.15,45.04,-0.02,0.15
7300,45.29,-0.38,45.03,-0.06,0.15,45.05,-0.03,0.15
7310,44.92,-0.14,45.03,-0.06,0.15,45.05,-0.04,0.15
7320,44.91,0.16,45.03,-0.07,0.15,45.04,-0.03,0.15
7330,45.49,0.60,45.03,-0.07,0.15,45.06,-0.01,0.15
7340,45.04,-0.27,45.03,-0.07,0.15,45.06,-0.02,0.15
7350,45.85,-0.03,45.03,-0.07,0.15,45.08,-0.02,0.15
7360,45.51,0.08,45.03,-0.07,0.15,45.10,-0.02,0.15
7370,45.36,-0.21,45.03,-0.07,0.15,45.10,-0.02,0.15
7380,45.72,-0.11,45.03,-0.07,0.15,45.12,-0.03,0.15
7390,44.82,0.01,45.03,-0.07,0.15,45.11,-0.03,0.15
7400,44.45,-0.15,45.03,-0.07,0.14,45.10,-0.03,0.14
7410,44.96,-0.11,45.03,-0.07,0.14,45.09,-0.03,0.14
7420,45.29,-0.31,45.03,-0.07,0.14,45.10,-0.04,0.14
7430,45.50,0.21,45.03,-0.07,0.14,45.11,-0.03,0.14
7440,44.82,-0.26,45.03,-0.07,0.14,45.10,-0.04,0.14
7450,45.33,-0.54,45.03,-0.07,0.14,45.11,-0.06,0.14
7460,44.34,-0.06,45.03,-0.07,0.14,45.09,-0.06,0.14
7470,45.30,-0.33,45.03,-0.07,0.14,45.10,-0.07,0.14
7480,44.99,-0.67,45.03,-0.07,0.14,45.09,-0.08,0.14
7490,44.87,0.27,45.03,-0.07,0.15,45.09,-0.07,0.15
7500,44.99,0.04,45.03,-0.07,0.15,45.08,-0.07,0.15
7510,44.50,0.17,45.03,-0.07,0.15,45.07,-0.06,0.15
7520,44.75,-0.29,45.03,-0.07,0.15,45.06,-0.07,0.15
7530,44.90,0.27,45.03,-0.07,0.15,45.05,-0.06,0.15
7540,45.29,0.42,45.03,-0.07,0.15,45.06,-0.05,0.15
7550,45.67,-0.25,45.03,-0.07,0.15,45.08,-0.05,0.15
7560,45.32,-0.01,45.03,-0.07,0.15,45.09,-0.05,0.15
7570,45.58,-0.41,45.03,-0.07,0.15,45.10,-0.07,0.15
7580,45.05,-0.07,45.03,-0.07,0.15,45.10,-0.07,0.15
7590,44.79,0.16,45.03,-0.07,0.15,45.09,-0.06,0.15
7600,44.89,-0.07,45.03,-0.07,0.15,45.09,-0.06,0.15
7610,44.72,0.03,45.03,-0.07,0.15,45.08,-0.06,0.15
7620,44.63,-0.40,45.03,-0.07,0.15,45.06,-0.07,0.15
7630,45.72,0.46,45.03,-0.07,0.15,45.08,-0.05,0.15
7640,45.08,0.10,45.03,-0.07,0.15,45.08,-0.05,0.15
7650,44.89,0.46,45.03,-0.07,0.15,45.08,-0.03,0.15
7660,45.45,0.57,45.03,-0.07,0.15,45.09,-0.02,0.15
7670,45.11,-0.30,45.03,-0.07,0.15,45.09,-0.02,0.15
7680,45.70,-0.33,45.03,-0.07,0.15,45.11,-0.03,0.15
7690,45.10,-0.62,45.03,-0.07,0.15,45.11,-0.05,0.15
7700,44.84,-0.32,45.03,-0.07,0.15,45.11,-0.06,0.15
7710,45.70,-0.42,45.03,-0.07,0.15,45.12,-0.07,0.15
7720,45.24,-0.02,45.03,-0.07,0.15,45.13,-0.07,0.15
7730,44.96,-0.26,45.03,-0.07,0.15,45.12,-0.08,0.15
7740,44.63,0.03,45.03,-0.07,0.15,45.11,-0.07,0.15
7750,44.54,-0.33,45.03,-0.07,0.15,45.09,-0.08,0.15
7760,45.56,0.39,45.03,-0.07,0.15,45.11,-0.07,0.15
7770,44.49,0.06,45.03,-0.08,0.15,45.09,-0.07,0.15
7780,45.03,0.10,45.03,-0.08,0.15,45.09,-0.06,0.15
7790,44.83,0.08,45.03,-0.08,0.15,45.08,-0.06,0.15
7800,44.55,0.19,45.03,-0.08,0.15,45.07,-0.05,0.15
7810,44.65,-0.09,45.03,-0.08,0.15,45.05,-0.05,0.15
7820,45.23,0.67,45.03,-0.08,0.15,45.06,-0.03,0.15
7830,45.02,-0.04,45.03,-0.08,0.15,45.06,-0.03,0.15
7840,45.20,-0.37,45.03,-0.08,0.15,45.06,-0.04,0.15
7850,45.06,-0.15,45.03,-0.08,0.15,45.06,-0.04,0.15
7860,44.90,-0.21,45.03,-0.08,0.15,45.06,-0.05,0.15
7870,45.08,0.10,45.03,-0.08,0.15,45.06,-0.04,0.15
7880,44.51,-0.20,45.03,-0.08,0.15,45.04,-0.05,0.15
7890,45.23,-0.28,45.03,-0.07,0.15,45.05,-0.06,0.15
7900,45.49,-0.24,45.03,-0.08,0.15,45.06,-0.06,0.15
7910,45.05,0.12,45.04,-0.08,0.15,45.06,-0.06,0.15
7920,45.13,0.18,45.03,-0.08,0.15,45.06,-0.05,0.15
7930,44.75,0.42,45.03,-0.08,0.15,45.05,-0.03,0.15
7940,44.63,-0.15,45.03,-0.08,0.15,45.04,-0.04,0.15
7950,45.40,0.06,45.03,-0.08,0.15,45.05,-0.04,0.15
7960,44.92,-0.09,45.03,-0.08,0.15,45.05,-0.04,0.15
7970,45.37,-0.26,45.03,-0.08,0.15,45.06,-0.04,0.15
7980,44.16,-0.60,45.03,-0.08,0.15,45.03,-0.06,0.15
7990,44.69,0.08,45.03,-0.08,0.15,45.02,-0.06,0.15
8000,45.16,0.39,45.03,-0.08,0.15,45.02,-0.04,0.15
8010,44.95,-0.03,45.03,-0.08,0.15,45.02,-0.04,0.15
8020,44.48,-0.34,45.03,-0.08,0.15,45.00,-0.05,0.15
8029,45.25,0.24,45.03,-0.08,0.15,45.01,-0.04,0.15
8040,44.98,-0.59,45.03,-0.08,0.15,45.01,-0.06,0.15
8050,44.84,-0.01,45.03,-0.08,0.15,45.00,-0.06,0.15
8060,44.77,0.24,45.03,-0.07,0.15,44.99,-0.05,0.15
8070,44.23,0.60,45.03,-0.08,0.15,44.97,-0.03,0.15
8080,45.00,0.28,45.03,-0.08,0.15,44.97,-0.02,0.15
8090,44.53,0.37,45.03,-0.08,0.15,44.96,-0.01,0.15
8100,44.64,-0.29,45.03,-0.08,0.15,44.94,-0.02,0.15
8109,45.35,0.15,45.03,-0.08,0.15,44.96,-0.01,0.15
8120,44.88,-0.77,45.03,-0.08,0.15,44.95,-0.04,0.15
8130,44.98,-0.65,45.03,-0.08,0.15,44.95,-0.05,0.15
8140,45.33,-0.65,45.03,-0.08,0.15,44.96,-0.07,0.15
8150,44.51,0.26,45.03,-0.08,0.15,44.95,-0.06,0.15
8160,44.45,0.16,45.03,-0.08,0.15,44.93,-0.06,0.15
8170,44.51,0.58,45.03,-0.08,0.15,44.92,-0.04,0.15
8180,44.99,-0.04,45.03,-0.08,0.15,44.92,-0.04,0.15
8189,45.19,-0.10,45.03,-0.08,0.15,44.92,-0.04,0.15
8200,45.03,0.32,45.03,-0.08,0.15,44.93,-0.03,0.15
8210,45.70,0.15,45.03,-0.08,0.15,44.95,-0.02,0.15
8220,45.66,-0.25,45.03,-0.08,0.15,44.97,-0.03,0.15
8230,44.99,-0.28,45.03,-0.08,0.15,44.97,-0.04,0.15
8240,44.69,0.20,45.03,-0.08,0.15,44.96,-0.03,0.15
8250,44.99,0.68,45.03,-0.08,0.15,44.96,-0.01,0.15
8260,45.10,0.16,45.03,-0.08,0.15,44.97,-0.00,0.15
8270,44.93,0.10,45.03,-0.08,0.15,44.97,-0.00,0.15
8280,45.16,0.09,45.03,-0.08,0.16,44.97,0.00,0.16
8290,44.83,-0.30,45.03,-0.08,0.16,44.97,-0.01,0.16
8300,45.05,-0.25,45.03,-0.08,0.16,44.97,-0.01,0.16
8310,44.67,0.23,45.03,-0.08,0.16,44.96,-0.00,0.16
8320,44.86,0.52,45.03,-0.08,0.16,44.95,0.01,0.16
8330,44.48,-0.03,45.03,-0.08,0.16,44.94,0.01,0.16
8340,45.21,-0.03,45.03,-0.08,0.16,44.95,0.01,0.16
8350,45.66,-0.22,45.03,-0.08,0.16,44.97,0.00,0.16
8360,44.26,-0.29,45.03,-0.08,0.16,44.95,-0.01,0.16
8370,45.81,0.05,45.03,-0.08,0.16,44.97,-0.00,0.16
8380,44.68,0.05,45.03,-0.08,0.15,44.96,-0.00,0.15
8390,45.23,-0.01,45.03,-0.08,0.15,44.97,-0.00,0.15
8400,45.06,-0.17,45.03,-0.08,0.16,44.97,-0.01,0.16
8410,44.63,0.32,45.03,-0.08,0.16,44.96,0.00,0.16
8420,44.98,-0.37,45.03,-0.08,0.16,44.96,-0.01,0.16
8430,44.81,0.63,45.03,-0.08,0.16,44.95,0.01,0.16
8440,44.41,-0.39,45.03,-0.08,0.16,44.94,0.00,0.16
8450,45.18,-0.08,45.03,-0.08,0.16,44.94,-0.00,0.16
8460,45.37,-0.34,45.03,-0.08,0.16,44.96,-0.01,0.16
8470,44.98,0.16,45.03,-0.08,0.16,44.96,-0.01,0.16
8480,44.97,0.04,45.03,-0.08,0.16,44.96,-0.00,0.16
8490,44.70,-0.14,45.03,-0.08,0.15,44.95,-0.01,0.15
8500,44.74,-0.78,45.03,-0.08,0.15,44.94,-0.03,0.15
8510,44.78,-0.10,45.03,-0.08,0.15,44.94,-0.03,0.15
8520,44.62,0.21,45.03,-0.08,0.16,44.93,-0.03,0.16
8530,44.70,0.21,45.03,-0.08,0.16,44.92,-0.02,0.16
8540,44.60,0.01,45.03,-0.08,0.16,44.91,-0.02,0.16
8550,44.73,-0.00,45.03,-0.08,0.16,44.90,-0.02,0.16
8560,44.40,-0.38,45.03,-0.08,0.16,44.88,-0.03,0.16
8570,45.23,-0.13,45.03,-0.08,0.16,44.90,-0.03,0.16
8580,45.26,-0.42,45.03,-0.08,0.16,44.91,-0.04,0.16
8590,44.72,-0.11,45.03,-0.08,0.16,44.90,-0.04,0.16
8600,45.76,0.47,45.03,-0.08,0.16,44.92,-0.03,0.16
8610,44.63,-0.24,45.03,-0.08,0.16,44.91,-0.04,0.16
8620,45.07,0.03,45.03,-0.08,0.16,44.92,-0.04,0.16
8630,44.88,-0.32,45.03,-0.08,0.16,44.92,-0.04,0.16
8640,45.40,0.16,45.03,-0.08,0.16,44.93,-0.04,0.16
8650,44.63,0.20,45.03,-0.08,0.16,44.92,-0.03,0.16
8660,44.93,-0.24,45.03,-0.08,0.16,44.92,-0.04,0.16
8670,44.79,0.07,45.03,-0.08,0.16,44.92,-0.03,0.16
8680,45.22,-0.55,45.03,-0.08,0.16,44.92,-0.05,0.16
8690,44.62,-0.26,45.03,-0.08,0.16,44.91,-0.06,0.16
8700,46.13,0.76,45.03,-0.08,0.16,44.95,-0.03,0.16
8710,44.84,-0.13,45.03,-0.09,0.16,44.95,-0.04,0.16
8720,44.54,-0.04,45.03,-0.09,0.16,44.93,-0.04,0.16
8730,44.49,-0.50,45.03,-0.08,0.16,44.92,-0.05,0.16
8740,44.78,0.38,45.03,-0.08,0.16,44.91,-0.04,0.16
8750,45.31,-0.37,45.03,-0.09,0.16,44.93,-0.05,0.16
8760,45.66,0.47,45.03,-0.09,0.16,44.95,-0.03,0.16
8770,44.98,-0.48,45.03,-0.09,0.16,44.95,-0.05,0.16
8780,45.25,-0.41,45.03,-0.09,0.16,44.96,-0.06,0.16
8790,45.18,-0.21,45.03,-0.09,0.16,44.96,-0.06,0.16
8800,44.77,0.46,45.03,-0.09,0.16,44.96,-0.05,0.16
8810,45.04,-0.23,45.03,-0.09,0.16,44.96,-0.05,0.16
8820,45.06,0.35,45.03,-0.09,0.16,44.96,-0.04,0.16
8830,45.06,0.04,45.03,-0.09,0.16,44.97,-0.04,0.16
8840,44.58,0.05,45.03,-0.09,0.17,44.95,-0.04,0.17
8850,44.97,0.08,45.03,-0.09,0.17,44.95,-0.03,0.17
8860,44.52,0.03,45.03,-0.09,0.17,44.94,-0.03,0.17
8870,45.06,0.17,45.03,-0.09,0.17,44.94,-0.03,0.17
8880,44.73,-0.08,45.03,-0.09,0.17,44.94,-0.03,0.17
8890,45.19,0.44,45.03,-0.09,0.17,44.94,-0.01,0.17
8900,45.99,-0.39,45.03,-0.09,0.17,44.98,-0.02,0.17
8910,44.57,-0.12,45.03,-0.09,0.17,44.96,-0.03,0.17
8920,45.52,0.50,45.03,-0.09,0.17,44.98,-0.01,0.17
8930,44.77,-0.33,45.03,-0.09,0.17,44.97,-0.02,0.17
8940,44.98,0.07,45.03,-0.09,0.17,44.97,-0.02,0.17
8950,45.18,0.66,45.03,-0.09,0.17,44.98,0.00,0.17
8960,45.46,-0.06,45.03,-0.09,0.17,44.99,0.00,0.17
8970,45.15,-0.28,45.03,-0.09,0.17,45.00,-0.01,0.17
8980,45.58,-0.04,45.03,-0.09,0.17,45.02,-0.01,0.17
8990,44.94,-0.36,45.03,-0.09,0.17,45.01,-0.02,0.17
9000,44.61,-0.29,45.03,-0.09,0.17,45.00,-0.03,0.17
9010,44.50,-0.13,45.03,-0.09,0.17,44.99,-0.03,0.17
9020,45.06,0.48,45.03,-0.09,0.17,44.99,-0.01,0.17
9030,44.99,0.50,45.03,-0.09,0.17,44.99,0.00,0.17
9040,44.50,0.36,45.03,-0.09,0.17,44.97,0.01,0.17
9050,44.48,0.12,45.03,-0.09,0.17,44.96,0.02,0.17
9060,44.98,-0.13,45.03,-0.09,0.17,44.96,0.01,0.17
9070,45.67,-0.67,45.03,-0.09,0.17,44.98,-0.01,0.17
9080,45.34,0.75,45.03,-0.09,0.17,44.99,0.02,0.17
9090,45.00,0.40,45.03,-0.09,0.17,44.99,0.03,0.17
9100,45.22,0.13,45.03,-0.09,0.17,45.00,0.03,0.17
9110,45.21,-0.10,45.03,-0.09,0.17,45.01,0.03,0.17
9120,44.56,-0.30,45.03,-0.09,0.17,44.99,0.02,0.17
9130,45.70,-0.55,45.03,-0.09,0.17,45.01,0.00,0.17
9140,44.97,0.53,45.03,-0.09,0.17,45.01,0.02,0.17
9150,44.76,0.05,45.03,-0.09,0.17,45.01,0.02,0.17
9160,45.11,-0.11,45.03,-0.09,0.17,45.01,0.02,0.17
9170,44.91,-0.08,45.03,-0.09,0.17,45.01,0.01,0.17
9180,45.08,0.14,45.03,-0.09,0.17,45.01,0.02,0.17
9190,44.73,0.15,45.03,-0.09,0.17,45.00,0.02,0.17
9200,44.69,-0.22,45.03,-0.09,0.17,44.99,0.01,0.17
9210,45.08,-0.33,45.03,-0.09,0.17,44.99,0.01,0.17
9220,44.77,-0.37,45.03,-0.09,0.17,44.99,-0.01,0.17
9230,44.52,-0.20,45.03,-0.09,0.17,44.97,-0.01,0.17
9240,44.85,0.05,45.03,-0.09,0.17,44.97,-0.01,0.17
9250,45.36,0.18,45.03,-0.09,0.17,44.98,-0.00,0.17
9260,45.14,0.14,45.03,-0.09,0.17,44.99,0.00,0.17
9270,44.76,-0.06,45.03,-0.09,0.17,44.98,-0.00,0.17
9280,45.19,0.04,45.03,-0.10,0.17,44.99,-0.00,0.17
9290,45.06,0.04,45.03,-0.09,0.17,44.99,0.00,0.17
9300,44.83,-0.07,45.03,-0.10,0.17,44.98,-0.00,0.17
9310,45.40,0.01,45.03,-0.10,0.17,45.00,-0.00,0.17
9320,45.26,0.01,45.03,-0.10,0.18,45.00,-0.00,0.18
9330,45.03,-0.06,45.03,-0.10,0.18,45.01,-0.00,0.18
9340,45.05,-0.20,45.03,-0.10,0.18,45.01,-0.01,0.18
9350,44.78,-0.17,45.03,-0.10,0.18,45.00,-0.01,0.18
9360,44.17,-0.26,45.03,-0.10,0.18,44.97,-0.02,0.18
9370,44.71,0.11,45.03,-0.10,0.18,44.97,-0.02,0.18
9380,45.23,0.10,45.03,-0.10,0.18,44.97,-0.01,0.18
9390,45.86,0.04,45.03,-0.10,0.18,45.00,-0.01,0.18
9400,45.07,-0.55,45.03,-0.10,0.18,45.00,-0.03,0.18
9410,44.84,-0.00,45.03,-0.10,0.18,45.00,-0.03,0.18
9420,45.39,0.21,45.03,-0.10,0.18,45.01,-0.02,0.18
9430,45.39,0.20,45.03,-0.10,0.18,45.02,-0.01,0.18
9440,45.13,-0.39,45.03,-0.10,0.18,45.03,-0.02,0.18
9450,45.05,0.07,45.03,-0.10,0.18,45.03,-0.02,0.18
9460,44.81,-0.12,45.03,-0.10,0.18,45.02,-0.03,0.18
9470,45.48,-0.10,45.03,-0.10,0.18,45.03,-0.03,0.18
9480,45.39,-0.16,45.03,-0.10,0.18,45.04,-0.03,0.18
9490,45.09,0.19,45.03,-0.10,0.18,45.05,-0.02,0.18
9500,45.11,-0.35,45.03,-0.10,0.18,45.05,-0.03,0.18
9510,45.08,-0.58,45.03,-0.10,0.18,45.05,-0.05,0.18
9520,44.68,0.26,45.03,-0.10,0.18,45.04,-0.04,0.18
9530,45.14,0.34,45.03,-0.10,0.18,45.05,-0.03,0.18
9540,45.04,0.34,45.04,-0.10,0.18,45.05,-0.02,0.18
9550,44.95,-0.10,45.03,-0.10,0.18,45.04,-0.02,0.18
9560,44.86,0.24,45.04,-0.10,0.18,45.04,-0.01,0.18
9570,44.38,-0.03,45.04,-0.10,0.18,45.02,-0.01,0.18
9580,45.23,0.04,45.04,-0.10,0.18,45.03,-0.01,0.18
9590,45.53,-0.17,45.03,-0.10,0.18,45.04,-0.02,0.18
9600,44.69,-0.23,45.03,-0.10,0.18,45.03,-0.02,0.18
9610,44.92,0.42,45.03,-0.10,0.18,45.03,-0.01,0.18
9620,45.17,-0.00,45.04,-0.10,0.18,45.03,-0.01,0.18
9630,44.89,0.17,45.03,-0.10,0.18,45.03,-0.00,0.18
9640,45.95,0.29,45.03,-0.10,0.18,45.06,0.00,0.18
9650,44.77,0.31,45.03,-0.10,0.18,45.05,0.01,0.18
9660,45.07,0.18,45.03,-0.10,0.18,45.05,0.02,0.18
9670,44.60,-0.24,45.03,-0.10,0.18,45.04,0.01,0.18
9680,45.30,-0.22,45.03,-0.10,0.18,45.04,0.01,0.18
9690,45.21,-0.31,45.03,-0.10,0.18,45.05,-0.00,0.18
9700,44.87,-0.51,45.03,-0.10,0.18,45.04,-0.02,0.18
9710,44.96,0.91,45.04,-0.10,0.18,45.04,0.01,0.18
9720,44.84,0.70,45.04,-0.10,0.18,45.04,0.03,0.18
9730,45.01,0.03,45.04,-0.10,0.18,45.04,0.03,0.18
9740,45.16,0.10,45.04,-0.10,0.18,45.04,0.03,0.18
9750,44.76,-0.21,45.04,-0.10,0.18,45.03,0.03,0.18
9760,44.60,-0.08,45.04,-0.10,0.18,45.02,0.02,0.18
9770,45.29,-0.02,45.03,-0.10,0.18,45.03,0.02,0.18
9780,44.81,0.25,45.03,-0.10,0.18,45.02,0.03,0.18
9790,44.81,0.17,45.03,-0.10,0.18,45.01,0.04,0.18
9800,45.06,-0.20,45.03,-0.10,0.18,45.02,0.03,0.18
9810,44.94,-0.15,45.03,-0.10,0.18,45.01,0.02,0.18
9820,45.07,-0.00,45.03,-0.10,0.18,45.02,0.02,0.18
9830,45.30,0.14,45.03,-0.10,0.18,45.02,0.03,0.18
9840,45.07,-0.04,45.04,-0.10,0.18,45.03,0.03,0.18
9850,45.14,-0.05,45.03,-0.10,0.18,45.03,0.02,0.18
9860,45.01,-0.15,45.03,-0.10,0.18,45.03,0.02,0.18
9870,44.80,0.04,45.04,-0.10,0.18,45.02,0.02,0.18
9880,44.50,0.10,45.03,-0.10,0.18,45.01,0.02,0.18
9890,45.23,0.17,45.04,-0.10,0.18,45.01,0.03,0.18
9900,44.73,-0.01,45.04,-0.10,0.19,45.01,0.03,0.19
9910,44.81,0.36,45.04,-0.10,0.19,45.00,0.04,0.19
9920,44.30,0.79,45.04,-0.10,0.19,44.98,0.06,0.19
9930,45.36,0.10,45.04,-0.10,0.19,44.99,0.06,0.19
9940,44.85,-0.25,45.04,-0.10,0.19,44.99,0.05,0.19
9950,45.50,-0.02,45.04,-0.10,0.19,45.00,0.05,0.19
9960,44.37,-0.06,45.04,-0.10,0.19,44.98,0.05,0.19
9970,44.58,0.53,45.04,-0.10,0.19,44.97,0.06,0.19
9980,45.13,0.58,45.04,-0.10,0.19,44.97,0.08,0.19
9990,45.61,0.11,45.04,-0.10,0.19,44.99,0.08,0.19
10000,44.37,0.08,45.04,-0.10,0.19,44.97,0.09,0.19
10010,44.77,0.05,45.04,-0.10,0.19,44.97,0.09,0.19
10020,44.36,-0.49,45.04,-0.10,0.19,44.95,0.07,0.19
10030,45.14,-0.04,45.04,-0.10,0.19,44.95,0.07,0.19
10040,44.21,0.21,45.04,-0.10,0.19,44.93,0.07,0.19
10050,44.69,0.07,45.04,-0.10,0.19,44.92,0.07,0.19
10060,45.00,0.02,45.04,-0.10,0.19,44.93,0.07,0.19
10070,44.83,-0.40,45.04,-0.10,0.19,44.92,0.06,0.19
10080,44.72,-0.13,45.04,-0.10,0.19,44.91,0.05,0.19
10090,44.54,-0.48,45.04,-0.10,0.19,44.90,0.04,0.19
10100,45.60,0.52,45.04,-0.10,0.19,44.92,0.05,0.19
10110,45.28,0.06,45.04,-0.10,0.19,44.93,0.05,0.19
10120,45.19,0.14,45.04,-0.10,0.19,44.94,0.06,0.19
10130,45.71,-0.13,45.04,-0.10,0.19,44.97,0.05,0.19
10140,44.70,0.11,45.04,-0.10,0.19,44.96,0.05,0.19
10150,45.22,-0.12,45.04,-0.10,0.19,44.96,0.05,0.19
10160,44.46,0.00,45.04,-0.10,0.19,44.95,0.05,0.19
10170,45.61,-0.14,45.04,-0.10,0.19,44.97,0.04,0.19
10180,44.59,-0.12,45.04,-0.10,0.20,44.96,0.04,0.20
10190,44.49,-0.01,45.04,-0.10,0.20,44.94,0.04,0.20
10200,45.50,-0.11,45.04,-0.10,0.20,44.96,0.03,0.20
10210,45.09,0.11,45.04,-0.10,0.20,44.96,0.04,0.20
10220,44.40,-0.55,45.04,-0.10,0.20,44.94,0.02,0.20
10230,45.53,-0.02,45.04,-0.10,0.20,44.96,0.02,0.20
10240,45.47,0.67,45.04,-0.10,0.20,44.98,0.04,0.20
10250,45.17,0.32,45.04,-0.10,0.20,44.98,0.04,0.20
10260,44.89,-0.06,45.04,-0.10,0.20,44.98,0.04,0.20
10270,45.57,0.09,45.04,-0.10,0.20,45.00,0.04,0.20
10280,45.53,0.22,45.04,-0.10,0.20,45.02,0.05,0.20
10290,45.36,-0.63,45.04,-0.10,0.20,45.03,0.03,0.20
10300,45.36,0.21,45.04,-0.10,0.20,45.04,0.04,0.20
10310,44.35,-0.34,45.04,-0.10,0.20,45.02,0.02,0.20
10320,44.58,-0.40,45.04,-0.10,0.20,45.00,0.01,0.20
10330,44.73,-0.45,45.04,-0.10,0.20,45.00,-0.00,0.20
10340,45.58,-0.19,45.04,-0.10,0.20,45.01,-0.01,0.20
10350,45.48,-0.35,45.04,-0.10,0.20,45.03,-0.02,0.20
10360,45.11,-0.03,45.04,-0.10,0.20,45.03,-0.02,0.20
10370,45.01,0.01,45.04,-0.10,0.20,45.03,-0.02,0.20
10380,45.30,-0.06,45.04,-0.10,0.20,45.04,-0.02,0.20
10390,45.76,-0.24,45.04,-0.10,0.20,45.06,-0.03,0.20
10400,45.20,-0.44,45.04,-0.10,0.20,45.07,-0.04,0.20
10410,44.93,-0.21,45.04,-0.10,0.20,45.06,-0.05,0.20
10420,44.38,-0.21,45.04,-0.11,0.20,45.04,-0.05,0.20
10430,45.20,-0.23,45.04,-0.11,0.20,45.05,-0.06,0.20
10440,44.92,-0.33,45.04,-0.11,0.20,45.04,-0.07,0.20
10450,45.63,-0.22,45.04,-0.11,0.20,45.06,-0.07,0.20
10460,44.93,-0.34,45.04,-0.11,0.20,45.06,-0.08,0.20
10470,45.28,0.28,45.04,-0.11,0.20,45.07,-0.07,0.20
10480,44.05,-0.31,45.04,-0.11,0.20,45.04,-0.08,0.20
10490,44.77,-0.01,45.04,-0.11,0.20,45.03,-0.08,0.20
10500,45.13,0.38,45.04,-0.11,0.20,45.03,-0.07,0.20
10510,44.91,-0.43,45.04,-0.11,0.20,45.03,-0.08,0.20
10520,45.49,0.49,45.04,-0.11,0.20,45.04,-0.06,0.20
10530,45.18,0.46,45.04,-0.11,0.20,45.05,-0.05,0.20
10540,44.54,0.07,45.04,-0.11,0.20,45.03,-0.04,0.20
10550,44.77,0.04,45.04,-0.11,0.20,45.03,-0.04,0.20
10560,45.16,-0.54,45.05,-0.11,0.20,45.03,-0.06,0.20
10570,45.32,-0.23,45.05,-0.11,0.20,45.04,-0.06,0.20
10580,45.22,0.62,45.05,-0.11,0.20,45.05,-0.04,0.20
10590,45.12,-0.22,45.05,-0.11,0.20,45.05,-0.05,0.20
10600,44.61,0.49,45.05,-0.11,0.20,45.04,-0.03,0.20
10610,44.49,0.32,45.05,-0.11,0.20,45.02,-0.02,0.20
10620,44.80,-0.49,45.05,-0.11,0.20,45.01,-0.04,0.20
10630,44.82,-0.26,45.05,-0.11,0.20,45.01,-0.04,0.20
10640,44.97,-0.03,45.05,-0.11,0.20,45.01,-0.04,0.20
10650,44.74,0.11,45.05,-0.11,0.20,45.00,-0.04,0.20
10660,45.55,0.42,45.05,-0.11,0.20,45.01,-0.03,0.20
10670,45.10,-0.44,45.05,-0.11,0.20,45.02,-0.04,0.20
10680,45.95,0.05,45.05,-0.11,0.20,45.05,-0.04,0.20
10690,45.40,-0.44,45.05,-0.11,0.20,45.06,-0.05,0.20
10700,44.73,-0.04,45.05,-0.11,0.20,45.05,-0.05,0.20
10710,44.76,-0.14,45.05,-0.11,0.20,45.04,-0.05,0.20
10720,45.05,0.45,45.05,-0.11,0.20,45.04,-0.04,0.20
10730,44.69,0.51,45.05,-0.11,0.20,45.03,-0.02,0.20
10740,45.43,-0.05,45.05,-0.11,0.20,45.04,-0.02,0.20
10750,45.11,-0.10,45.05,-0.11,0.20,45.05,-0.02,0.20
10760,45.57,0.56,45.05,-0.11,0.20,45.06,-0.00,0.20
10770,45.63,0.18,45.05,-0.11,0.20,45.08,0.00,0.20
10780,45.41,0.64,45.05,-0.11,0.20,45.09,0.02,0.20
10790,44.58,-0.08,45.05,-0.11,0.20,45.07,0.02,0.20
10800,44.25,-0.01,45.05,-0.11,0.20,45.05,0.02,0.20
10810,44.93,-0.04,45.05,-0.11,0.20,45.05,0.02,0.20
10820,45.18,0.17,45.05,-0.11,0.20,45.05,0.02,0.20
10830,45.12,-0.27,45.05,-0.11,0.20,45.05,0.01,0.20
10840,45.50,-0.03,45.05,-0.11,0.21,45.07,0.01,0.21
10850,45.10,-0.13,45.05,-0.11,0.21,45.07,0.01,0.21
10860,44.99,-0.19,45.05,-0.11,0.21,45.07,0.00,0.21
10870,44.96,-0.07,45.05,-0.11,0.21,45.06,0.00,0.21
10880,44.77,0.14,45.05,-0.11,0.21,45.06,0.00,0.21
10890,45.08,0.26,45.05,-0.11,0.21,45.06,0.01,0.21
10900,44.24,0.06,45.05,-0.11,0.21,45.03,0.01,0.21
10910,44.76,-0.37,45.05,-0.11,0.21,45.03,0.00,0.21
10920,45.51,0.06,45.05,-0.11,0.21,45.04,0.01,0.21
10930,44.18,-0.56,45.05,-0.11,0.21,45.01,-0.01,0.21
10940,45.04,-0.07,45.05,-0.11,0.21,45.01,-0.01,0.21
10950,45.35,0.28,45.05,-0.11,0.21,45.02,-0.00,0.21
10960,45.09,-0.11,45.05,-0.11,0.21,45.03,-0.01,0.21
10970,44.91,-0.04,45.05,-0.11,0.21,45.02,-0.01,0.21
10980,45.41,-0.40,45.05,-0.11,0.21,45.03,-0.02,0.21
10990,45.04,-0.29,45.05,-0.11,0.21,45.03,-0.03,0.21
11000,45.45,0.03,45.05,-0.11,0.21,45.05,-0.03,0.21
11010,44.46,-0.15,45.05,-0.11,0.21,45.03,-0.03,0.21
11020,45.06,0.13,45.05,-0.11,0.21,45.03,-0.03,0.21
11030,44.90,-0.38,45.05,-0.11,0.21,45.03,-0.04,0.21
11040,44.96,0.58,45.05,-0.11,0.21,45.02,-0.02,0.21
11050,44.94,-0.42,45.05,-0.11,0.20,45.02,-0.03,0.20
11060,44.93,0.02,45.05,-0.11,0.21,45.02,-0.03,0.21
11070,44.64,-0.06,45.05,-0.11,0.21,45.01,-0.03,0.21
11080,44.84,-0.40,45.05,-0.11,0.21,45.00,-0.04,0.21
11090,44.74,0.28,45.05,-0.11,0.21,44.99,-0.03,0.21
11100,45.00,-0.19,45.05,-0.11,0.21,44.99,-0.04,0.21
11110,45.45,-0.01,45.05,-0.11,0.21,45.01,-0.04,0.21
11120,44.91,-0.03,45.05,-0.11,0.21,45.01,-0.04,0.21
11130,45.08,0.43,45.05,-0.11,0.21,45.01,-0.03,0.21
11140,45.06,-0.59,45.05,-0.11,0.21,45.01,-0.04,0.21
11150,44.68,-0.48,45.05,-0.11,0.21,45.00,-0.06,0.21
11160,45.20,-0.06,45.05,-0.11,0.21,45.01,-0.06,0.21
11170,45.42,0.16,45.05,-0.11,0.21,45.02,-0.05,0.21
11180,45.51,-0.43,45.05,-0.11,0.21,45.03,-0.06,0.21
11190,45.39,-0.13,45.05,-0.11,0.21,45.04,-0.07,0.21
11200,43.72,0.45,45.05,-0.11,0.21,45.00,-0.05,0.21
11210,44.63,-0.63,45.05,-0.11,0.21,44.99,-0.07,0.21
11220,45.78,0.29,45.05,-0.11,0.21,45.02,-0.06,0.21
11230,44.71,-0.64,45.05,-0.11,0.21,45.01,-0.08,0.21
11240,45.31,0.16,45.05,-0.11,0.21,45.02,-0.07,0.21
11250,45.12,-0.04,45.05,-0.11,0.21,45.02,-0.07,0.21
11260,45.06,-0.16,45.05,-0.11,0.21,45.02,-0.07,0.21
11270,44.84,0.15,45.05,-0.11,0.21,45.02,-0.07,0.21
11280,45.04,-0.39,45.05,-0.11,0.21,45.02,-0.08,0.21
11290,44.80,-0.73,45.05,-0.11,0.21,45.01,-0.10,0.21
11300,44.03,0.44,45.05,-0.11,0.21,44.98,-0.08,0.21
11310,44.96,0.45,45.05,-0.11,0.21,44.98,-0.07,0.21
11320,45.31,0.42,45.05,-0.11,0.21,44.99,-0.05,0.21
11330,44.25,-0.19,45.05,-0.11,0.22,44.97,-0.06,0.22
11340,45.01,0.18,45.05,-0.11,0.22,44.97,-0.05,0.22
11350,44.36,0.22,45.05,-0.11,0.22,44.95,-0.04,0.22
11360,44.52,-0.05,45.05,-0.11,0.22,44.93,-0.04,0.22
11370,45.15,0.08,45.05,-0.11,0.22,44.94,-0.04,0.22
11380,44.56,0.41,45.05,-0.12,0.22,44.93,-0.03,0.22
11390,45.05,0.05,45.05,-0.12,0.22,44.93,-0.02,0.22
11400,44.79,-0.10,45.05,-0.12,0.22,44.92,-0.03,0.22
11410,44.83,0.00,45.05,-0.12,0.22,44.92,-0.03,0.22
11420,44.91,-0.19,45.05,-0.12,0.22,44.92,-0.03,0.22
11430,45.16,0.41,45.05,-0.12,0.22,44.92,-0.02,0.22
11440,44.42,-0.48,45.05,-0.12,0.22,44.91,-0.03,0.22
11450,44.61,-0.89,45.05,-0.11,0.22,44.90,-0.06,0.22
11460,44.81,0.47,45.05,-0.11,0.22,44.89,-0.04,0.22
11470,44.99,0.57,45.05,-0.11,0.22,44.90,-0.02,0.22
11480,44.37,0.15,45.05,-0.12,0.22,44.88,-0.02,0.22
11490,44.51,-0.43,45.05,-0.11,0.22,44.87,-0.03,0.22
11500,44.52,0.45,45.05,-0.12,0.22,44.85,-0.02,0.22
11510,44.78,-0.23,45.05,-0.12,0.22,44.85,-0.02,0.22
11520,44.13,0.14,45.05,-0.11,0.22,44.83,-0.02,0.22
11530,45.17,-0.40,45.05,-0.11,0.22,44.84,-0.03,0.22
11540,44.51,0.32,45.05,-0.12,0.22,44.82,-0.02,0.22
11550,45.80,0.76,45.05,-0.12,0.22,44.85,0.01,0.22
11560,45.10,0.18,45.05,-0.12,0.22,44.86,0.01,0.22
11570,44.68,-0.28,45.05,-0.12,0.22,44.85,0.00,0.22
11580,44.84,-0.60,45.05,-0.12,0.22,44.85,-0.02,0.22
11590,45.48,0.28,45.05,-0.12,0.22,44.87,-0.01,0.22
11600,44.42,-0.43,45.05,-0.12,0.22,44.85,-0.02,0.22
11610,44.49,-0.10,45.05,-0.12,0.22,44.84,-0.02,0.22
11620,45.14,-0.07,45.05,-0.12,0.22,44.85,-0.02,0.22
11630,44.72,0.13,45.05,-0.12,0.22,44.84,-0.02,0.22
11640,45.03,0.05,45.05,-0.12,0.22,44.85,-0.02,0.22
11650,44.66,0.05,45.05,-0.12,0.22,44.84,-0.02,0.22
11660,45.28,0.17,45.05,-0.12,0.22,44.85,-0.01,0.22
11670,45.23,0.00,45.05,-0.12,0.22,44.86,-0.01,0.22
11680,44.94,1.07,45.05,-0.12,0.23,44.86,0.02,0.23
11690,45.25,-0.35,45.05,-0.12,0.23,44.88,0.01,0.23
11700,45.20,0.33,45.05,-0.12,0.23,44.89,0.02,0.23
11710,45.39,0.00,45.05,-0.12,0.23,44.90,0.02,0.23
11720,45.31,0.43,45.05,-0.12,0.23,44.91,0.03,0.23
11730,45.48,0.03,45.05,-0.12,0.23,44.93,0.03,0.23
11740,44.91,0.04,45.05,-0.12,0.23,44.93,0.03,0.23
11750,45.05,-0.32,45.05,-0.12,0.23,44.93,0.02,0.23
11760,45.14,0.44,45.05,-0.12,0.23,44.94,0.04,0.23
11770,44.76,0.12,45.05,-0.12,0.23,44.93,0.04,0.23
11780,44.53,-0.20,45.05,-0.12,0.23,44.92,0.04,0.23
11790,44.79,0.16,45.05,-0.12,0.23,44.91,0.04,0.23
11800,45.29,-0.39,45.05,-0.12,0.23,44.92,0.03,0.23
11810,44.49,0.05,45.05,-0.12,0.23,44.91,0.03,0.23
11820,44.86,-0.01,45.05,-0.12,0.23,44.91,0.03,0.23
11830,45.25,0.10,45.05,-0.12,0.23,44.92,0.03,0.23
11840,44.69,0.19,45.05,-0.12,0.23,44.91,0.03,0.23
11850,45.44,-0.38,45.05,-0.12,0.23,44.93,0.02,0.23
11860,44.97,0.49,45.05,-0.12,0.23,44.93,0.04,0.23
11870,45.29,-0.09,45.05,-0.12,0.23,44.94,0.03,0.23
11880,45.28,-0.11,45.05,-0.12,0.23,44.95,0.03,0.23
11890,44.86,1.02,45.05,-0.12,0.23,44.94,0.06,0.23
11900,45.12,0.32,45.05,-0.12,0.23,44.95,0.07,0.23
11910,45.06,-0.29,45.05,-0.12,0.23,44.95,0.06,0.23
11920,44.65,0.11,45.05,-0.12,0.23,44.94,0.06,0.23
11930,44.46,0.62,45.05,-0.12,0.23,44.93,0.08,0.23
11940,44.70,0.08,45.05,-0.12,0.23,44.92,0.08,0.23
11950,45.04,0.69,45.05,-0.13,0.23,44.92,0.10,0.23
11960,44.86,-0.31,45.05,-0.13,0.23,44.92,0.09,0.23
11970,45.06,0.24,45.05,-0.13,0.23,44.93,0.09,0.23
11980,45.14,-0.52,45.06,-0.13,0.23,44.93,0.07,0.23
11990,44.73,0.42,45.06,-0.13,0.23,44.93,0.08,0.23
12000,44.93,0.14,45.05,-0.13,0.23,44.93,0.09,0.23
12010,45.32,-0.27,45.05,-0.13,0.23,44.94,0.08,0.23
12020,44.53,-0.19,45.05,-0.13,0.23,44.92,0.07,0.23
12030,44.93,0.07,45.05,-0.13,0.23,44.92,0.07,0.23
12040,44.60,-0.14,45.05,-0.13,0.23,44.91,0.07,0.23
12050,44.90,0.94,45.05,-0.13,0.24,44.91,0.09,0.24
12060,45.27,0.12,45.05,-0.13,0.24,44.92,0.10,0.24
12070,44.57,-0.01,45.05,-0.13,0.24,44.91,0.09,0.24
12080,44.78,0.02,45.05,-0.13,0.24,44.91,0.09,0.24
12090,44.85,0.48,45.05,-0.13,0.24,44.91,0.11,0.24
12100,44.67,0.17,45.05,-0.13,0.24,44.90,0.11,0.24
12110,45.01,0.01,45.05,-0.13,0.24,44.90,0.11,0.24
12120,44.11,-0.44,45.05,-0.13,0.24,44.87,0.09,0.24
12130,44.77,0.00,45.05,-0.13,0.24,44.87,0.09,0.24
12140,44.97,-0.26,45.05,-0.13,0.24,44.87,0.08,0.24
12150,44.65,0.04,45.05,-0.13,0.24,44.87,0.08,0.24
12160,45.46,0.24,45.05,-0.13,0.24,44.88,0.08,0.24
12170,45.18,0.09,45.05,-0.13,0.24,44.89,0.09,0.24
12180,44.49,0.05,45.05,-0.13,0.24,44.88,0.08,0.24
12190,45.52,-0.22,45.05,-0.13,0.24,44.90,0.08,0.24
12200,44.46,0.12,45.05,-0.13,0.24,44.88,0.08,0.24
12210,44.92,-0.44,45.05,-0.13,0.24,44.89,0.06,0.24
12220,44.63,-0.46,45.06,-0.13,0.24,44.88,0.05,0.24
12230,44.86,-0.41,45.06,-0.13,0.24,44.88,0.04,0.24
12240,44.52,-0.08,45.06,-0.13,0.24,44.86,0.03,0.24
12250,44.70,0.10,45.06,-0.13,0.24,44.86,0.03,0.24
12260,44.66,-0.24,45.06,-0.13,0.24,44.85,0.03,0.24
12270,44.84,-0.23,45.06,-0.13,0.24,44.85,0.02,0.24
12280,44.95,0.29,45.06,-0.13,0.24,44.85,0.03,0.24
12290,45.33,0.17,45.06,-0.13,0.24,44.87,0.03,0.24
12300,45.12,0.23,45.06,-0.13,0.24,44.87,0.04,0.24
12310,44.61,0.62,45.06,-0.13,0.24,44.87,0.06,0.24
12320,44.76,0.21,45.06,-0.12,0.24,44.86,0.06,0.24
12330,45.13,-0.44,45.06,-0.13,0.24,44.87,0.05,0.24
12340,45.30,-0.03,45.06,-0.13,0.24,44.88,0.04,0.24
12350,44.60,0.15,45.06,-0.13,0.24,44.87,0.05,0.24
12360,44.77,0.39,45.06,-0.12,0.24,44.87,0.06,0.24
12370,44.99,0.01,45.06,-0.12,0.24,44.87,0.06,0.24
12380,45.19,-0.14,45.06,-0.13,0.24,44.88,0.05,0.24
12390,44.89,-0.48,45.06,-0.13,0.24,44.88,0.04,0.24
12400,45.08,-0.16,45.06,-0.12,0.24,44.89,0.03,0.24
12410,45.20,-0.17,45.06,-0.13,0.24,44.90,0.02,0.24
12420,44.63,-0.17,45.06,-0.13,0.24,44.89,0.02,0.24
12430,44.80,-0.90,45.06,-0.13,0.24,44.88,-0.01,0.24
12440,44.83,0.05,45.06,-0.13,0.24,44.88,-0.01,0.24
12450,45.09,-0.50,45.06,-0.13,0.24,44.89,-0.02,0.24
12460,44.63,-0.48,45.06,-0.13,0.24,44.88,-0.04,0.24
12470,45.32,-0.07,45.06,-0.13,0.24,44.89,-0.04,0.24
12480,44.29,0.05,45.06,-0.13,0.24,44.87,-0.04,0.24
12490,45.54,0.41,45.06,-0.13,0.25,44.89,-0.03,0.25
12500,45.39,0.49,45.06,-0.13,0.25,44.91,-0.01,0.25
12510,45.24,-0.61,45.06,-0.13,0.24,44.92,-0.03,0.24
12520,44.62,-0.25,45.06,-0.13,0.24,44.91,-0.04,0.24
12530,44.92,-0.35,45.06,-0.13,0.25,44.91,-0.05,0.25
12540,45.64,-0.05,45.06,-0.13,0.25,44.93,-0.05,0.25
12550,45.24,-0.09,45.06,-0.13,0.25,44.94,-0.05,0.25
12560,44.81,-0.07,45.06,-0.13,0.25,44.94,-0.05,0.25
12570,44.79,0.54,45.06,-0.13,0.25,44.93,-0.03,0.25
12580,44.58,-0.27,45.06,-0.13,0.25,44.92,-0.04,0.25
12590,45.29,0.04,45.06,-0.13,0.25,44.93,-0.04,0.25
12600,44.79,-0.02,45.06,-0.13,0.25,44.93,-0.04,0.25
12610,44.57,0.19,45.06,-0.13,0.25,44.92,-0.03,0.25
12620,44.92,-0.05,45.06,-0.13,0.25,44.92,-0.04,0.25
12630,44.89,0.13,45.06,-0.13,0.25,44.92,-0.03,0.25
12640,45.41,-0.23,45.06,-0.13,0.25,44.93,-0.04,0.25
12650,45.80,-0.58,45.06,-0.13,0.25,44.96,-0.05,0.25
12660,44.81,0.86,45.06,-0.13,0.25,44.95,-0.03,0.25
12670,44.82,0.16,45.06,-0.13,0.25,44.95,-0.02,0.25
12680,45.06,0.04,45.06,-0.13,0.25,44.95,-0.02,0.25
12690,45.59,-0.11,45.06,-0.13,0.25,44.97,-0.02,0.25
12700,44.62,0.33,45.06,-0.13,0.25,44.96,-0.01,0.25
12710,44.50,-0.56,45.06,-0.13,0.25,44.95,-0.03,0.25
12720,45.09,0.48,45.06,-0.13,0.25,44.95,-0.02,0.25
12730,44.87,0.03,45.06,-0.13,0.25,44.95,-0.01,0.25
12740,44.80,-0.48,45.06,-0.13,0.25,44.95,-0.03,0.25
12750,45.24,-0.11,45.06,-0.14,0.25,44.96,-0.03,0.25
12760,45.23,0.19,45.06,-0.14,0.25,44.96,-0.03,0.25
12770,44.62,0.38,45.06,-0.14,0.25,44.95,-0.01,0.25
12780,45.15,0.01,45.06,-0.14,0.25,44.96,-0.01,0.25
12790,44.36,0.27,45.06,-0.14,0.25,44.94,-0.00,0.25
12800,44.96,-0.14,45.06,-0.14,0.25,44.94,-0.01,0.25
12810,44.95,-0.39,45.06,-0.14,0.25,44.94,-0.02,0.25
12820,45.04,0.14,45.06,-0.14,0.25,44.94,-0.02,0.25
12830,45.16,0.06,45.06,-0.14,0.25,44.95,-0.01,0.25
12840,44.99,0.05,45.06,-0.14,0.25,44.95,-0.01,0.25
12850,44.82,0.72,45.05,-0.14,0.25,44.95,0.01,0.25
12860,44.61,-0.53,45.05,-0.14,0.25,44.94,-0.01,0.25
12870,44.38,0.31,45.05,-0.14,0.25,44.92,0.00,0.25
12880,45.25,-0.14,45.06,-0.14,0.25,44.93,-0.00,0.25
12890,44.90,0.64,45.06,-0.14,0.25,44.93,0.02,0.25
12900,44.60,0.35,45.06,-0.14,0.25,44.92,0.03,0.25
12910,44.70,0.50,45.06,-0.14,0.25,44.91,0.04,0.25
12920,44.27,0.12,45.06,-0.14,0.25,44.90,0.04,0.25
12930,44.74,0.36,45.06,-0.14,0.25,44.89,0.05,0.25
12940,44.68,-0.05,45.06,-0.14,0.25,44.88,0.05,0.25
12950,46.30,0.30,45.06,-0.14,0.26,44.93,0.06,0.26
12960,44.59,-0.14,45.06,-0.14,0.26,44.92,0.06,0.26
12970,45.26,0.25,45.06,-0.14,0.26,44.93,0.06,0.26
12980,45.33,0.07,45.06,-0.14,0.26,44.94,0.06,0.26
12990,45.50,-0.00,45.06,-0.14,0.26,44.96,0.06,0.26
13000,45.10,-0.17,45.06,-0.14,0.26,44.96,0.06,0.26
13010,45.02,0.20,45.06,-0.14,0.26,44.96,0.06,0.26
13020,44.81,0.00,45.06,-0.14,0.26,44.96,0.06,0.26
13030,45.38,0.78,45.06,-0.14,0.26,44.97,0.08,0.26
13040,44.84,0.89,45.06,-0.14,0.26,44.97,0.11,0.26
13050,45.37,1.17,45.06,-0.14,0.26,44.98,0.14,0.26
13060,45.12,-0.70,45.06,-0.14,0.26,44.99,0.12,0.26
13070,44.21,0.29,45.06,-0.14,0.26,44.96,0.12,0.26
13080,45.41,0.37,45.06,-0.14,0.26,44.98,0.13,0.26
13090,44.69,0.21,45.06,-0.14,0.26,44.97,0.14,0.26
13100,45.27,-0.61,45.06,-0.14,0.26,44.98,0.11,0.26
13110,45.27,0.45,45.06,-0.14,0.26,44.99,0.13,0.26
13120,44.67,0.67,45.06,-0.14,0.26,44.98,0.14,0.26
13130,45.28,-0.48,45.06,-0.14,0.26,44.99,0.12,0.26
13140,45.01,0.30,45.06,-0.14,0.26,44.99,0.13,0.26
13150,44.69,-0.07,45.06,-0.14,0.26,44.98,0.13,0.26
13160,45.20,0.00,45.06,-0.14,0.26,44.99,0.12,0.26
13170,45.71,0.43,45.06,-0.14,0.26,45.01,0.13,0.26
13180,45.30,0.28,45.06,-0.14,0.26,45.02,0.14,0.26
13190,44.88,-0.26,45.06,-0.14,0.26,45.02,0.13,0.26
13200,45.48,0.44,45.06,-0.14,0.26,45.03,0.14,0.26
13210,44.89,-0.15,45.06,-0.14,0.26,45.03,0.13,0.26
13220,44.19,0.28,45.06,-0.14,0.26,45.00,0.14,0.26
13230,44.54,-0.25,45.06,-0.14,0.26,44.99,0.13,0.26
13240,45.46,0.38,45.06,-0.14,0.26,45.01,0.13,0.26
13250,44.74,-0.70,45.06,-0.14,0.26,45.00,0.11,0.26
13260,44.82,0.33,45.06,-0.14,0.26,44.99,0.12,0.26
13270,44.42,0.17,45.06,-0.14,0.26,44.98,0.12,0.26
13280,45.03,-0.14,45.06,-0.14,0.26,44.98,0.11,0.26
13290,45.62,-0.43,45.06,-0.14,0.26,45.00,0.10,0.26
13300,45.28,0.19,45.06,-0.14,0.26,45.01,0.10,0.26
13310,44.78,0.27,45.06,-0.14,0.26,45.00,0.10,0.26
13320,45.67,0.33,45.06,-0.14,0.26,45.02,0.11,0.26
13330,44.38,0.21,45.06,-0.14,0.27,45.00,0.12,0.27
13340,44.58,-0.05,45.06,-0.14,0.26,44.99,0.11,0.26
13350,45.20,-0.39,45.06,-0.14,0.27,45.00,0.10,0.27
13360,45.48,-0.28,45.06,-0.14,0.27,45.01,0.09,0.27
13370,44.76,-0.29,45.06,-0.14,0.27,45.00,0.07,0.27
13380,44.98,0.31,45.06,-0.14,0.27,45.00,0.08,0.27
13390,44.91,0.16,45.06,-0.14,0.27,45.00,0.09,0.27
13400,44.62,0.41,45.06,-0.14,0.27,44.99,0.10,0.27
13410,44.59,0.10,45.06,-0.14,0.27,44.98,0.10,0.27
13420,44.82,0.32,45.06,-0.15,0.27,44.98,0.10,0.27
13430,44.90,-0.05,45.06,-0.15,0.27,44.97,0.10,0.27
13440,45.42,0.69,45.06,-0.14,0.27,44.99,0.12,0.27
13450,44.87,-0.78,45.06,-0.14,0.27,44.98,0.09,0.27
13460,45.94,-0.05,45.06,-0.15,0.27,45.01,0.09,0.27
13470,44.05,0.15,45.06,-0.15,0.27,44.99,0.09,0.27
13480,45.24,-0.16,45.06,-0.15,0.27,44.99,0.08,0.27
13490,45.13,-0.06,45.06,-0.15,0.27,45.00,0.08,0.27
13500,44.96,0.18,45.06,-0.15,0.27,45.00,0.08,0.27
13510,45.51,-0.13,45.06,-0.15,0.27,45.01,0.08,0.27
13520,45.37,0.02,45.06,-0.15,0.27,45.03,0.07,0.27
13530,44.84,-0.13,45.06,-0.15,0.27,45.02,0.07,0.27
13540,44.34,-0.14,45.06,-0.15,0.27,45.00,0.06,0.27
13550,45.16,-0.50,45.07,-0.15,0.27,45.01,0.05,0.27
13560,44.57,-0.05,45.07,-0.15,0.27,44.99,0.04,0.27
13570,45.45,0.29,45.07,-0.15,0.27,45.01,0.05,0.27
13580,45.24,0.45,45.07,-0.15,0.27,45.02,0.06,0.27
13590,44.29,-0.15,45.07,-0.15,0.28,44.99,0.06,0.28
13600,44.20,0.18,45.07,-0.15,0.28,44.97,0.06,0.28
13610,44.65,0.16,45.06,-0.14,0.28,44.96,0.06,0.28
13620,44.69,0.11,45.07,-0.14,0.28,44.95,0.07,0.28
13630,45.08,0.10,45.06,-0.14,0.27,44.95,0.07,0.27
13640,44.67,0.10,45.07,-0.14,0.27,44.95,0.07,0.27
13650,44.98,0.02,45.06,-0.14,0.27,44.95,0.07,0.27
13660,44.95,-0.03,45.06,-0.15,0.28,44.95,0.06,0.28
13670,45.12,-0.27,45.07,-0.15,0.28,44.95,0.05,0.28
13680,44.59,-0.41,45.07,-0.15,0.28,44.94,0.04,0.28
13690,45.01,-0.08,45.07,-0.15,0.28,44.94,0.04,0.28
13700,45.16,-0.14,45.07,-0.15,0.28,44.95,0.03,0.28
13710,45.00,-0.47,45.07,-0.15,0.28,44.95,0.02,0.28
13720,45.05,-0.11,45.07,-0.15,0.28,44.95,0.01,0.28
13730,44.79,0.22,45.07,-0.15,0.28,44.95,0.02,0.28
13740,44.59,-0.23,45.07,-0.15,0.28,44.94,0.01,0.28
13750,44.89,0.17,45.07,-0.15,0.28,44.94,0.01,0.28
13760,44.94,0.28,45.07,-0.15,0.28,44.94,0.02,0.28
13770,45.48,-0.35,45.07,-0.15,0.28,44.95,0.01,0.28
13780,45.62,-0.48,45.07,-0.15,0.28,44.97,-0.01,0.28
13790,44.78,-0.40,45.07,-0.15,0.28,44.97,-0.02,0.28
13800,44.74,-0.45,45.07,-0.15,0.28,44.96,-0.03,0.28
13810,44.95,-0.31,45.07,-0.15,0.28,44.96,-0.04,0.28
13820,45.25,0.41,45.07,-0.15,0.28,44.97,-0.03,0.28
13830,44.20,-0.66,45.07,-0.15,0.28,44.94,-0.05,0.28
13840,44.88,0.34,45.07,-0.15,0.28,44.94,-0.04,0.28
13850,45.13,-0.65,45.07,-0.15,0.28,44.95,-0.06,0.28
13860,44.68,-0.28,45.07,-0.15,0.28,44.94,-0.06,0.28
13870,44.93,0.40,45.07,-0.15,0.28,44.94,-0.05,0.28
13880,44.96,-0.46,45.07,-0.15,0.28,44.94,-0.06,0.28
13890,44.56,0.74,45.07,-0.15,0.28,44.93,-0.04,0.28
13900,44.82,0.08,45.06,-0.15,0.28,44.92,-0.04,0.28
13910,45.11,-0.13,45.06,-0.15,0.28,44.93,-0.04,0.28
13920,44.55,0.25,45.06,-0.15,0.28,44.92,-0.03,0.28
13930,44.85,0.04,45.06,-0.15,0.28,44.91,-0.03,0.28
13940,44.39,-0.07,45.06,-0.15,0.28,44.90,-0.03,0.28
13950,44.98,0.16,45.06,-0.15,0.28,44.90,-0.03,0.28
13960,44.69,0.03,45.06,-0.15,0.28,44.89,-0.03,0.28
13970,45.01,0.30,45.07,-0.15,0.28,44.90,-0.02,0.28
13980,44.95,-0.24,45.07,-0.15,0.28,44.90,-0.02,0.28
13990,45.39,0.17,45.07,-0.15,0.28,44.91,-0.02,0.28
14000,45.71,-0.30,45.07,-0.15,0.28,44.94,-0.03,0.28
14010,45.07,0.02,45.07,-0.15,0.28,44.94,-0.03,0.28
14020,44.70,-0.22,45.07,-0.15,0.28,44.93,-0.03,0.28
14030,44.76,0.04,45.07,-0.15,0.28,44.93,-0.03,0.28
14040,44.65,0.08,45.07,-0.15,0.28,44.92,-0.03,0.28
14050,45.69,-0.63,45.07,-0.15,0.28,44.94,-0.05,0.28
14060,45.06,0.32,45.07,-0.15,0.28,44.94,-0.04,0.28
14070,45.20,-0.33,45.07,-0.15,0.28,44.95,-0.05,0.28
14080,44.99,-0.42,45.07,-0.15,0.28,44.95,-0.06,0.28
14090,44.99,0.18,45.07,-0.15,0.28,44.95,-0.06,0.28
14100,44.80,-0.06,45.07,-0.15,0.28,44.95,-0.06,0.28
14110,45.18,-0.01,45.07,-0.15,0.28,44.96,-0.06,0.28
14120,45.32,-0.63,45.07,-0.15,0.28,44.97,-0.07,0.28
14130,45.34,0.69,45.07,-0.15,0.28,44.98,-0.05,0.28
14140,45.31,-0.18,45.07,-0.15,0.28,44.99,-0.06,0.28
14150,45.28,0.35,45.07,-0.15,0.28,45.00,-0.05,0.28
14160,45.49,-0.09,45.07,-0.15,0.28,45.01,-0.05,0.28
14170,45.03,0.24,45.07,-0.15,0.28,45.02,-0.04,0.28
14180,44.98,0.57,45.07,-0.15,0.28,45.01,-0.02,0.28
14190,45.14,-0.64,45.07,-0.15,0.28,45.02,-0.04,0.28
14200,44.92,-0.12,45.07,-0.15,0.28,45.02,-0.04,0.28
14210,45.42,0.35,45.07,-0.15,0.28,45.03,-0.03,0.28
14220,45.61,0.67,45.07,-0.15,0.29,45.05,-0.01,0.29
14230,44.49,0.11,45.07,-0.15,0.29,45.03,-0.01,0.29
14240,44.71,0.55,45.07,-0.15,0.29,45.02,0.01,0.29
14250,44.68,0.41,45.07,-0.15,0.28,45.01,0.02,0.28
14260,44.93,-0.02,45.07,-0.15,0.29,45.01,0.02,0.29
14270,44.74,0.21,45.07,-0.15,0.29,45.00,0.03,0.29
14280,45.00,-0.28,45.07,-0.15,0.29,45.00,0.02,0.29
14290,44.45,-0.04,45.07,-0.15,0.29,44.99,0.02,0.29
14300,45.07,0.54,45.07,-0.15,0.29,44.99,0.03,0.29
14310,45.28,-0.01,45.07,-0.15,0.29,45.00,0.03,0.29
14320,44.80,-0.41,45.07,-0.15,0.29,44.99,0.02,0.29
14330,45.34,-0.35,45.07,-0.15,0.29,45.01,0.01,0.29
14340,44.83,0.14,45.07,-0.15,0.29,45.00,0.01,0.29
14350,44.54,0.05,45.07,-0.15,0.29,44.99,0.01,0.29
14360,44.31,0.52,45.07,-0.15,0.29,44.97,0.03,0.29
14370,45.32,-0.19,45.07,-0.15,0.29,44.98,0.02,0.29
14380,44.65,0.20,45.07,-0.15,0.29,44.97,0.03,0.29
14390,45.69,0.30,45.07,-0.15,0.29,44.99,0.04,0.29
14400,44.95,0.54,45.07,-0.15,0.29,44.99,0.05,0.29
14410,44.49,-0.16,45.07,-0.15,0.29,44.97,0.05,0.29
14420,44.24,-0.60,45.07,-0.15,0.29,44.95,0.03,0.29
14430,45.16,-0.02,45.07,-0.15,0.29,44.96,0.02,0.29
14440,44.70,0.25,45.07,-0.15,0.29,44.95,0.03,0.29
14450,44.59,-0.17,45.07,-0.15,0.29,44.94,0.03,0.29
14460,44.25,-0.30,45.07,-0.15,0.29,44.92,0.02,0.29
14470,44.80,0.27,45.07,-0.15,0.29,44.91,0.02,0.29
14480,44.98,-0.34,45.07,-0.15,0.29,44.91,0.01,0.29
14490,44.87,0.67,45.07,-0.15,0.29,44.91,0.03,0.29
14500,45.45,-0.31,45.07,-0.15,0.29,44.93,0.02,0.29
14510,44.64,-0.10,45.07,-0.15,0.29,44.92,0.02,0.29
14520,44.85,0.03,45.07,-0.15,0.29,44.92,0.02,0.29
14530,45.13,0.10,45.07,-0.15,0.29,44.92,0.02,0.29
14540,45.31,-0.45,45.07,-0.15,0.29,44.93,0.01,0.29
14550,45.35,-0.50,45.07,-0.15,0.29,44.95,-0.01,0.29
14560,44.88,-0.74,45.07,-0.15,0.29,44.95,-0.03,0.29
14570,44.34,0.03,45.07,-0.15,0.29,44.93,-0.03,0.29
14580,45.25,0.31,45.07,-0.15,0.29,44.94,-0.02,0.29
14590,44.81,0.39,45.07,-0.15,0.29,44.93,-0.01,0.29
14600,44.88,0.37,45.07,-0.15,0.29,44.93,0.01,0.29
14610,45.19,-0.05,45.07,-0.15,0.29,44.94,0.00,0.29
14620,44.89,0.08,45.07,-0.15,0.29,44.94,0.01,0.29
14630,44.58,0.23,45.07,-0.15,0.29,44.93,0.01,0.29
14640,45.66,-0.12,45.07,-0.15,0.29,44.95,0.01,0.29
14650,44.96,0.25,45.07,-0.15,0.29,44.95,0.02,0.29
14660,46.03,-0.05,45.07,-0.15,0.29,44.98,0.01,0.29
14670,44.76,0.49,45.07,-0.15,0.29,44.98,0.03,0.29
14680,45.13,0.49,45.08,-0.15,0.29,44.98,0.04,0.29
14690,45.01,-0.64,45.08,-0.15,0.29,44.98,0.02,0.29
14700,45.28,0.08,45.07,-0.15,0.30,44.99,0.02,0.30
14710,45.51,0.37,45.07,-0.15,0.29,45.01,0.03,0.29
14720,44.33,-0.37,45.07,-0.15,0.29,44.99,0.02,0.29
14730,45.27,0.12,45.07,-0.15,0.29,45.00,0.02,0.29
14740,45.00,-0.59,45.07,-0.15,0.30,45.00,0.01,0.30
14750,45.23,-0.27,45.07,-0.15,0.29,45.00,-0.00,0.29
14760,45.19,-0.14,45.07,-0.15,0.29,45.01,-0.01,0.29
14770,45.08,-0.36,45.07,-0.15,0.29,45.01,-0.02,0.29
14780,45.47,-0.28,45.07,-0.15,0.30,45.03,-0.03,0.30
14790,44.92,-0.06,45.07,-0.15,0.30,45.02,-0.03,0.30
14800,45.02,0.21,45.07,-0.15,0.30,45.02,-0.02,0.30
14810,45.08,0.29,45.07,-0.16,0.30,45.03,-0.01,0.30
14820,45.58,0.52,45.07,-0.16,0.30,45.04,0.00,0.30
14830,44.96,-0.23,45.07,-0.16,0.30,45.04,-0.00,0.30
14840,44.93,-0.05,45.07,-0.16,0.30,45.04,-0.01,0.30
14850,44.74,-0.25,45.07,-0.16,0.30,45.03,-0.01,0.30
14860,44.59,0.14,45.07,-0.16,0.30,45.02,-0.01,0.30
14870,45.95,-0.29,45.07,-0.15,0.30,45.05,-0.02,0.30
14880,45.22,0.09,45.07,-0.15,0.30,45.05,-0.01,0.30
14890,44.33,0.38,45.07,-0.15,0.30,45.03,-0.00,0.30
14900,44.56,0.37,45.07,-0.15,0.30,45.02,0.01,0.30
14910,44.72,-0.15,45.07,-0.15,0.30,45.01,0.00,0.30
14920,43.95,0.08,45.07,-0.15,0.30,44.98,0.01,0.30
14930,45.17,0.50,45.07,-0.15,0.30,44.98,0.02,0.30
14940,45.04,0.25,45.07,-0.15,0.30,44.98,0.03,0.30
14950,44.77,-0.15,45.07,-0.16,0.30,44.98,0.02,0.30
14960,44.22,-0.33,45.07,-0.15,0.30,44.95,0.01,0.30
14970,45.27,0.21,45.07,-0.15,0.30,44.96,0.02,0.30
14980,44.97,0.71,45.07,-0.15,0.30,44.96,0.04,0.30
14990,45.52,-0.18,45.07,-0.15,0.30,44.98,0.03,0.30
15000,44.79,0.08,44.96,-0.15,0.30,44.87,0.04,0.30
15010,43.33,0.36,44.74,-0.16,0.30,44.60,0.05,0.30
15020,44.01,-0.03,44.51,-0.16,0.30,44.36,0.04,0.30
15030,43.50,1.22,44.29,-0.16,0.30,44.12,0.08,0.30
15040,43.41,0.10,44.06,-0.16,0.30,43.88,0.08,0.30
15050,42.36,0.28,43.83,-0.16,0.30,43.61,0.09,0.30
15060,43.95,-0.26,43.61,-0.16,0.30,43.40,0.08,0.30
15070,43.76,1.22,43.39,-0.16,0.30,43.20,0.11,0.30
15080,43.51,1.49,43.16,-0.16,0.30,42.99,0.16,0.30
15090,42.47,0.92,42.94,-0.16,0.30,42.75,0.18,0.30
15100,42.72,0.35,42.71,-0.16,0.30,42.53,0.19,0.30
15110,41.40,0.23,42.49,-0.16,0.30,42.28,0.19,0.30
15120,43.66,1.26,42.26,-0.16,0.30,42.10,0.22,0.30
15130,41.52,-0.45,42.04,-0.16,0.30,41.87,0.20,0.30
15140,40.78,0.30,41.81,-0.16,0.30,41.61,0.21,0.30
15150,40.43,0.66,41.58,-0.16,0.30,41.36,0.23,0.30
15160,41.32,-0.01,41.36,-0.16,0.31,41.14,0.22,0.31
15170,41.97,0.29,41.13,-0.16,0.31,40.94,0.22,0.31
15180,40.51,0.46,40.91,-0.16,0.31,40.71,0.23,0.31
15190,40.65,0.06,40.68,-0.16,0.31,40.49,0.23,0.31
15200,39.24,-0.54,40.46,-0.16,0.31,40.23,0.21,0.31
15210,42.78,-1.15,40.23,-0.16,0.31,40.09,0.17,0.31
15220,41.62,-1.07,40.01,-0.16,0.31,39.92,0.13,0.31
15230,40.48,1.39,39.79,-0.16,0.31,39.72,0.17,0.31
15240,38.82,1.00,39.56,-0.16,0.31,39.47,0.20,0.31
15250,39.54,0.39,39.33,-0.16,0.31,39.26,0.20,0.31
15260,38.86,-0.36,39.11,-0.16,0.31,39.03,0.19,0.31
15270,37.96,0.73,38.88,-0.16,0.31,38.78,0.21,0.31
15280,39.04,1.08,38.66,-0.16,0.31,38.57,0.23,0.31
15290,38.44,0.01,38.43,-0.16,0.31,38.35,0.23,0.31
15300,38.93,0.40,38.21,-0.16,0.31,38.15,0.24,0.31
15310,37.70,-0.21,37.98,-0.16,0.31,37.91,0.22,0.31
15320,37.75,-0.24,37.76,-0.16,0.31,37.69,0.21,0.31
15330,38.99,-0.11,37.53,-0.16,0.31,37.51,0.20,0.31
15340,36.33,0.84,37.31,-0.16,0.31,37.26,0.23,0.31
15350,39.30,0.58,37.08,-0.16,0.31,37.10,0.24,0.31
15360,39.20,0.59,36.86,-0.16,0.31,36.95,0.25,0.31
15370,35.76,-0.04,36.63,-0.16,0.31,36.70,0.24,0.31
15380,36.10,0.72,36.41,-0.16,0.31,36.46,0.26,0.31
15390,36.21,-0.48,36.18,-0.16,0.31,36.24,0.24,0.31
15400,36.80,2.50,35.96,-0.16,0.31,36.04,0.31,0.31
15410,35.71,0.25,35.73,-0.16,0.31,35.81,0.31,0.31
15420,36.06,-0.53,35.51,-0.16,0.31,35.61,0.29,0.31
15430,34.84,-0.98,35.28,-0.16,0.31,35.37,0.25,0.31
15440,35.37,-0.97,35.06,-0.16,0.31,35.15,0.21,0.31
15450,35.45,-1.15,34.83,-0.16,0.31,34.94,0.17,0.31
15460,32.22,-1.37,34.61,-0.16,0.31,34.64,0.13,0.31
15470,33.84,0.78,34.38,-0.16,0.31,34.40,0.15,0.31
15480,35.65,-1.10,34.16,-0.16,0.31,34.22,0.11,0.31
15490,32.61,-1.35,33.93,-0.16,0.31,33.96,0.07,0.31
15500,33.76,-0.53,33.71,-0.16,0.31,33.73,0.05,0.31
15510,33.26,-0.89,33.48,-0.16,0.31,33.50,0.02,0.31
15520,32.51,-0.41,33.26,-0.16,0.32,33.25,0.00,0.32
15530,33.15,0.84,33.03,-0.16,0.32,33.03,0.03,0.32
15540,35.20,0.08,32.81,-0.16,0.32,32.88,0.03,0.32
15550,32.57,1.49,32.58,-0.16,0.32,32.66,0.07,0.32
15560,31.81,1.48,32.36,-0.16,0.32,32.41,0.12,0.32
15570,29.87,-1.21,32.13,-0.16,0.32,32.12,0.08,0.32
15580,32.04,1.14,31.91,-0.16,0.32,31.90,0.11,0.32
15590,33.28,1.74,31.68,-0.16,0.32,31.73,0.16,0.32
15600,30.86,0.57,31.46,-0.16,0.32,31.48,0.17,0.32
15610,30.53,0.00,31.23,-0.16,0.32,31.24,0.17,0.32
15620,30.77,1.04,31.01,-0.16,0.32,31.01,0.20,0.32
15630,29.89,1.79,30.79,-0.16,0.32,30.75,0.25,0.32
15640,29.95,-0.87,30.56,-0.17,0.32,30.51,0.21,0.32
15650,31.58,-0.33,30.33,-0.17,0.32,30.33,0.20,0.32
15660,29.86,-1.10,30.11,-0.17,0.32,30.09,0.16,0.32
15670,29.66,0.35,29.88,-0.17,0.32,29.86,0.17,0.32
15680,29.17,-0.97,29.66,-0.17,0.32,29.62,0.13,0.32
15690,29.34,0.76,29.43,-0.17,0.32,29.40,0.15,0.32
15700,30.76,0.68,29.21,-0.17,0.32,29.22,0.17,0.32
15710,27.44,0.30,28.98,-0.17,0.32,28.95,0.17,0.32
15720,28.97,-0.68,28.76,-0.17,0.32,28.73,0.15,0.32
15730,29.14,-0.62,28.53,-0.17,0.32,28.53,0.13,0.32
15740,29.50,-0.28,28.31,-0.17,0.32,28.34,0.11,0.32
15750,26.63,-0.37,28.09,-0.17,0.32,28.07,0.10,0.32
15760,28.98,-0.81,27.86,-0.17,0.32,27.88,0.07,0.32
15770,28.25,-0.03,27.63,-0.17,0.32,27.67,0.07,0.32
15780,25.82,0.20,27.41,-0.17,0.32,27.40,0.07,0.32
15790,27.19,-0.38,27.19,-0.17,0.32,27.18,0.06,0.32
15800,25.71,-0.39,26.96,-0.17,0.32,26.91,0.04,0.32
15810,27.36,1.25,26.74,-0.17,0.32,26.71,0.08,0.32
15820,24.97,-0.53,26.51,-0.17,0.32,26.44,0.06,0.32
15830,26.56,0.21,26.29,-0.17,0.32,26.22,0.06,0.32
15840,27.15,1.80,26.06,-0.17,0.32,26.03,0.12,0.32
15850,24.25,0.72,25.84,-0.17,0.32,25.76,0.13,0.32
15860,26.41,-0.34,25.61,-0.17,0.32,25.56,0.12,0.32
15870,26.05,0.06,25.39,-0.17,0.32,25.36,0.12,0.32
15880,25.48,-0.17,25.16,-0.17,0.32,25.14,0.11,0.32
15890,25.31,1.36,24.93,-0.17,0.32,24.93,0.15,0.32
15900,26.04,-0.86,24.71,-0.17,0.32,24.75,0.12,0.32
15910,25.51,-1.15,24.48,-0.17,0.32,24.55,0.08,0.32
15920,22.26,0.68,24.26,-0.17,0.32,24.27,0.10,0.32
15930,23.09,-0.14,24.04,-0.17,0.32,24.02,0.09,0.32
15940,24.17,0.96,23.81,-0.17,0.32,23.80,0.12,0.32
15950,23.48,0.05,23.58,-0.17,0.32,23.57,0.12,0.32
15960,21.90,1.43,23.36,-0.17,0.32,23.31,0.16,0.32
15970,23.90,-0.58,23.13,-0.17,0.33,23.11,0.14,0.33
15980,21.51,-1.17,22.91,-0.17,0.33,22.84,0.10,0.33
15990,23.58,0.72,22.68,-0.17,0.33,22.64,0.12,0.33
16000,22.50,-0.25,22.46,-0.17,0.33,22.42,0.11,0.33
16010,22.65,0.56,22.23,-0.17,0.33,22.21,0.12,0.33
16020,21.95,0.09,22.01,-0.17,0.33,21.98,0.12,0.33
16030,20.32,0.73,21.78,-0.17,0.33,21.71,0.14,0.33
16040,22.33,0.64,21.56,-0.17,0.33,21.51,0.15,0.33
16050,21.45,1.38,21.33,-0.17,0.33,21.30,0.19,0.33
16059,20.07,-0.45,21.11,-0.17,0.33,21.04,0.17,0.33
16070,19.92,1.10,20.88,-0.17,0.33,20.79,0.20,0.33
16080,21.66,-1.40,20.66,-0.17,0.33,20.60,0.15,0.33
16090,19.21,0.29,20.43,-0.17,0.33,20.34,0.16,0.33
16100,21.16,0.49,20.21,-0.17,0.33,20.14,0.17,0.33
16110,19.49,0.96,19.98,-0.17,0.33,19.90,0.19,0.33
16120,18.54,-0.03,19.76,-0.17,0.33,19.64,0.19,0.33
16129,20.49,0.10,19.53,-0.17,0.33,19.45,0.19,0.33
16140,19.48,-0.14,19.31,-0.17,0.33,19.23,0.18,0.33
16149,19.78,-1.06,19.08,-0.17,0.33,19.03,0.14,0.33
16160,18.98,1.13,18.86,-0.17,0.33,18.81,0.17,0.33
16170,19.05,0.49,18.63,-0.17,0.33,18.60,0.18,0.33
16180,16.21,-1.20,18.41,-0.17,0.33,18.31,0.14,0.33
16190,18.77,-1.08,18.18,-0.17,0.33,18.11,0.11,0.33
16200,17.70,-0.39,17.96,-0.17,0.33,17.88,0.09,0.33
16210,18.28,0.95,17.73,-0.17,0.33,17.67,0.12,0.33
16219,16.87,-0.17,17.51,-0.17,0.33,17.43,0.11,0.33
16230,17.41,-0.73,17.28,-0.17,0.34,17.21,0.08,0.34
16240,17.12,0.20,17.06,-0.17,0.34,16.99,0.09,0.34
16250,17.32,-0.43,16.84,-0.17,0.34,16.78,0.07,0.34
16260,15.67,-0.56,16.61,-0.17,0.34,16.53,0.05,0.34
16270,16.94,-1.05,16.39,-0.17,0.34,16.32,0.02,0.34
16280,17.14,0.57,16.16,-0.17,0.34,16.13,0.03,0.34
16290,15.75,0.17,15.94,-0.17,0.34,15.90,0.04,0.34
16300,17.37,-1.16,15.71,-0.17,0.34,15.73,-0.00,0.34
16309,15.41,-0.32,15.49,-0.17,0.34,15.50,-0.01,0.34
16320,15.37,-0.04,15.26,-0.17,0.33,15.28,-0.01,0.33
16330,15.02,0.48,15.04,-0.17,0.34,15.05,-0.00,0.34
16340,13.92,-0.74,14.81,-0.17,0.34,14.80,-0.02,0.34
16350,14.94,-0.54,14.58,-0.17,0.34,14.59,-0.04,0.34
16360,12.47,0.45,14.36,-0.17,0.34,14.30,-0.03,0.34
16370,14.00,0.16,14.13,-0.17,0.34,14.08,-0.02,0.34
16379,13.95,-0.07,13.91,-0.17,0.34,13.85,-0.03,0.34
16390,14.56,-0.02,13.68,-0.17,0.34,13.66,-0.03,0.34
16400,13.43,-0.41,13.46,-0.17,0.34,13.43,-0.04,0.34
16410,13.47,-1.00,13.23,-0.17,0.34,13.22,-0.07,0.34
16420,13.40,-0.91,13.01,-0.17,0.34,13.00,-0.10,0.34
16430,14.76,1.00,12.78,-0.17,0.34,12.84,-0.07,0.34
16440,11.66,-0.65,12.56,-0.17,0.34,12.59,-0.09,0.34
16450,12.52,-0.81,12.34,-0.17,0.34,12.37,-0.11,0.34
16460,11.97,1.01,12.11,-0.17,0.34,12.14,-0.08,0.34
16470,12.17,1.07,11.89,-0.17,0.34,11.92,-0.05,0.34
16480,12.32,0.20,11.66,-0.17,0.34,11.72,-0.04,0.34
16490,11.87,-0.82,11.43,-0.17,0.34,11.50,-0.07,0.34
16500,11.53,1.83,11.21,-0.17,0.34,11.29,-0.01,0.34
16510,11.50,-1.14,10.98,-0.17,0.34,11.08,-0.04,0.34
16520,9.81,0.18,10.76,-0.17,0.34,10.82,-0.04,0.34
16530,11.16,-0.80,10.54,-0.17,0.34,10.62,-0.06,0.34
16540,11.44,0.49,10.31,-0.17,0.34,10.43,-0.05,0.34
16550,11.16,0.22,10.09,-0.17,0.34,10.23,-0.04,0.34
16560,10.42,-0.07,9.86,-0.17,0.34,10.02,-0.04,0.34
16570,10.01,-0.38,9.64,-0.17,0.34,9.80,-0.05,0.34
16580,8.37,-1.07,9.41,-0.17,0.34,9.54,-0.09,0.34
16590,7.75,0.25,9.19,-0.17,0.34,9.27,-0.08,0.34
16600,8.31,-1.38,8.96,-0.17,0.34,9.03,-0.12,0.34
16610,9.87,0.37,8.74,-0.17,0.34,8.83,-0.11,0.34
16620,7.56,-0.32,8.51,-0.17,0.34,8.58,-0.11,0.34
16630,8.68,0.29,8.29,-0.17,0.34,8.37,-0.10,0.34
16640,6.12,0.50,8.06,-0.17,0.34,8.08,-0.09,0.34
16650,6.76,-0.99,7.84,-0.17,0.34,7.82,-0.11,0.34
16660,8.16,-1.92,7.61,-0.17,0.34,7.61,-0.17,0.34
16670,7.32,-0.08,7.39,-0.17,0.34,7.39,-0.17,0.34
16680,7.65,-0.44,7.16,-0.18,0.34,7.18,-0.18,0.34
16690,7.42,-0.34,6.94,-0.18,0.34,6.97,-0.19,0.34
16700,6.28,-0.70,6.71,-0.18,0.34,6.73,-0.21,0.34
16710,6.64,-0.18,6.49,-0.18,0.35,6.51,-0.21,0.35
16720,5.69,0.73,6.26,-0.18,0.35,6.27,-0.18,0.35
16730,5.15,-1.34,6.04,-0.18,0.35,6.01,-0.22,0.35
16740,5.32,-0.15,5.81,-0.18,0.35,5.77,-0.22,0.35
16750,7.53,0.39,5.59,-0.18,0.35,5.61,-0.21,0.35
16760,4.79,0.45,5.36,-0.18,0.35,5.37,-0.19,0.35
16770,4.61,0.10,5.14,-0.18,0.35,5.13,-0.18,0.35
16780,4.61,-0.19,4.91,-0.18,0.35,4.89,-0.18,0.35
16790,5.76,0.38,4.69,-0.18,0.35,4.70,-0.17,0.35
16800,4.12,-0.20,4.46,-0.18,0.35,4.47,-0.17,0.35
16810,5.40,0.93,4.24,-0.18,0.35,4.28,-0.14,0.35
16820,4.85,-0.16,4.01,-0.18,0.35,4.08,-0.14,0.35
16830,4.01,0.88,3.79,-0.18,0.35,3.86,-0.11,0.35
16840,2.94,-1.14,3.56,-0.18,0.35,3.61,-0.15,0.35
16850,2.91,1.01,3.34,-0.18,0.35,3.37,-0.11,0.35
16860,2.69,0.10,3.11,-0.18,0.35,3.13,-0.11,0.35
16870,2.04,-0.24,2.89,-0.18,0.35,2.88,-0.11,0.35
16880,1.44,-1.14,2.67,-0.18,0.35,2.62,-0.15,0.35
16890,1.89,0.24,2.44,-0.18,0.35,2.38,-0.13,0.35
16900,4.05,2.27,2.22,-0.18,0.35,2.22,-0.06,0.35
16910,2.19,-0.58,1.99,-0.18,0.35,2.00,-0.08,0.35
16920,0.37,-1.19,1.77,-0.18,0.35,1.73,-0.11,0.35
16930,1.86,0.17,1.54,-0.18,0.35,1.51,-0.11,0.35
16940,0.85,0.94,1.32,-0.18,0.35,1.28,-0.08,0.35
16950,0.79,1.22,1.09,-0.18,0.35,1.04,-0.04,0.35
16960,1.69,-0.62,0.87,-0.18,0.35,0.85,-0.05,0.35
16970,1.43,-0.97,0.64,-0.18,0.35,0.65,-0.08,0.35
16980,-0.60,-1.06,0.42,-0.18,0.35,0.39,-0.11,0.35
16990,0.47,-0.53,0.19,-0.18,0.35,0.17,-0.13,0.35
17000,0.39,-0.18,0.08,-0.18,0.35,0.07,-0.13,0.35
17010,-0.40,-0.12,0.08,-0.18,0.35,0.06,-0.13,0.35
17020,0.07,-0.46,0.08,-0.18,0.35,0.06,-0.14,0.35
17030,-0.06,0.55,0.08,-0.18,0.35,0.05,-0.12,0.35
17040,-0.19,0.56,0.08,-0.18,0.35,0.05,-0.10,0.35
17050,0.22,0.19,0.08,-0.18,0.35,0.05,-0.09,0.35
17060,-0.00,-0.22,0.08,-0.18,0.35,0.05,-0.10,0.35
17070,0.08,-0.23,0.08,-0.18,0.35,0.05,-0.10,0.35
17080,0.31,0.21,0.08,-0.18,0.35,0.06,-0.09,0.35
17090,0.39,-0.01,0.08,-0.18,0.35,0.07,-0.09,0.35
17100,-0.43,0.34,0.08,-0.18,0.35,0.05,-0.08,0.35
17110,0.03,-0.04,0.08,-0.18,0.36,0.05,-0.08,0.36
17120,-0.15,-0.22,0.08,-0.18,0.36,0.05,-0.08,0.36
17130,0.35,0.23,0.08,-0.18,0.36,0.06,-0.07,0.36
17140,0.48,-0.37,0.08,-0.18,0.36,0.07,-0.08,0.36
17150,0.55,-0.28,0.08,-0.18,0.36,0.08,-0.09,0.36
17160,0.56,-0.06,0.08,-0.18,0.36,0.10,-0.09,0.36
17170,-0.50,-0.31,0.08,-0.18,0.36,0.08,-0.09,0.36
17180,-0.46,-0.69,0.08,-0.18,0.36,0.06,-0.11,0.36
17190,-0.06,-0.38,0.08,-0.18,0.36,0.06,-0.12,0.36
17200,0.18,0.34,0.08,-0.18,0.36,0.06,-0.11,0.36
17210,-0.07,-0.16,0.08,-0.18,0.36,0.06,-0.11,0.36
17220,1.16,0.39,0.08,-0.18,0.36,0.09,-0.10,0.36
17230,0.66,0.32,0.08,-0.18,0.36,0.11,-0.08,0.36
17240,-0.02,0.48,0.08,-0.18,0.36,0.11,-0.07,0.36
17250,-0.54,0.08,0.08,-0.18,0.36,0.09,-0.06,0.36
17260,-0.16,-0.48,0.08,-0.18,0.36,0.08,-0.08,0.36
17270,0.08,-0.34,0.08,-0.18,0.36,0.08,-0.09,0.36
17280,0.51,-0.50,0.08,-0.18,0.36,0.09,-0.10,0.36
17290,0.10,-0.24,0.08,-0.18,0.36,0.09,-0.10,0.36
17300,-0.52,-0.14,0.08,-0.18,0.36,0.08,-0.11,0.36
17310,-0.15,0.22,0.08,-0.18,0.36,0.07,-0.10,0.36
17320,-0.45,0.29,0.08,-0.18,0.36,0.05,-0.09,0.36
17330,-0.21,-0.28,0.08,-0.18,0.36,0.04,-0.09,0.36
17340,-0.21,-0.01,0.08,-0.18,0.36,0.04,-0.09,0.36
17350,-0.37,0.25,0.08,-0.18,0.36,0.02,-0.08,0.36
17360,0.06,0.26,0.08,-0.18,0.36,0.02,-0.07,0.36
17370,-0.15,-0.20,0.08,-0.18,0.36,0.02,-0.08,0.36
17380,0.05,-0.28,0.08,-0.18,0.36,0.02,-0.08,0.36
17390,0.07,0.05,0.08,-0.18,0.36,0.02,-0.08,0.36
17400,-0.12,0.49,0.08,-0.18,0.36,0.02,-0.06,0.36
17410,0.32,0.21,0.08,-0.18,0.36,0.02,-0.06,0.36
17420,0.33,0.14,0.08,-0.18,0.36,0.03,-0.05,0.36
17430,-0.08,-0.30,0.08,-0.18,0.36,0.03,-0.06,0.36
17440,0.34,-0.35,0.08,-0.18,0.36,0.04,-0.07,0.36
17450,-0.14,0.04,0.08,-0.18,0.36,0.03,-0.07,0.36
17460,-0.30,0.42,0.08,-0.18,0.36,0.02,-0.05,0.36
17470,-0.04,0.42,0.08,-0.18,0.36,0.02,-0.04,0.36
17480,-0.18,0.18,0.08,-0.18,0.36,0.01,-0.03,0.36
17490,0.39,-0.04,0.08,-0.18,0.36,0.03,-0.03,0.36
17500,0.24,0.16,0.08,-0.18,0.36,0.03,-0.02,0.36
17510,-0.35,-0.06,0.08,-0.18,0.36,0.02,-0.03,0.36
17520,0.06,-0.38,0.08,-0.18,0.37,0.02,-0.04,0.37
17530,-0.40,0.27,0.08,-0.18,0.37,0.01,-0.03,0.37
17540,-0.24,-0.07,0.08,-0.18,0.37,0.00,-0.03,0.37
17550,-0.28,-0.44,0.08,-0.18,0.37,-0.01,-0.04,0.37
17560,-0.39,-0.01,0.08,-0.19,0.37,-0.02,-0.04,0.37
17570,-0.23,-0.24,0.08,-0.19,0.37,-0.03,-0.05,0.37
17580,0.51,-0.07,0.08,-0.19,0.37,-0.01,-0.05,0.37
17590,-0.72,0.20,0.08,-0.19,0.37,-0.03,-0.04,0.37
17600,-0.13,-0.37,0.08,-0.19,0.37,-0.04,-0.05,0.37
17610,0.04,0.18,0.08,-0.19,0.37,-0.04,-0.04,0.37
17620,-0.06,0.19,0.08,-0.19,0.37,-0.04,-0.04,0.37
17630,-0.06,0.23,0.08,-0.19,0.37,-0.04,-0.03,0.37
17640,0.23,-0.01,0.08,-0.19,0.37,-0.03,-0.03,0.37
17650,-0.25,0.43,0.08,-0.19,0.37,-0.04,-0.01,0.37
17660,-0.95,0.09,0.08,-0.19,0.37,-0.07,-0.01,0.37
17670,-0.39,-0.52,0.08,-0.19,0.37,-0.08,-0.03,0.37
17680,0.05,-0.09,0.08,-0.19,0.37,-0.08,-0.03,0.37
17690,-0.57,0.03,0.08,-0.19,0.37,-0.09,-0.03,0.37
17700,-0.15,-0.44,0.08,-0.19,0.37,-0.10,-0.04,0.37
17710,0.08,0.10,0.08,-0.19,0.37,-0.09,-0.03,0.37
17720,0.35,-0.19,0.08,-0.19,0.37,-0.08,-0.04,0.37
17730,-0.73,0.02,0.08,-0.19,0.37,-0.10,-0.04,0.37
17740,0.30,-0.07,0.08,-0.19,0.37,-0.09,-0.04,0.37
17750,0.32,0.01,0.08,-0.19,0.37,-0.08,-0.04,0.37
17760,-0.60,-0.14,0.08,-0.19,0.37,-0.10,-0.04,0.37
17770,0.64,-0.37,0.08,-0.19,0.37,-0.08,-0.05,0.37
17780,-0.03,-0.61,0.08,-0.19,0.37,-0.08,-0.07,0.37
17790,0.78,-0.30,0.08,-0.19,0.37,-0.05,-0.08,0.37
17800,0.95,0.02,0.08,-0.19,0.37,-0.02,-0.07,0.37
17810,-0.87,-0.06,0.08,-0.19,0.37,-0.05,-0.07,0.37
17820,-0.06,0.13,0.08,-0.19,0.37,-0.05,-0.07,0.37
17830,-0.27,0.53,0.08,-0.19,0.37,-0.06,-0.05,0.37
17840,0.23,0.05,0.08,-0.19,0.37,-0.05,-0.05,0.37
17850,-0.05,-0.09,0.08,-0.19,0.37,-0.05,-0.05,0.37
17860,-0.86,-0.11,0.08,-0.19,0.37,-0.07,-0.05,0.37
17870,-0.18,-0.18,0.08,-0.19,0.37,-0.08,-0.05,0.37
17880,0.64,-0.53,0.08,-0.19,0.37,-0.06,-0.07,0.37
17890,0.52,0.27,0.08,-0.19,0.37,-0.04,-0.06,0.37
17900,-0.19,0.15,0.08,-0.19,0.37,-0.05,-0.05,0.37
17910,-0.23,-0.54,0.08,-0.19,0.37,-0.05,-0.07,0.37
17920,0.51,-0.06,0.08,-0.19,0.37,-0.04,-0.07,0.37
17930,-0.26,0.80,0.08,-0.19,0.37,-0.04,-0.04,0.37
17940,-0.11,-0.19,0.08,-0.19,0.37,-0.04,-0.05,0.37
17950,0.16,0.13,0.08,-0.19,0.37,-0.04,-0.04,0.37
17960,0.73,-0.09,0.08,-0.19,0.37,-0.02,-0.04,0.37
17970,-0.52,0.14,0.08,-0.19,0.37,-0.03,-0.04,0.37
17980,0.02,0.14,0.08,-0.19,0.38,-0.03,-0.03,0.38
17990,0.01,0.08,0.08,-0.19,0.38,-0.03,-0.03,0.38
18000,0.60,-0.18,0.08,-0.19,0.38,-0.01,-0.03,0.38
18010,0.32,0.46,0.08,-0.19,0.38,-0.00,-0.02,0.38
18020,-0.51,0.31,0.08,-0.19,0.38,-0.02,-0.01,0.38
18030,-0.70,-0.15,0.08,-0.19,0.38,-0.04,-0.01,0.38
18040,-0.07,-0.07,0.08,-0.19,0.38,-0.04,-0.01,0.38
18050,0.06,-0.19,0.08,-0.19,0.38,-0.04,-0.02,0.38
18060,-0.12,-0.24,0.08,-0.19,0.38,-0.04,-0.03,0.38
18070,-0.24,0.23,0.08,-0.19,0.38,-0.04,-0.02,0.38
18080,-0.07,0.28,0.08,-0.19,0.38,-0.05,-0.01,0.38
18090,0.67,-0.20,0.08,-0.19,0.38,-0.02,-0.01,0.38
18100,-0.50,-0.29,0.08,-0.19,0.38,-0.04,-0.02,0.38
18110,-0.19,-0.59,0.08,-0.20,0.38,-0.04,-0.04,0.38
18120,0.55,-0.13,0.08,-0.20,0.38,-0.03,-0.04,0.38
18130,0.53,-0.37,0.08,-0.20,0.38,-0.01,-0.05,0.38
18140,0.10,0.88,0.08,-0.20,0.38,-0.01,-0.02,0.38
18150,0.42,0.04,0.08,-0.20,0.38,0.01,-0.02,0.38
18160,1.10,0.00,0.08,-0.20,0.38,0.04,-0.02,0.38
18170,0.39,0.08,0.08,-0.20,0.38,0.05,-0.02,0.38
18180,-0.42,-0.27,0.08,-0.19,0.38,0.04,-0.03,0.38
18190,-0.13,0.18,0.08,-0.19,0.38,0.03,-0.02,0.38
18200,-0.37,0.42,0.09,-0.20,0.38,0.02,-0.01,0.38
18210,0.29,0.42,0.09,-0.20,0.38,0.03,0.01,0.38
18220,0.38,0.46,0.09,-0.20,0.38,0.04,0.02,0.38
18230,-0.41,0.12,0.09,-0.20,0.38,0.03,0.03,0.38
18240,0.30,0.09,0.09,-0.20,0.38,0.03,0.03,0.38
18250,-0.01,0.28,0.09,-0.20,0.38,0.03,0.04,0.38
18260,-0.10,-0.26,0.09,-0.20,0.38,0.03,0.03,0.38
18270,0.10,-0.04,0.09,-0.20,0.38,0.03,0.03,0.38
18280,0.10,-0.38,0.09,-0.20,0.38,0.03,0.02,0.38
18290,0.69,0.25,0.09,-0.20,0.38,0.05,0.02,0.38
18300,-0.20,-0.16,0.09,-0.20,0.38,0.05,0.02,0.38
18310,-0.18,-0.29,0.09,-0.20,0.38,0.04,0.01,0.38
18320,0.30,0.14,0.09,-0.20,0.38,0.05,0.01,0.38
18330,0.09,0.71,0.09,-0.20,0.38,0.05,0.03,0.38
18340,-0.19,-0.02,0.09,-0.20,0.38,0.04,0.03,0.38
18350,-0.06,0.03,0.09,-0.20,0.38,0.04,0.04,0.38
18360,0.86,-0.27,0.09,-0.20,0.38,0.07,0.03,0.38
18370,0.54,0.36,0.09,-0.20,0.38,0.08,0.04,0.38
18380,-0.26,0.04,0.09,-0.20,0.38,0.07,0.04,0.38
18390,0.11,-0.43,0.09,-0.20,0.38,0.07,0.03,0.38
18400,0.53,-0.20,0.09,-0.20,0.38,0.09,0.02,0.38
18410,0.45,0.21,0.08,-0.20,0.38,0.10,0.02,0.38
18420,-0.86,0.32,0.09,-0.20,0.38,0.07,0.03,0.38
18430,-0.30,0.26,0.09,-0.20,0.38,0.06,0.04,0.38
18440,-0.15,0.10,0.08,-0.20,0.38,0.05,0.05,0.38
18450,0.09,0.39,0.08,-0.20,0.38,0.05,0.06,0.38
18460,-0.47,0.07,0.08,-0.20,0.38,0.04,0.06,0.38
18470,0.06,0.05,0.08,-0.20,0.38,0.04,0.06,0.38
18480,-0.10,0.37,0.09,-0.19,0.38,0.03,0.07,0.38
18490,0.26,-0.56,0.08,-0.20,0.38,0.04,0.05,0.38
18500,1.09,0.45,0.09,-0.20,0.38,0.07,0.06,0.38
18510,0.17,0.35,0.09,-0.20,0.38,0.08,0.07,0.38
18520,-0.01,0.28,0.09,-0.20,0.39,0.08,0.08,0.39
18530,-0.28,0.15,0.09,-0.20,0.39,0.07,0.08,0.39
18540,-0.27,0.00,0.09,-0.20,0.39,0.06,0.08,0.39
18550,0.16,0.33,0.09,-0.20,0.39,0.06,0.09,0.39
18560,0.18,0.19,0.09,-0.20,0.39,0.06,0.10,0.39
18570,-0.40,-0.29,0.08,-0.20,0.39,0.05,0.08,0.39
18580,0.09,0.03,0.09,-0.20,0.39,0.05,0.08,0.39
18590,-0.06,0.10,0.09,-0.20,0.39,0.05,0.08,0.39
18600,0.46,0.43,0.09,-0.20,0.39,0.06,0.10,0.39
18610,-0.94,-0.73,0.09,-0.20,0.39,0.03,0.07,0.39
18620,-0.03,-0.06,0.09,-0.20,0.39,0.03,0.07,0.39
18630,0.32,-0.08,0.09,-0.20,0.39,0.04,0.06,0.39
18640,-0.09,-0.02,0.09,-0.20,0.39,0.04,0.06,0.39
18650,0.43,-0.46,0.09,-0.20,0.39,0.05,0.05,0.39
18660,0.21,0.67,0.09,-0.20,0.39,0.05,0.07,0.39
18670,-0.27,-0.64,0.09,-0.20,0.39,0.04,0.05,0.39
18680,-0.23,-0.29,0.09,-0.20,0.39,0.04,0.04,0.39
18690,0.07,-0.28,0.09,-0.20,0.39,0.04,0.03,0.39
18700,0.04,-0.18,0.09,-0.20,0.39,0.04,0.02,0.39
18710,0.15,-0.21,0.09,-0.20,0.39,0.04,0.01,0.39
18720,-0.19,0.72,0.09,-0.20,0.39,0.03,0.03,0.39
18730,-0.02,0.00,0.09,-0.20,0.39,0.03,0.03,0.39
18740,0.30,-0.16,0.09,-0.20,0.39,0.04,0.03,0.39
18750,-0.24,-0.20,0.09,-0.20,0.39,0.03,0.02,0.39
18760,0.35,0.69,0.09,-0.20,0.39,0.04,0.04,0.39
18770,-0.23,0.34,0.09,-0.20,0.39,0.03,0.05,0.39
18780,-0.14,-0.15,0.09,-0.20,0.39,0.03,0.04,0.39
18790,0.20,-0.39,0.09,-0.20,0.39,0.03,0.03,0.39
18800,-0.14,-0.26,0.09,-0.20,0.39,0.03,0.02,0.39
18810,-0.23,0.54,0.09,-0.20,0.39,0.02,0.04,0.39
18820,-0.20,0.05,0.09,-0.20,0.39,0.01,0.04,0.39
18830,0.43,0.03,0.09,-0.20,0.39,0.02,0.04,0.39
18840,-0.28,0.12,0.09,-0.20,0.39,0.01,0.04,0.39
18850,0.22,0.32,0.09,-0.20,0.39,0.02,0.05,0.39
18860,-0.48,-0.08,0.09,-0.20,0.39,0.01,0.05,0.39
18870,0.10,-0.17,0.09,-0.20,0.39,0.01,0.04,0.39
18880,0.02,-0.83,0.09,-0.20,0.39,0.01,0.02,0.39
18890,0.07,-0.53,0.09,-0.20,0.39,0.01,-0.00,0.39
18900,0.24,-0.66,0.09,-0.20,0.39,0.02,-0.02,0.39
18910,-0.10,-0.28,0.09,-0.20,0.39,0.01,-0.03,0.39
18920,0.46,-0.04,0.09,-0.21,0.39,0.03,-0.03,0.39
18930,0.11,0.06,0.09,-0.21,0.39,0.03,-0.03,0.39
18940,0.60,-0.44,0.09,-0.21,0.39,0.05,-0.04,0.39
18950,-0.30,0.23,0.09,-0.21,0.39,0.04,-0.03,0.39
18960,-0.18,0.08,0.09,-0.21,0.39,0.03,-0.03,0.39
18970,-0.20,-0.00,0.09,-0.21,0.39,0.02,-0.03,0.39
18980,0.26,-0.29,0.09,-0.21,0.39,0.03,-0.04,0.39
18990,-0.21,0.14,0.09,-0.21,0.39,0.02,-0.03,0.39
19000,0.81,0.09,0.09,-0.21,0.39,0.05,-0.03,0.39
19010,-0.43,-0.02,0.09,-0.21,0.39,0.04,-0.03,0.39
19020,-0.91,0.20,0.09,-0.21,0.39,0.01,-0.02,0.39
19030,-0.27,-0.72,0.09,-0.21,0.39,-0.00,-0.04,0.39
19040,0.13,-0.15,0.09,-0.21,0.39,0.00,-0.05,0.39
19050,-0.41,0.20,0.09,-0.20,0.39,-0.01,-0.04,0.39
19060,-0.08,0.38,0.09,-0.20,0.40,-0.01,-0.03,0.40
19070,-0.64,0.12,0.09,-0.20,0.40,-0.03,-0.02,0.40
19080,0.17,-0.26,0.09,-0.20,0.40,-0.03,-0.03,0.40
19090,-0.14,-0.37,0.09,-0.20,0.40,-0.03,-0.04,0.40
19100,0.41,0.25,0.09,-0.20,0.40,-0.02,-0.03,0.40
19110,0.03,0.39,0.09,-0.20,0.40,-0.02,-0.02,0.40
19120,0.43,-0.15,0.09,-0.21,0.40,-0.00,-0.02,0.40
19130,0.58,0.27,0.09,-0.21,0.40,0.01,-0.01,0.40
19140,-0.93,0.21,0.09,-0.21,0.40,-0.02,-0.01,0.40
19150,0.15,-0.20,0.09,-0.21,0.40,-0.01,-0.01,0.40
19160,-0.74,-0.35,0.09,-0.21,0.40,-0.03,-0.02,0.40
19170,-0.56,-0.74,0.09,-0.21,0.40,-0.05,-0.05,0.40
19180,-0.08,-0.03,0.09,-0.21,0.40,-0.05,-0.05,0.40
19190,-0.60,0.22,0.09,-0.21,0.40,-0.07,-0.04,0.40
19200,-0.51,-0.02,0.09,-0.20,0.40,-0.08,-0.04,0.40
19210,-0.13,-0.28,0.09,-0.20,0.40,-0.08,-0.04,0.40
19220,-0.07,-0.56,0.10,-0.20,0.40,-0.08,-0.06,0.40
19230,0.33,0.18,0.10,-0.20,0.40,-0.07,-0.05,0.40
19240,0.38,0.38,0.10,-0.20,0.40,-0.06,-0.04,0.40
19250,0.34,0.17,0.10,-0.21,0.40,-0.05,-0.04,0.40
19260,-0.13,-0.24,0.10,-0.20,0.40,-0.05,-0.04,0.40
19270,-0.45,-0.45,0.10,-0.21,0.40,-0.06,-0.05,0.40
19280,-0.66,0.80,0.10,-0.21,0.40,-0.08,-0.03,0.40
19290,0.12,-0.07,0.10,-0.21,0.40,-0.08,-0.03,0.40
19300,-0.18,-0.07,0.10,-0.21,0.40,-0.08,-0.03,0.40
19310,-0.00,-0.33,0.10,-0.21,0.40,-0.08,-0.04,0.40
19320,-0.31,0.39,0.10,-0.21,0.40,-0.09,-0.03,0.40
19330,0.03,0.01,0.10,-0.21,0.40,-0.09,-0.03,0.40
19340,0.42,-0.14,0.10,-0.21,0.40,-0.07,-0.03,0.40
19350,-0.10,0.60,0.10,-0.21,0.40,-0.07,-0.01,0.40
19360,0.35,-0.65,0.10,-0.21,0.40,-0.06,-0.03,0.40
19370,0.47,0.18,0.10,-0.21,0.40,-0.05,-0.03,0.40
19380,-0.23,0.43,0.10,-0.21,0.40,-0.05,-0.01,0.40
19390,0.36,-0.28,0.10,-0.21,0.40,-0.04,-0.02,0.40
19400,0.12,0.26,0.10,-0.21,0.40,-0.04,-0.01,0.40
19410,-0.16,0.06,0.10,-0.21,0.40,-0.04,-0.01,0.40
19420,-0.59,0.09,0.10,-0.21,0.40,-0.06,-0.01,0.40
19430,0.02,-0.76,0.10,-0.21,0.40,-0.06,-0.03,0.40
19440,0.23,0.18,0.10,-0.21,0.40,-0.05,-0.02,0.40
19450,-0.10,0.42,0.09,-0.21,0.40,-0.05,-0.01,0.40
19460,0.16,0.14,0.10,-0.21,0.40,-0.04,-0.01,0.40
19470,0.18,-0.26,0.10,-0.21,0.40,-0.04,-0.02,0.40
19480,-0.45,-0.26,0.09,-0.21,0.40,-0.05,-0.02,0.40
19490,-0.45,-0.52,0.09,-0.21,0.40,-0.06,-0.04,0.40
19500,-0.22,0.01,0.09,-0.21,0.41,-0.07,-0.04,0.41
19510,-0.37,0.00,0.09,-0.21,0.41,-0.08,-0.04,0.41
19520,0.38,0.04,0.09,-0.21,0.41,-0.07,-0.03,0.41
19530,0.12,-0.05,0.09,-0.21,0.40,-0.06,-0.04,0.40
19540,-0.20,-0.09,0.09,-0.21,0.40,-0.07,-0.04,0.40
19550,0.19,-0.39,0.09,-0.21,0.40,-0.06,-0.05,0.40
19560,0.25,-0.50,0.09,-0.21,0.41,-0.05,-0.06,0.41
19570,-0.54,0.04,0.10,-0.21,0.41,-0.07,-0.06,0.41
19580,-0.66,-0.46,0.10,-0.21,0.41,-0.08,-0.07,0.41
19590,-0.11,-0.24,0.10,-0.21,0.41,-0.08,-0.08,0.41
19600,0.43,0.04,0.10,-0.22,0.41,-0.07,-0.08,0.41
19610,0.22,-0.13,0.10,-0.21,0.41,-0.06,-0.08,0.41
19620,-0.53,-0.11,0.10,-0.21,0.41,-0.08,-0.08,0.41
19630,0.53,0.26,0.10,-0.21,0.41,-0.06,-0.07,0.41
19640,0.07,0.90,0.10,-0.21,0.41,-0.06,-0.04,0.41
19650,0.23,0.29,0.10,-0.21,0.41,-0.05,-0.03,0.41
19660,-0.43,0.03,0.10,-0.21,0.41,-0.06,-0.03,0.41
19670,0.66,0.51,0.10,-0.21,0.41,-0.04,-0.01,0.41
19680,-0.09,-0.25,0.10,-0.21,0.41,-0.04,-0.02,0.41
19690,-0.27,0.06,0.10,-0.21,0.41,-0.05,-0.01,0.41
19700,0.20,0.73,0.10,-0.21,0.41,-0.04,0.01,0.41
19710,-0.16,0.04,0.10,-0.21,0.41,-0.04,0.01,0.41
19720,0.17,0.06,0.10,-0.21,0.41,-0.04,0.01,0.41
19730,-0.30,-0.08,0.10,-0.22,0.41,-0.05,0.01,0.41
19740,0.28,0.22,0.10,-0.22,0.41,-0.04,0.01,0.41
19750,0.29,-0.46,0.10,-0.22,0.41,-0.03,-0.00,0.41
19760,-0.16,0.36,0.10,-0.21,0.41,-0.03,0.01,0.41
19770,-0.19,-0.01,0.10,-0.22,0.41,-0.03,0.01,0.41
19780,-0.29,-0.22,0.10,-0.21,0.41,-0.04,0.00,0.41
19790,-0.03,0.12,0.10,-0.22,0.41,-0.04,0.01,0.41
19800,-0.01,-0.30,0.10,-0.22,0.41,-0.04,-0.00,0.41
19810,0.24,0.17,0.10,-0.22,0.41,-0.03,0.00,0.41
19820,-0.11,0.03,0.10,-0.22,0.41,-0.04,0.01,0.41
19830,-0.06,-0.09,0.10,-0.22,0.41,-0.04,0.00,0.41
19840,0.54,-0.11,0.10,-0.21,0.41,-0.02,0.00,0.41
19850,0.11,-0.07,0.10,-0.21,0.41,-0.02,-0.00,0.41
19860,-0.25,0.18,0.10,-0.21,0.41,-0.02,0.00,0.41
19870,-0.35,0.51,0.10,-0.21,0.41,-0.03,0.02,0.41
19880,-0.36,0.73,0.10,-0.21,0.41,-0.04,0.04,0.41
19890,-0.18,0.46,0.10,-0.21,0.41,-0.05,0.06,0.41
19900,-0.11,-0.42,0.10,-0.21,0.41,-0.05,0.04,0.41
19910,0.01,0.10,0.10,-0.21,0.41,-0.05,0.04,0.41
19920,-0.67,-0.34,0.10,-0.22,0.41,-0.07,0.03,0.41
19930,0.01,0.15,0.10,-0.22,0.41,-0.06,0.04,0.41
19940,-0.30,-0.34,0.10,-0.22,0.41,-0.07,0.03,0.41
19950,0.47,-0.24,0.10,-0.22,0.41,-0.06,0.02,0.41
19960,-0.47,0.29,0.10,-0.21,0.41,-0.07,0.03,0.41
19970,0.59,0.59,0.10,-0.22,0.41,-0.05,0.04,0.41
19980,0.36,0.32,0.10,-0.22,0.41,-0.04,0.05,0.41
19990,-0.05,0.18,0.10,-0.22,0.41,-0.04,0.06,0.41
20000,0.14,0.37,0.10,-0.14,0.41,-0.03,0.14,0.41
20010,1.56,-0.98,0.10,0.01,0.41,0.01,0.25,0.41
20020,0.46,-0.80,0.10,0.16,0.42,0.03,0.37,0.42
20030,0.79,2.35,0.10,0.31,0.42,0.05,0.57,0.42
20040,1.05,0.62,0.10,0.46,0.42,0.08,0.72,0.42
20050,-0.05,1.23,0.10,0.61,0.42,0.08,0.88,0.42
20060,0.33,1.72,0.10,0.76,0.42,0.09,1.05,0.42
20070,-0.41,1.38,0.10,0.91,0.42,0.07,1.21,0.42
20080,-0.84,1.70,0.10,1.06,0.42,0.05,1.37,0.42
20090,-0.13,2.56,0.10,1.21,0.42,0.04,1.55,0.42
20100,-0.46,1.48,0.10,1.36,0.42,0.03,1.70,0.42
20110,-1.10,1.23,0.10,1.51,0.42,-0.01,1.83,0.42
20120,-0.33,2.53,0.10,1.66,0.42,-0.02,2.00,0.42
20130,0.55,1.88,0.10,1.81,0.42,0.00,2.14,0.42
20140,-0.61,0.22,0.10,1.96,0.42,-0.02,2.23,0.42
20150,-0.34,2.75,0.10,2.11,0.42,-0.03,2.39,0.42
20160,-0.02,2.37,0.10,2.26,0.42,-0.03,2.54,0.42
20170,0.27,2.64,0.10,2.41,0.42,-0.02,2.69,0.42
20180,0.53,2.59,0.10,2.56,0.42,-0.00,2.83,0.42
20190,0.23,3.40,0.10,2.71,0.42,0.00,2.99,0.42
20200,1.49,2.44,0.10,2.86,0.42,0.05,3.12,0.42
20210,-0.24,5.04,0.10,3.01,0.42,0.04,3.33,0.42
20220,0.25,3.09,0.10,3.16,0.42,0.05,3.47,0.42
20230,2.11,2.91,0.10,3.31,0.42,0.11,3.60,0.42
20240,0.80,3.36,0.10,3.46,0.42,0.13,3.74,0.42
20250,-0.33,4.35,0.10,3.61,0.42,0.12,3.90,0.42
20260,-0.32,3.71,0.10,3.76,0.42,0.11,4.04,0.42
20270,-1.19,4.01,0.10,3.91,0.42,0.07,4.19,0.42
20280,-0.80,4.01,0.10,4.06,0.42,0.04,4.33,0.42
20290,-0.70,4.51,0.10,4.21,0.42,0.02,4.48,0.42
20300,0.28,4.10,0.10,4.36,0.42,0.03,4.61,0.42
20310,-0.31,4.44,0.10,4.51,0.42,0.02,4.75,0.42
20320,0.07,5.17,0.10,4.66,0.42,0.02,4.91,0.42
20330,0.11,4.10,0.10,4.81,0.42,0.02,5.03,0.42
20340,-0.34,4.17,0.10,4.96,0.42,0.01,5.15,0.42
20350,-1.78,5.26,0.10,5.11,0.42,-0.04,5.30,0.42
20360,0.07,5.08,0.10,5.26,0.42,-0.04,5.44,0.42
20370,-0.61,5.44,0.10,5.41,0.42,-0.06,5.58,0.42
20380,1.44,6.55,0.10,5.56,0.42,-0.01,5.76,0.42
20390,1.78,4.76,0.10,5.71,0.42,0.04,5.87,0.42
20400,1.49,5.99,0.10,5.86,0.42,0.09,6.02,0.42
20410,-0.23,6.79,0.10,6.01,0.42,0.08,6.19,0.42
20420,0.20,6.32,0.10,6.16,0.42,0.08,6.34,0.42
20430,0.96,6.15,0.10,6.31,0.43,0.11,6.48,0.43
20440,1.02,5.66,0.10,6.46,0.43,0.14,6.60,0.43
20450,-0.52,6.69,0.10,6.61,0.42,0.12,6.75,0.42
20460,-0.53,7.77,0.10,6.76,0.42,0.10,6.92,0.42
20470,-0.22,6.85,0.10,6.91,0.42,0.09,7.06,0.42
20480,1.41,6.48,0.10,7.06,0.43,0.14,7.19,0.43
20490,-0.19,7.11,0.10,7.21,0.43,0.13,7.33,0.43
20500,0.48,7.05,0.10,7.36,0.43,0.14,7.47,0.43
20510,1.21,8.43,0.10,7.51,0.43,0.17,7.64,0.43
20520,-0.01,7.54,0.10,7.66,0.43,0.17,7.78,0.43
20530,0.74,7.40,0.10,7.81,0.43,0.19,7.92,0.43
20540,0.91,6.76,0.10,7.96,0.43,0.21,8.03,0.43
20550,-0.82,9.18,0.10,8.11,0.43,0.18,8.20,0.43
20560,0.55,8.69,0.10,8.26,0.43,0.20,8.36,0.43
20570,-1.23,7.97,0.10,8.41,0.43,0.15,8.50,0.43
20580,-0.05,9.38,0.10,8.56,0.43,0.15,8.67,0.43
20590,0.24,8.94,0.10,8.71,0.43,0.15,8.82,0.43
20600,0.15,8.82,0.10,8.86,0.43,0.15,8.96,0.43
20610,-1.08,9.49,0.10,9.01,0.43,0.12,9.12,0.43
20620,-0.48,9.95,0.10,9.16,0.43,0.10,9.29,0.43
20630,-1.73,9.60,0.10,9.31,0.43,0.04,9.45,0.43
20640,-0.74,9.21,0.10,9.46,0.43,0.02,9.58,0.43
20650,0.85,8.83,0.10,9.61,0.43,0.05,9.71,0.43
20660,-0.46,9.01,0.10,9.76,0.43,0.03,9.83,0.43
20670,0.98,10.36,0.10,9.91,0.43,0.06,9.99,0.43
20680,0.15,9.53,0.10,10.06,0.43,0.06,10.12,0.43
20690,0.78,10.51,0.10,10.21,0.43,0.09,10.27,0.43
20700,-1.32,10.04,0.10,10.36,0.43,0.04,10.41,0.43
20710,-1.43,11.85,0.10,10.51,0.43,-0.00,10.60,0.43
20720,-1.19,11.09,0.10,10.66,0.43,-0.04,10.76,0.43
20730,0.31,11.22,0.10,10.81,0.43,-0.03,10.92,0.43
20740,-0.52,12.16,0.10,10.96,0.43,-0.04,11.10,0.43
20750,1.50,12.11,0.10,11.11,0.43,0.00,11.28,0.43
20760,1.69,10.84,0.10,11.26,0.43,0.05,11.41,0.43
20770,-0.56,10.71,0.10,11.41,0.43,0.04,11.53,0.43
20780,-1.04,10.67,0.10,11.56,0.43,0.00,11.65,0.43
20790,-1.13,11.29,0.10,11.71,0.43,-0.03,11.78,0.43
20800,-0.51,11.89,0.10,11.86,0.43,-0.05,11.93,0.43
20810,-1.52,12.31,0.10,12.01,0.43,-0.09,12.09,0.43
20820,-0.42,11.58,0.10,12.16,0.43,-0.10,12.22,0.43
20830,-1.78,11.73,0.10,12.31,0.43,-0.15,12.34,0.43
20840,-1.20,11.86,0.10,12.45,0.43,-0.19,12.47,0.43
20850,-0.63,10.83,0.10,12.61,0.43,-0.20,12.57,0.43
20860,0.46,12.70,0.10,12.75,0.43,-0.19,12.71,0.43
20870,-0.28,12.76,0.10,12.90,0.43,-0.19,12.86,0.43
20880,0.24,13.93,0.10,13.05,0.43,-0.18,13.03,0.43
20890,-0.97,14.02,0.10,13.20,0.43,-0.21,13.21,0.43
20900,0.76,12.51,0.10,13.35,0.43,-0.18,13.33,0.43
20910,-1.26,13.79,0.10,13.50,0.43,-0.21,13.49,0.43
20920,-0.17,14.73,0.10,13.65,0.43,-0.21,13.67,0.43
20930,-0.04,14.10,0.10,13.80,0.43,-0.21,13.83,0.43
20940,0.29,14.91,0.10,13.95,0.43,-0.20,14.00,0.43
20950,-1.00,16.02,0.10,14.10,0.43,-0.22,14.21,0.43
20960,1.59,14.62,0.10,14.25,0.43,-0.17,14.37,0.43
20970,-0.28,15.31,0.10,14.40,0.43,-0.18,14.54,0.43
20980,0.60,14.54,0.10,14.55,0.43,-0.15,14.69,0.43
20990,0.81,14.04,0.10,14.70,0.43,-0.13,14.81,0.43
21000,-0.10,14.80,0.10,14.85,0.43,-0.13,14.96,0.43
21010,-0.19,15.98,0.10,15.00,0.43,-0.13,15.13,0.43
21020,-0.59,15.45,0.10,15.15,0.43,-0.14,15.29,0.43
21030,-0.40,14.14,0.10,15.31,0.43,-0.15,15.40,0.43
21040,-0.29,15.78,0.10,15.46,0.43,-0.16,15.55,0.43
21050,1.22,16.87,0.10,15.60,0.43,-0.12,15.74,0.43
21060,0.95,15.21,0.10,15.75,0.43,-0.09,15.87,0.43
21070,-1.40,15.70,0.10,15.90,0.43,-0.13,16.01,0.43
21080,-0.36,15.49,0.10,16.05,0.43,-0.14,16.14,0.43
21090,0.59,15.15,0.10,16.20,0.43,-0.11,16.25,0.43
21100,-0.17,16.85,0.10,16.35,0.43,-0.12,16.41,0.43
21110,-0.71,16.39,0.10,16.51,0.43,-0.14,16.56,0.43
21120,-0.30,16.64,0.10,16.66,0.43,-0.14,16.71,0.43
21130,-1.12,16.76,0.10,16.81,0.43,-0.17,16.85,0.43
21140,-0.44,16.30,0.10,16.96,0.43,-0.18,16.98,0.43
21150,0.64,18.39,0.10,17.10,0.43,-0.16,17.17,0.43
21160,0.30,16.98,0.10,17.25,0.44,-0.15,17.30,0.44
21170,0.41,19.10,0.10,17.41,0.44,-0.13,17.50,0.44
21180,-0.50,17.59,0.10,17.56,0.44,-0.14,17.65,0.44
21190,-1.39,17.65,0.10,17.70,0.44,-0.18,17.80,0.44
21200,-0.12,18.43,0.10,17.85,0.44,-0.18,17.96,0.44
21210,-1.00,19.41,0.10,18.01,0.44,-0.21,18.15,0.44
21220,0.55,17.61,0.10,18.16,0.44,-0.19,18.28,0.44
21230,0.78,18.06,0.10,18.31,0.44,-0.16,18.42,0.44
21240,-1.12,18.40,0.10,18.46,0.44,-0.19,18.56,0.44
21250,-1.04,19.93,0.10,18.61,0.44,-0.22,18.75,0.44
21260,0.05,18.83,0.10,18.76,0.44,-0.21,18.90,0.44
21270,0.05,18.54,0.10,18.91,0.44,-0.20,19.03,0.44
21280,1.55,20.52,0.10,19.06,0.44,-0.15,19.22,0.44
21290,-1.57,19.51,0.10,19.21,0.44,-0.20,19.38,0.44
21300,-0.99,18.58,0.10,19.36,0.44,-0.22,19.50,0.44
21310,0.38,19.76,0.10,19.51,0.44,-0.21,19.65,0.44
21320,-1.22,20.03,0.10,19.66,0.44,-0.24,19.81,0.44
21330,-0.48,19.75,0.10,19.81,0.44,-0.25,19.95,0.44
21340,-0.90,21.03,0.10,19.96,0.44,-0.27,20.13,0.44
21350,0.87,19.75,0.10,20.11,0.44,-0.24,20.27,0.44
21360,0.06,20.36,0.10,20.26,0.44,-0.23,20.41,0.44
21370,-0.42,22.03,0.10,20.41,0.44,-0.24,20.61,0.44
21380,1.55,21.29,0.10,20.56,0.44,-0.19,20.78,0.44
21390,-1.96,19.93,0.10,20.71,0.44,-0.24,20.90,0.44
21400,1.03,19.43,0.10,20.86,0.44,-0.21,21.00,0.44
21410,0.85,20.64,0.10,21.01,0.44,-0.18,21.13,0.44
21420,-0.28,23.21,0.10,21.16,0.44,-0.18,21.34,0.44
21430,0.19,20.38,0.10,21.31,0.44,-0.17,21.46,0.44
21440,1.76,19.99,0.10,21.46,0.44,-0.11,21.56,0.44
21450,0.02,22.64,0.10,21.61,0.44,-0.11,21.74,0.44
21460,-1.17,19.58,0.10,21.76,0.44,-0.14,21.82,0.44
21470,-0.25,22.44,0.10,21.91,0.44,-0.14,21.98,0.44
21480,1.14,22.00,0.10,22.06,0.44,-0.11,22.12,0.44
21490,0.96,22.55,0.10,22.21,0.44,-0.07,22.28,0.44
21500,-0.88,23.47,0.10,22.36,0.44,-0.10,22.46,0.44
21510,-0.11,22.46,0.10,22.51,0.44,-0.10,22.61,0.44
21520,-0.65,22.97,0.10,22.66,0.44,-0.12,22.76,0.44
21530,-0.51,22.05,0.10,22.81,0.45,-0.13,22.89,0.45
21540,-0.00,22.65,0.10,22.96,0.45,-0.12,23.03,0.45
21550,-0.37,22.85,0.10,23.11,0.45,-0.13,23.16,0.45
21560,0.56,23.64,0.10,23.26,0.45,-0.11,23.32,0.45
21570,-0.51,23.22,0.10,23.41,0.45,-0.12,23.46,0.45
21580,-0.90,23.43,0.10,23.56,0.45,-0.15,23.61,0.45
21590,-0.33,23.69,0.10,23.71,0.45,-0.15,23.76,0.45
21600,0.73,24.52,0.10,23.86,0.45,-0.13,23.92,0.45
21610,-0.28,25.08,0.10,24.01,0.45,-0.13,24.10,0.45
21620,0.19,23.06,0.10,24.16,0.45,-0.12,24.22,0.45
21630,-1.57,25.29,0.10,24.31,0.45,-0.17,24.39,0.45
21640,-1.35,25.59,0.10,24.46,0.45,-0.21,24.57,0.45
21650,-0.53,25.74,0.10,24.61,0.45,-0.22,24.76,0.45
21660,-0.40,26.63,0.10,24.76,0.45,-0.22,24.96,0.45
21670,0.11,25.62,0.10,24.91,0.45,-0.21,25.13,0.45
21680,-0.03,26.32,0.10,25.06,0.45,-0.21,25.31,0.45
21690,-0.09,25.79,0.10,25.21,0.45,-0.21,25.47,0.45
21700,-0.32,27.18,0.10,25.36,0.45,-0.21,25.67,0.45
21710,0.21,26.10,0.10,25.50,0.45,-0.20,25.83,0.45
21720,0.08,26.55,0.10,25.65,0.45,-0.19,26.00,0.45
21730,0.37,26.13,0.10,25.80,0.45,-0.18,26.15,0.45
21740,-0.23,26.96,0.10,25.95,0.45,-0.18,26.32,0.45
21750,-0.15,26.26,0.10,26.11,0.45,-0.18,26.47,0.45
21760,0.05,25.49,0.10,26.25,0.45,-0.17,26.58,0.45
21770,-0.51,26.13,0.10,26.40,0.45,-0.18,26.72,0.45
21780,-0.32,25.83,0.10,26.55,0.45,-0.19,26.84,0.45
21790,-0.11,28.29,0.10,26.70,0.45,-0.19,27.03,0.45
21800,-0.09,25.90,0.10,26.85,0.45,-0.19,27.14,0.45
21810,-1.25,27.28,0.10,27.00,0.45,-0.22,27.29,0.45
21820,2.06,27.44,0.10,27.15,0.45,-0.15,27.44,0.45
21830,0.21,27.38,0.10,27.30,0.45,-0.14,27.59,0.45
21840,-1.26,27.13,0.10,27.45,0.45,-0.18,27.72,0.45
21850,-0.98,27.36,0.10,27.60,0.45,-0.20,27.85,0.45
21860,0.25,28.27,0.10,27.75,0.45,-0.19,28.01,0.45
21870,0.73,27.38,0.10,27.90,0.45,-0.16,28.14,0.45
21880,-0.96,27.38,0.10,28.05,0.45,-0.19,28.26,0.45
21890,0.06,27.82,0.10,28.20,0.45,-0.18,28.40,0.45
21900,-0.38,28.00,0.10,28.35,0.45,-0.19,28.53,0.45
21910,0.02,27.66,0.10,28.50,0.45,-0.18,28.65,0.45
21920,1.65,30.44,0.10,28.65,0.45,-0.12,28.85,0.45
21930,1.27,30.02,0.10,28.80,0.45,-0.08,29.03,0.45
21940,0.34,29.14,0.10,28.95,0.45,-0.07,29.18,0.45
21950,-0.02,28.47,0.10,29.10,0.45,-0.07,29.30,0.45
21960,-0.03,29.03,0.10,29.25,0.45,-0.07,29.44,0.45
21970,-0.85,29.95,0.10,29.40,0.45,-0.09,29.60,0.45
21980,0.13,29.82,0.10,29.55,0.45,-0.08,29.75,0.45
21990,0.32,28.93,0.10,29.70,0.45,-0.07,29.87,0.45
22000,-0.56,29.83,0.10,29.78,0.45,-0.09,29.95,0.45
22010,0.28,30.03,0.10,29.78,0.45,-0.07,29.95,0.45
22020,-0.39,30.45,0.10,29.78,0.45,-0.08,29.96,0.45
22030,-0.17,30.04,0.10,29.78,0.45,-0.08,29.97,0.45
22040,-0.61,29.38,0.10,29.78,0.45,-0.10,29.95,0.45
22050,0.61,29.86,0.10,29.78,0.45,-0.08,29.94,0.45
22060,-0.24,30.04,0.10,29.78,0.45,-0.08,29.95,0.45
22070,-0.48,29.37,0.10,29.78,0.45,-0.09,29.93,0.45
22080,0.81,30.45,0.10,29.78,0.45,-0.07,29.94,0.45
22090,-0.15,30.91,0.10,29.78,0.45,-0.07,29.97,0.45
22100,0.31,30.35,0.10,29.78,0.45,-0.06,29.99,0.45
22110,0.55,30.11,0.10,29.78,0.45,-0.04,29.99,0.45
22120,-0.22,29.64,0.10,29.78,0.45,-0.04,29.98,0.45
22130,-0.20,30.10,0.10,29.78,0.45,-0.05,29.98,0.45
22140,0.45,29.16,0.11,29.78,0.45,-0.03,29.96,0.45
22150,0.24,30.54,0.11,29.78,0.45,-0.02,29.98,0.45
22160,0.16,30.28,0.11,29.78,0.45,-0.01,29.99,0.45
22170,-0.74,30.54,0.11,29.78,0.45,-0.04,30.00,0.45
22180,-0.00,29.87,0.10,29.78,0.45,-0.03,30.00,0.45
22190,0.54,29.67,0.10,29.77,0.45,-0.02,29.99,0.45
22200,0.09,30.52,0.11,29.77,0.45,-0.01,30.01,0.45
22210,0.22,29.45,0.11,29.78,0.45,-0.00,29.99,0.45
22220,-0.07,29.75,0.11,29.77,0.45,-0.00,29.98,0.45
22230,0.45,29.88,0.11,29.77,0.45,0.01,29.98,0.45
22240,-0.39,30.38,0.11,29.77,0.45,-0.00,29.99,0.45
22250,0.28,30.07,0.11,29.77,0.45,0.01,29.99,0.45
22260,-0.35,29.63,0.11,29.77,0.46,-0.00,29.98,0.46
22270,0.08,30.49,0.11,29.77,0.46,0.00,30.00,0.46
22280,-0.52,30.22,0.11,29.78,0.46,-0.01,30.01,0.46
22290,0.40,29.97,0.11,29.78,0.46,0.00,30.01,0.46
22300,0.17,30.06,0.11,29.78,0.46,0.01,30.01,0.46
22310,0.02,29.42,0.11,29.78,0.46,0.01,29.99,0.46
22320,-0.02,30.14,0.11,29.78,0.46,0.01,30.00,0.46
22330,-0.06,29.76,0.11,29.78,0.46,0.01,29.99,0.46
22340,0.44,30.00,0.11,29.78,0.46,0.02,29.99,0.46
22350,-0.62,30.50,0.11,29.78,0.46,0.00,30.01,0.46
22360,-0.51,29.67,0.11,29.77,0.46,-0.01,30.00,0.46
22370,0.03,30.56,0.11,29.78,0.46,-0.01,30.02,0.46
22380,-0.39,29.92,0.11,29.78,0.46,-0.02,30.01,0.46
22390,-0.61,29.73,0.11,29.78,0.46,-0.04,30.00,0.46
22400,-0.27,30.05,0.11,29.77,0.46,-0.05,30.01,0.46
22410,-0.81,30.68,0.11,29.77,0.46,-0.07,30.03,0.46
22420,-0.24,30.23,0.11,29.77,0.46,-0.07,30.03,0.46
22430,0.03,29.47,0.11,29.77,0.46,-0.07,30.02,0.46
22440,-0.24,29.79,0.11,29.77,0.46,-0.08,30.01,0.46
22450,-0.72,29.59,0.11,29.77,0.46,-0.10,30.00,0.46
22460,-0.62,29.98,0.11,29.77,0.46,-0.11,30.00,0.46
22470,-0.83,29.73,0.11,29.77,0.46,-0.13,29.99,0.46
22480,0.16,29.82,0.11,29.77,0.46,-0.13,29.98,0.46
22490,-0.72,29.61,0.11,29.77,0.46,-0.14,29.97,0.46
22500,-0.26,30.23,0.11,29.77,0.46,-0.15,29.98,0.46
22510,-0.20,29.73,0.11,29.77,0.46,-0.15,29.97,0.46
22520,0.03,29.90,0.11,29.77,0.46,-0.15,29.97,0.46
22530,0.30,30.16,0.11,29.77,0.46,-0.13,29.97,0.46
22540,-0.05,29.86,0.11,29.77,0.46,-0.13,29.97,0.46
22550,0.34,30.44,0.11,29.77,0.46,-0.12,29.99,0.46
22560,-0.04,30.13,0.11,29.77,0.46,-0.11,29.99,0.46
22570,0.05,30.10,0.11,29.77,0.46,-0.11,29.99,0.46
22580,0.24,30.20,0.11,29.77,0.46,-0.10,30.00,0.46
22590,-0.04,29.72,0.11,29.77,0.46,-0.10,29.99,0.46
22600,-0.07,30.02,0.11,29.77,0.46,-0.10,29.99,0.46
22610,0.27,29.82,0.11,29.77,0.46,-0.08,29.99,0.46
22620,-0.77,30.39,0.11,29.77,0.46,-0.10,30.00,0.46
22630,-0.43,29.38,0.11,29.77,0.46,-0.11,29.98,0.46
22640,0.50,30.12,0.11,29.77,0.46,-0.09,29.99,0.46
22650,-0.01,30.57,0.11,29.77,0.46,-0.09,30.01,0.46
22660,-0.06,30.42,0.11,29.77,0.46,-0.09,30.02,0.46
22670,-0.24,29.85,0.11,29.77,0.46,-0.10,30.01,0.46
22680,-0.32,30.07,0.11,29.77,0.46,-0.10,30.02,0.46
22690,0.35,29.82,0.11,29.77,0.46,-0.09,30.01,0.46
22700,-0.39,30.17,0.11,29.77,0.46,-0.10,30.02,0.46
22710,0.14,30.09,0.11,29.77,0.46,-0.09,30.02,0.46
22720,-0.12,30.04,0.11,29.77,0.46,-0.09,30.02,0.46
22730,0.33,30.05,0.11,29.77,0.46,-0.08,30.02,0.46
22740,-0.05,29.80,0.11,29.77,0.46,-0.08,30.01,0.46
22750,0.30,30.28,0.11,29.77,0.46,-0.07,30.02,0.46
22760,-0.03,29.61,0.11,29.77,0.46,-0.07,30.01,0.46
22770,-0.03,29.75,0.11,29.77,0.46,-0.07,30.00,0.46
22780,0.04,29.85,0.11,29.77,0.46,-0.06,30.00,0.46
22790,0.45,30.21,0.11,29.77,0.46,-0.05,30.00,0.46
22800,-0.43,30.35,0.11,29.77,0.46,-0.06,30.01,0.46
22810,0.75,30.12,0.11,29.77,0.46,-0.03,30.02,0.46
22820,-0.35,30.15,0.11,29.77,0.46,-0.04,30.02,0.46
22830,0.27,30.15,0.11,29.77,0.46,-0.03,30.03,0.46
22840,0.02,30.68,0.11,29.77,0.46,-0.03,30.05,0.46
22850,-0.21,29.56,0.11,29.77,0.47,-0.04,30.03,0.47
22860,-0.19,29.86,0.11,29.77,0.47,-0.04,30.03,0.47
22870,-0.66,30.03,0.11,29.77,0.47,-0.06,30.03,0.47
22880,-0.31,29.92,0.11,29.77,0.47,-0.07,30.03,0.47
22890,0.00,30.18,0.11,29.77,0.47,-0.06,30.03,0.47
22900,-0.13,29.83,0.11,29.77,0.47,-0.06,30.02,0.47
22910,0.85,29.82,0.11,29.77,0.47,-0.04,30.02,0.47
22920,0.08,30.41,0.11,29.77,0.47,-0.03,30.03,0.47
22930,0.26,30.27,0.11,29.77,0.47,-0.02,30.04,0.47
22940,0.15,29.57,0.11,29.77,0.47,-0.02,30.03,0.47
22950,-0.05,30.06,0.11,29.77,0.47,-0.02,30.03,0.47
22960,-0.18,30.11,0.11,29.77,0.47,-0.02,30.03,0.47
22970,-0.78,30.16,0.11,29.77,0.47,-0.04,30.03,0.47
22980,0.11,30.19,0.11,29.77,0.47,-0.04,30.04,0.47
22990,-0.68,29.77,0.11,29.77,0.47,-0.06,30.03,0.47
23000,-0.27,30.53,0.11,29.77,0.47,-0.07,30.05,0.47
23010,-0.12,30.24,0.11,29.77,0.47,-0.07,30.06,0.47
23020,-0.37,30.37,0.11,29.77,0.47,-0.07,30.07,0.47
23030,-0.86,30.45,0.11,29.77,0.47,-0.10,30.08,0.47
23040,-0.40,29.73,0.11,29.77,0.47,-0.11,30.07,0.47
23050,0.15,29.95,0.11,29.76,0.47,-0.10,30.06,0.47
23060,-0.48,30.18,0.11,29.77,0.47,-0.11,30.07,0.47
23070,0.21,30.20,0.11,29.77,0.47,-0.10,30.07,0.47
23080,-0.45,29.45,0.11,29.77,0.47,-0.11,30.06,0.47
23090,-0.17,29.90,0.11,29.76,0.47,-0.12,30.05,0.47
23100,-0.27,29.54,0.11,29.76,0.47,-0.12,30.04,0.47
23110,-0.23,30.12,0.11,29.76,0.47,-0.12,30.04,0.47
23120,-0.34,30.22,0.11,29.76,0.47,-0.13,30.04,0.47
23130,-0.00,29.91,0.11,29.76,0.47,-0.13,30.04,0.47
23140,0.10,30.40,0.11,29.76,0.47,-0.12,30.05,0.47
23150,-0.26,29.96,0.11,29.76,0.47,-0.13,30.05,0.47
23160,0.34,29.62,0.11,29.76,0.47,-0.11,30.04,0.47
23170,-0.14,30.32,0.11,29.76,0.47,-0.11,30.05,0.47
23180,-0.18,29.62,0.11,29.76,0.47,-0.12,30.03,0.47
23190,-0.05,29.80,0.11,29.76,0.47,-0.12,30.03,0.47
23200,-0.19,30.37,0.11,29.76,0.47,-0.12,30.04,0.47
23210,0.12,28.93,0.11,29.76,0.47,-0.11,30.00,0.47
23220,0.40,30.47,0.11,29.76,0.47,-0.09,30.02,0.47
23230,0.11,30.24,0.11,29.76,0.48,-0.09,30.02,0.48
23240,0.41,29.92,0.11,29.76,0.48,-0.07,30.02,0.48
23250,0.29,29.75,0.11,29.76,0.48,-0.06,30.01,0.48
23260,-0.08,29.78,0.11,29.76,0.48,-0.06,30.01,0.48
23270,0.15,29.48,0.11,29.76,0.48,-0.06,29.99,0.48
23280,-0.81,30.00,0.11,29.76,0.48,-0.08,29.99,0.48
23290,0.08,30.34,0.11,29.76,0.48,-0.07,30.00,0.48
23300,0.22,30.19,0.11,29.76,0.48,-0.06,30.01,0.48
23310,0.36,30.38,0.11,29.76,0.48,-0.05,30.02,0.48
23320,0.11,30.01,0.11,29.76,0.48,-0.05,30.02,0.48
23330,0.01,30.41,0.11,29.76,0.48,-0.04,30.03,0.48
23340,-0.07,30.06,0.11,29.76,0.48,-0.04,30.03,0.48
23350,0.01,30.14,0.11,29.76,0.48,-0.04,30.03,0.48
23360,-0.16,30.54,0.11,29.76,0.48,-0.05,30.05,0.48
23370,0.08,29.64,0.11,29.76,0.48,-0.04,30.04,0.48
23380,0.55,30.18,0.11,29.76,0.48,-0.02,30.04,0.48
23390,-0.20,30.03,0.11,29.76,0.48,-0.03,30.04,0.48
23400,-0.43,30.12,0.11,29.76,0.48,-0.04,30.05,0.48
23410,-0.12,29.95,0.11,29.76,0.48,-0.04,30.04,0.48
23420,0.09,29.84,0.11,29.76,0.48,-0.04,30.04,0.48
23430,-0.02,30.17,0.11,29.76,0.48,-0.04,30.04,0.48
23440,-0.24,29.83,0.11,29.76,0.48,-0.05,30.04,0.48
23450,0.01,30.20,0.11,29.76,0.48,-0.04,30.04,0.48
23460,0.54,29.63,0.11,29.76,0.48,-0.03,30.03,0.48
23470,-0.14,29.97,0.11,29.76,0.48,-0.03,30.03,0.48
23480,0.11,29.93,0.11,29.76,0.48,-0.02,30.03,0.48
23490,0.22,29.77,0.11,29.76,0.48,-0.02,30.02,0.48
23500,0.37,30.38,0.11,29.76,0.48,-0.00,30.03,0.48
23510,-0.02,29.35,0.11,29.76,0.48,-0.00,30.01,0.48
23520,-0.41,29.76,0.11,29.76,0.48,-0.02,30.00,0.48
23530,0.24,29.99,0.11,29.76,0.48,-0.01,30.00,0.48
23540,-0.10,30.48,0.11,29.76,0.48,-0.01,30.01,0.48
23550,0.03,29.90,0.11,29.76,0.48,-0.01,30.01,0.48
23560,0.25,30.20,0.11,29.76,0.48,0.00,30.02,0.48
23570,-0.47,29.59,0.11,29.76,0.48,-0.01,30.00,0.48
23580,-0.01,30.18,0.11,29.76,0.48,-0.01,30.01,0.48
23590,0.15,30.22,0.11,29.76,0.48,-0.01,30.02,0.48
23600,-0.15,30.05,0.11,29.76,0.48,-0.01,30.02,0.48
23610,0.68,30.56,0.11,29.76,0.48,0.01,30.03,0.48
23620,-0.35,30.22,0.11,29.76,0.48,0.00,30.04,0.48
23630,0.06,29.89,0.11,29.76,0.48,0.00,30.04,0.48
23640,-0.26,29.77,0.11,29.76,0.48,-0.00,30.03,0.48
23650,0.58,29.64,0.11,29.76,0.48,0.02,30.02,0.48
23660,-0.21,30.18,0.11,29.76,0.48,0.01,30.02,0.48
23670,-0.01,29.97,0.11,29.76,0.48,0.01,30.02,0.48
23680,-0.76,30.56,0.11,29.76,0.48,-0.01,30.04,0.48
23690,0.48,29.64,0.11,29.76,0.48,0.00,30.03,0.48
23700,-0.06,29.72,0.11,29.76,0.48,0.00,30.02,0.48
23710,-0.26,30.35,0.11,29.76,0.48,-0.01,30.03,0.48
23720,-0.72,30.19,0.11,29.76,0.48,-0.03,30.03,0.48
23730,-0.32,29.49,0.11,29.76,0.48,-0.04,30.02,0.48
23740,0.36,29.91,0.11,29.76,0.48,-0.03,30.02,0.48
23750,0.31,29.63,0.11,29.76,0.48,-0.02,30.00,0.48
23760,0.11,29.63,0.11,29.76,0.48,-0.01,29.99,0.48
23770,-0.03,30.23,0.11,29.76,0.48,-0.01,30.00,0.48
23780,-0.08,30.29,0.11,29.76,0.48,-0.01,30.01,0.48
23790,-0.26,30.10,0.11,29.76,0.48,-0.02,30.01,0.48
23800,0.17,30.29,0.11,29.76,0.49,-0.01,30.02,0.49
23810,-0.18,29.34,0.11,29.76,0.49,-0.02,30.00,0.49
23820,0.07,29.96,0.11,29.76,0.49,-0.02,30.00,0.49
23830,0.07,29.92,0.11,29.76,0.49,-0.01,29.99,0.49
23840,-0.18,29.82,0.11,29.75,0.49,-0.02,29.99,0.49
23850,-0.37,29.89,0.10,29.75,0.49,-0.03,29.98,0.49
23860,-0.14,29.32,0.11,29.75,0.49,-0.03,29.96,0.49
23870,-0.55,30.45,0.11,29.75,0.49,-0.05,29.98,0.49
23880,0.01,30.23,0.11,29.75,0.49,-0.05,29.99,0.49
23890,0.28,29.95,0.11,29.76,0.49,-0.04,29.99,0.49
23900,-0.06,30.03,0.11,29.75,0.49,-0.04,29.99,0.49
23910,0.73,30.44,0.10,29.76,0.49,-0.01,30.00,0.49
23920,0.38,30.02,0.10,29.76,0.49,-0.00,30.00,0.49
23930,0.02,29.60,0.11,29.75,0.49,-0.00,29.99,0.49
23940,-0.19,29.62,0.11,29.75,0.49,-0.01,29.98,0.49
23950,0.40,29.80,0.11,29.75,0.49,0.01,29.97,0.49
23960,0.15,29.80,0.11,29.75,0.49,0.01,29.97,0.49
23970,0.01,30.34,0.11,29.75,0.49,0.01,29.98,0.49
23980,-0.51,29.70,0.11,29.75,0.49,-0.00,29.97,0.49
23990,-0.04,29.80,0.11,29.75,0.49,-0.00,29.96,0.49
24000,-0.50,30.47,0.10,29.75,0.49,-0.02,29.98,0.49
24010,0.30,29.73,0.11,29.75,0.49,-0.01,29.97,0.49
24020,0.18,30.38,0.11,29.75,0.49,-0.00,29.98,0.49
24030,-0.31,30.13,0.11,29.75,0.49,-0.01,29.99,0.49
24040,-0.78,30.06,0.10,29.75,0.49,-0.03,29.99,0.49
24050,0.20,29.79,0.10,29.75,0.49,-0.03,29.98,0.49
24060,0.20,30.25,0.10,29.75,0.49,-0.02,29.99,0.49
24070,-0.01,29.72,0.10,29.75,0.49,-0.02,29.98,0.49
24080,0.61,30.34,0.10,29.75,0.49,0.00,29.99,0.49
24090,0.06,29.65,0.10,29.75,0.49,0.00,29.98,0.49
24100,0.25,30.22,0.10,29.75,0.49,0.01,29.99,0.49
24110,-0.14,29.82,0.10,29.75,0.49,0.01,29.98,0.49
24120,0.42,29.87,0.10,29.75,0.49,0.02,29.98,0.49
24130,-0.02,30.46,0.10,29.75,0.49,0.02,29.99,0.49
24140,0.55,29.94,0.10,29.75,0.49,0.03,29.99,0.49
24150,-0.64,30.14,0.10,29.75,0.49,0.02,30.00,0.49
24160,0.15,30.24,0.10,29.75,0.49,0.02,30.01,0.49
24170,-0.26,29.89,0.10,29.75,0.49,0.01,30.00,0.49
24180,0.18,30.13,0.10,29.75,0.49,0.02,30.01,0.49
24190,0.15,29.52,0.11,29.75,0.49,0.02,29.99,0.49
24200,-0.52,30.33,0.11,29.75,0.49,0.01,30.00,0.49
24210,-0.23,30.20,0.11,29.75,0.49,0.00,30.01,0.49
24220,0.01,30.11,0.11,29.75,0.50,0.00,30.01,0.50
24230,-0.14,30.88,0.10,29.75,0.49,-0.00,30.04,0.49
24240,0.07,29.83,0.11,29.76,0.50,0.00,30.03,0.50
24250,0.68,30.28,0.11,29.76,0.50,0.02,30.04,0.50
24260,-0.15,30.31,0.11,29.76,0.50,0.02,30.05,0.50
24270,-0.54,29.90,0.11,29.75,0.50,0.00,30.05,0.50
24280,0.06,29.32,0.11,29.75,0.50,0.00,30.02,0.50
24290,0.43,29.75,0.10,29.75,0.50,0.02,30.02,0.50
24300,0.43,30.21,0.10,29.75,0.50,0.03,30.02,0.50
24310,0.12,29.95,0.10,29.75,0.50,0.03,30.02,0.50
24320,-0.07,30.21,0.10,29.75,0.50,0.03,30.03,0.50
24330,-0.22,29.91,0.10,29.75,0.50,0.02,30.02,0.50
24340,-0.30,29.72,0.10,29.75,0.50,0.01,30.01,0.50
24350,0.15,29.83,0.10,29.75,0.50,0.02,30.01,0.50
24360,-0.22,30.10,0.10,29.75,0.50,0.01,30.01,0.50
24370,0.13,29.44,0.10,29.75,0.50,0.02,29.99,0.50
24380,0.00,30.55,0.10,29.75,0.50,0.02,30.01,0.50
24390,0.29,30.79,0.10,29.75,0.50,0.02,30.03,0.50
24400,0.30,29.91,0.10,29.75,0.50,0.03,30.03,0.50
24410,-0.36,29.75,0.10,29.75,0.50,0.02,30.02,0.50
24420,0.07,29.90,0.10,29.75,0.50,0.02,30.02,0.50
24430,0.51,29.65,0.10,29.75,0.50,0.04,30.01,0.50
24440,-0.20,30.33,0.10,29.75,0.50,0.03,30.02,0.50
24450,0.27,30.09,0.11,29.75,0.50,0.04,30.02,0.50
24460,0.57,29.97,0.11,29.75,0.50,0.06,30.02,0.50
24470,-0.18,29.79,0.11,29.75,0.50,0.05,30.01,0.50
24480,-0.18,29.72,0.11,29.75,0.50,0.05,30.00,0.50
24490,-0.02,29.97,0.11,29.75,0.50,0.04,30.00,0.50
24500,-0.36,30.02,0.11,29.75,0.50,0.03,30.00,0.50
24510,0.51,30.08,0.11,29.75,0.50,0.05,30.00,0.50
24520,0.45,29.80,0.11,29.75,0.50,0.06,30.00,0.50
24530,-0.24,30.01,0.11,29.75,0.50,0.05,30.00,0.50
24540,-0.16,30.11,0.11,29.75,0.50,0.05,30.00,0.50
24550,0.07,29.82,0.11,29.75,0.50,0.05,29.99,0.50
24560,-0.04,29.85,0.11,29.75,0.50,0.05,29.99,0.50
24570,-0.35,30.11,0.11,29.75,0.50,0.04,29.99,0.50
24580,0.58,29.54,0.11,29.75,0.50,0.05,29.98,0.50
24590,-0.60,29.83,0.11,29.75,0.50,0.03,29.97,0.50
24600,-0.10,30.64,0.11,29.75,0.50,0.03,29.99,0.50
24610,0.51,30.09,0.11,29.75,0.50,0.05,30.00,0.50
24620,0.17,29.87,0.11,29.75,0.50,0.05,29.99,0.50
24630,-0.33,30.51,0.11,29.75,0.50,0.04,30.01,0.50
24640,0.20,29.92,0.11,29.75,0.50,0.05,30.00,0.50
24650,-0.09,30.32,0.11,29.75,0.50,0.04,30.01,0.50
24660,-0.26,29.87,0.11,29.75,0.50,0.03,30.01,0.50
24670,0.33,30.09,0.11,29.75,0.50,0.04,30.01,0.50
24680,0.07,30.14,0.11,29.75,0.50,0.04,30.02,0.50
24690,0.13,30.23,0.11,29.75,0.50,0.05,30.02,0.50
24700,-0.24,29.65,0.11,29.75,0.50,0.04,30.01,0.50
24710,-0.31,29.38,0.11,29.75,0.50,0.03,29.99,0.50
24720,0.02,29.99,0.11,29.75,0.50,0.03,29.99,0.50
24730,0.02,29.92,0.11,29.75,0.50,0.03,29.99,0.50
24740,0.18,29.72,0.11,29.75,0.50,0.03,29.98,0.50
24750,-0.27,30.12,0.11,29.75,0.50,0.03,29.99,0.50
24760,0.08,29.97,0.11,29.75,0.50,0.03,29.99,0.50
24770,0.17,30.74,0.11,29.75,0.50,0.03,30.01,0.50
24780,0.06,30.01,0.11,29.75,0.50,0.03,30.01,0.50
24790,0.43,30.53,0.11,29.75,0.50,0.05,30.02,0.50
24800,0.20,30.08,0.11,29.75,0.50,0.05,30.03,0.50
24810,0.25,30.79,0.11,29.75,0.50,0.06,30.05,0.50
24820,-0.69,29.81,0.11,29.75,0.50,0.04,30.04,0.50
24830,0.14,29.55,0.11,29.75,0.50,0.04,30.03,0.50
24840,0.29,29.78,0.11,29.75,0.50,0.05,30.02,0.50
24850,0.43,30.32,0.11,29.75,0.50,0.06,30.03,0.50
24860,-0.60,30.31,0.11,29.75,0.50,0.04,30.04,0.50
24870,0.05,30.33,0.11,29.75,0.50,0.04,30.05,0.50
24880,0.29,30.30,0.11,29.75,0.50,0.05,30.06,0.50
24890,0.28,29.80,0.11,29.75,0.51,0.06,30.05,0.51
24900,0.74,30.00,0.11,29.75,0.50,0.08,30.05,0.50
24910,0.65,30.12,0.11,29.75,0.51,0.10,30.05,0.51
24920,-0.38,29.86,0.11,29.75,0.51,0.08,30.05,0.51
24930,0.02,29.85,0.11,29.75,0.51,0.08,30.04,0.51
24940,-0.52,30.16,0.11,29.75,0.51,0.06,30.04,0.51
24950,0.52,30.17,0.11,29.75,0.51,0.08,30.05,0.51
24960,-0.24,29.99,0.11,29.75,0.51,0.07,30.05,0.51
24970,0.12,29.73,0.11,29.75,0.51,0.07,30.04,0.51
24980,-0.01,30.08,0.11,29.74,0.51,0.07,30.04,0.51
24990,-0.01,29.82,0.11,29.74,0.51,0.07,30.03,0.51
25000,1.07,30.34,0.11,29.75,0.51,0.10,30.04,0.51
25010,0.17,30.27,0.11,29.74,0.51,0.10,30.05,0.51
25020,0.21,29.59,0.11,29.74,0.51,0.11,30.03,0.51
25030,0.25,30.13,0.11,29.74,0.51,0.11,30.04,0.51
25040,0.09,29.95,0.11,29.74,0.51,0.11,30.04,0.51
25050,0.30,30.04,0.11,29.74,0.51,0.12,30.04,0.51
25060,0.63,30.47,0.11,29.74,0.51,0.13,30.05,0.51
25070,-0.24,29.99,0.11,29.74,0.51,0.12,30.05,0.51
25080,0.06,30.00,0.11,29.74,0.51,0.12,30.05,0.51
25090,-0.41,30.44,0.11,29.74,0.51,0.11,30.06,0.51
25100,0.10,29.41,0.11,29.74,0.51,0.11,30.04,0.51
25110,-0.03,30.01,0.11,29.74,0.51,0.10,30.04,0.51
25120,0.50,29.62,0.11,29.74,0.51,0.12,30.03,0.51
25130,-0.95,30.24,0.11,29.74,0.51,0.09,30.03,0.51
25140,0.14,30.42,0.11,29.74,0.51,0.09,30.04,0.51
25150,-0.35,30.25,0.11,29.74,0.51,0.08,30.05,0.51
25160,-0.37,30.44,0.11,29.74,0.51,0.06,30.06,0.51
25170,0.24,30.00,0.11,29.74,0.51,0.07,30.06,0.51
25180,0.21,30.06,0.11,29.74,0.51,0.07,30.06,0.51
25190,0.39,29.72,0.11,29.74,0.51,0.08,30.05,0.51
25200,0.13,29.88,0.11,29.74,0.51,0.09,30.05,0.51
25210,-0.19,29.79,0.11,29.74,0.51,0.08,30.04,0.51
25220,0.21,30.54,0.11,29.74,0.51,0.08,30.05,0.51
25230,0.89,29.90,0.11,29.74,0.51,0.11,30.05,0.51
25240,-0.52,29.97,0.11,29.74,0.51,0.09,30.05,0.51
25250,-0.21,30.00,0.11,29.74,0.51,0.08,30.05,0.51
25260,-0.30,30.42,0.11,29.74,0.51,0.07,30.06,0.51
25270,-0.49,29.74,0.11,29.74,0.51,0.06,30.05,0.51
25280,0.47,30.27,0.11,29.74,0.52,0.07,30.05,0.52
25290,0.91,29.91,0.11,29.74,0.52,0.10,30.05,0.52
25300,0.30,30.17,0.11,29.74,0.52,0.10,30.05,0.52
25310,-0.12,30.05,0.11,29.74,0.51,0.10,30.05,0.51
25320,0.13,30.23,0.11,29.74,0.52,0.10,30.06,0.52
25330,0.47,30.31,0.11,29.74,0.52,0.11,30.07,0.52
25340,0.55,30.05,0.11,29.74,0.52,0.12,30.07,0.52
25350,0.49,29.95,0.11,29.74,0.52,0.14,30.06,0.52
25360,0.32,29.84,0.11,29.74,0.52,0.14,30.06,0.52
25370,-0.11,29.54,0.11,29.74,0.52,0.14,30.04,0.52
25380,0.83,30.12,0.11,29.74,0.52,0.16,30.04,0.52
25390,0.01,29.48,0.11,29.74,0.52,0.16,30.03,0.52
25400,0.17,30.03,0.11,29.73,0.52,0.16,30.03,0.52
25410,-0.12,29.87,0.11,29.73,0.52,0.15,30.02,0.52
25420,-0.16,29.71,0.11,29.73,0.52,0.14,30.01,0.52
25430,0.50,29.78,0.11,29.73,0.52,0.15,30.01,0.52
25440,-0.20,29.87,0.12,29.73,0.52,0.15,30.00,0.52
25450,0.29,30.26,0.11,29.73,0.52,0.15,30.01,0.52
25460,0.18,30.35,0.11,29.73,0.52,0.15,30.02,0.52
25470,-0.37,30.04,0.12,29.73,0.52,0.14,30.02,0.52
25480,-0.11,30.33,0.12,29.73,0.52,0.13,30.03,0.52
25490,0.10,30.07,0.12,29.73,0.52,0.13,30.03,0.52
25500,-0.38,30.77,0.12,29.73,0.52,0.12,30.05,0.52
25510,0.01,29.91,0.11,29.73,0.52,0.11,30.05,0.52
25520,-0.45,30.25,0.11,29.73,0.52,0.10,30.06,0.52
25530,0.03,29.86,0.11,29.73,0.52,0.09,30.05,0.52
25540,-0.16,29.89,0.11,29.73,0.52,0.09,30.05,0.52
25550,-0.68,29.96,0.11,29.73,0.52,0.06,30.04,0.52
25560,0.22,29.70,0.11,29.73,0.52,0.07,30.03,0.52
25570,-0.43,30.05,0.11,29.73,0.52,0.05,30.03,0.52
25580,0.20,30.33,0.11,29.73,0.52,0.06,30.04,0.52
25590,-0.62,30.10,0.11,29.73,0.52,0.04,30.04,0.52
25600,0.40,30.16,0.11,29.73,0.52,0.05,30.05,0.52
25610,-0.36,30.04,0.11,29.73,0.52,0.04,30.05,0.52
25620,-0.20,29.99,0.11,29.73,0.52,0.03,30.05,0.52
25630,0.53,30.11,0.11,29.74,0.52,0.04,30.05,0.52
25640,0.46,29.99,0.11,29.73,0.52,0.06,30.05,0.52
25650,-0.14,29.66,0.11,29.73,0.52,0.05,30.04,0.52
25660,0.38,29.75,0.11,29.73,0.52,0.06,30.03,0.52
25670,0.36,29.90,0.11,29.73,0.52,0.07,30.02,0.52
25680,0.52,30.28,0.11,29.73,0.52,0.08,30.03,0.52
25690,-0.15,30.22,0.11,29.73,0.52,0.08,30.04,0.52
25700,0.59,29.59,0.11,29.73,0.52,0.09,30.03,0.52
25710,0.14,29.98,0.11,29.73,0.52,0.09,30.02,0.52
25720,0.21,29.82,0.11,29.73,0.52,0.10,30.02,0.52
25730,0.18,30.04,0.11,29.73,0.52,0.10,30.02,0.52
25740,-0.95,30.13,0.11,29.73,0.52,0.07,30.02,0.52
25750,-0.53,30.16,0.11,29.74,0.52,0.05,30.03,0.52
25760,0.19,29.62,0.11,29.73,0.52,0.05,30.01,0.52
25770,-0.63,30.46,0.11,29.73,0.52,0.03,30.03,0.52
25780,0.29,30.33,0.12,29.73,0.52,0.04,30.04,0.52
25790,0.15,29.92,0.12,29.73,0.52,0.05,30.03,0.52
25800,0.02,29.69,0.12,29.73,0.52,0.05,30.02,0.52
25810,0.32,30.15,0.12,29.73,0.52,0.05,30.03,0.52
25820,-0.36,29.47,0.12,29.73,0.52,0.04,30.01,0.52
25830,-0.36,30.23,0.12,29.73,0.52,0.03,30.01,0.52
25840,-0.12,30.26,0.12,29.73,0.52,0.02,30.02,0.52
25850,0.53,30.00,0.12,29.73,0.52,0.04,30.02,0.52
25860,-0.46,30.15,0.12,29.73,0.52,0.02,30.02,0.52
25870,-0.09,29.89,0.12,29.73,0.52,0.02,30.02,0.52
25880,0.31,29.77,0.12,29.73,0.52,0.03,30.01,0.52
25890,0.17,30.31,0.12,29.73,0.52,0.03,30.02,0.52
25900,0.03,30.14,0.12,29.73,0.52,0.03,30.02,0.52
25910,-0.14,29.82,0.12,29.73,0.52,0.03,30.02,0.52
25920,0.43,30.14,0.12,29.73,0.52,0.04,30.02,0.52
25930,0.24,30.39,0.12,29.73,0.52,0.04,30.03,0.52
25940,0.03,30.33,0.12,29.73,0.53,0.04,30.04,0.53
25950,-0.42,30.08,0.12,29.73,0.53,0.03,30.04,0.53
25960,-0.35,30.16,0.12,29.73,0.53,0.02,30.05,0.53
25970,0.27,29.76,0.12,29.73,0.53,0.02,30.04,0.53
25980,-0.50,29.96,0.12,29.73,0.53,0.01,30.04,0.53
25990,-0.58,29.88,0.12,29.73,0.53,-0.01,30.03,0.53
26000,-0.32,29.38,0.12,29.73,0.53,-0.02,30.01,0.53
26010,-0.40,30.22,0.12,29.73,0.53,-0.03,30.02,0.53
26020,-0.25,30.22,0.12,29.73,0.53,-0.04,30.02,0.53
26030,-0.11,29.64,0.12,29.73,0.53,-0.04,30.01,0.53
26040,0.03,29.43,0.12,29.73,0.53,-0.04,29.99,0.53
26050,-0.16,29.91,0.12,29.73,0.53,-0.05,29.99,0.53
26060,-0.24,29.83,0.12,29.73,0.53,-0.05,29.99,0.53
26070,0.81,29.76,0.12,29.73,0.53,-0.03,29.98,0.53
26080,-0.24,29.83,0.12,29.73,0.53,-0.04,29.97,0.53
26090,-0.31,30.10,0.12,29.73,0.53,-0.05,29.98,0.53
26100,-0.69,29.42,0.12,29.73,0.53,-0.07,29.96,0.53
26110,-0.02,29.75,0.12,29.73,0.53,-0.07,29.95,0.53
26120,-0.07,29.84,0.12,29.73,0.53,-0.07,29.95,0.53
26130,0.02,30.12,0.12,29.73,0.53,-0.06,29.95,0.53
26140,0.39,29.23,0.12,29.73,0.53,-0.05,29.93,0.53
26150,-0.25,30.10,0.12,29.73,0.53,-0.06,29.94,0.53
26160,-0.32,29.79,0.12,29.73,0.53,-0.07,29.93,0.53
26170,-0.18,30.05,0.12,29.73,0.53,-0.07,29.93,0.53
26180,0.04,29.89,0.12,29.73,0.53,-0.07,29.93,0.53
26190,0.07,30.35,0.12,29.72,0.53,-0.06,29.94,0.53
26200,0.65,29.15,0.12,29.72,0.53,-0.04,29.92,0.53
26210,-0.52,29.60,0.12,29.72,0.53,-0.06,29.91,0.53
26220,0.61,30.19,0.12,29.72,0.53,-0.04,29.91,0.53
26230,0.43,30.13,0.12,29.72,0.53,-0.03,29.92,0.53
26240,0.24,29.66,0.12,29.72,0.53,-0.02,29.91,0.53
26250,-0.31,30.24,0.12,29.72,0.53,-0.03,29.92,0.53
26260,-0.29,30.16,0.12,29.72,0.53,-0.04,29.93,0.53
26270,-0.18,30.02,0.12,29.72,0.53,-0.04,29.93,0.53
26280,0.03,30.19,0.12,29.72,0.53,-0.04,29.93,0.53
26290,0.57,30.07,0.12,29.72,0.53,-0.02,29.94,0.53
26300,-0.09,29.98,0.12,29.72,0.53,-0.02,29.94,0.53
26310,0.22,29.88,0.12,29.72,0.53,-0.02,29.94,0.53
26320,0.01,29.74,0.12,29.72,0.53,-0.02,29.93,0.53
26330,-0.12,30.25,0.12,29.72,0.53,-0.02,29.94,0.53
26340,-0.19,29.95,0.12,29.72,0.53,-0.03,29.94,0.53
26350,-0.21,29.72,0.12,29.72,0.53,-0.03,29.93,0.53
26360,-0.15,30.00,0.12,29.72,0.53,-0.04,29.93,0.53
26370,0.07,29.87,0.12,29.72,0.53,-0.03,29.93,0.53
26380,-0.03,29.25,0.12,29.72,0.53,-0.03,29.91,0.53
26390,0.69,29.96,0.12,29.72,0.53,-0.01,29.91,0.53
26400,-0.21,29.67,0.12,29.72,0.53,-0.02,29.90,0.53
26410,-0.70,30.15,0.12,29.72,0.53,-0.04,29.91,0.53
26420,0.55,30.48,0.12,29.72,0.53,-0.02,29.92,0.53
26430,-0.01,29.59,0.12,29.72,0.53,-0.02,29.91,0.53
26440,0.03,30.25,0.12,29.72,0.53,-0.02,29.92,0.53
26450,0.55,29.88,0.12,29.72,0.53,-0.00,29.92,0.53
26460,-0.11,30.18,0.12,29.72,0.53,-0.01,29.93,0.53
26470,0.08,29.75,0.12,29.72,0.53,-0.01,29.92,0.53
26480,0.52,29.74,0.12,29.72,0.53,0.01,29.92,0.53
26490,-0.60,30.36,0.12,29.72,0.53,-0.01,29.93,0.53
26500,-0.64,30.58,0.12,29.72,0.53,-0.03,29.95,0.53
26510,0.34,30.05,0.12,29.72,0.53,-0.02,29.95,0.53
26520,0.05,29.92,0.12,29.72,0.53,-0.02,29.95,0.53
26530,0.85,29.68,0.12,29.72,0.53,0.01,29.94,0.53
26540,-0.29,29.89,0.12,29.72,0.53,0.00,29.94,0.53
26550,-0.40,29.30,0.12,29.72,0.53,-0.01,29.92,0.53
26560,-0.09,29.59,0.12,29.72,0.53,-0.01,29.91,0.53
26570,-0.36,30.04,0.12,29.72,0.53,-0.02,29.91,0.53
26580,0.20,30.13,0.12,29.72,0.54,-0.02,29.92,0.54
26590,-0.72,29.47,0.12,29.72,0.54,-0.04,29.90,0.54
26600,-0.50,29.92,0.12,29.72,0.54,-0.05,29.90,0.54
26610,-0.49,30.15,0.12,29.72,0.54,-0.07,29.91,0.54
26620,0.25,30.24,0.12,29.72,0.54,-0.06,29.92,0.54
26630,0.22,29.43,0.12,29.72,0.54,-0.05,29.90,0.54
26640,0.14,30.11,0.12,29.72,0.54,-0.05,29.91,0.54
26650,-0.42,29.60,0.12,29.72,0.54,-0.06,29.90,0.54
26660,0.58,30.21,0.12,29.72,0.54,-0.04,29.91,0.54
26670,-0.09,29.56,0.12,29.72,0.54,-0.04,29.90,0.54
26680,0.03,30.04,0.12,29.72,0.54,-0.04,29.90,0.54
26690,0.32,29.53,0.12,29.72,0.54,-0.03,29.89,0.54
26700,0.10,30.26,0.12,29.72,0.54,-0.03,29.90,0.54
26710,-0.36,29.98,0.12,29.72,0.54,-0.04,29.90,0.54
26720,0.13,29.80,0.12,29.72,0.54,-0.03,29.90,0.54
26730,0.19,29.92,0.12,29.72,0.54,-0.03,29.90,0.54
26740,0.77,30.14,0.12,29.72,0.54,-0.00,29.90,0.54
26750,-0.76,30.05,0.12,29.72,0.54,-0.03,29.91,0.54
26760,0.33,29.93,0.12,29.72,0.54,-0.02,29.91,0.54
26770,0.27,30.20,0.12,29.72,0.54,-0.01,29.92,0.54
26780,-0.01,30.30,0.12,29.72,0.54,-0.01,29.93,0.54
26790,-1.06,29.77,0.12,29.72,0.54,-0.04,29.92,0.54
26800,0.01,29.95,0.12,29.72,0.54,-0.04,29.92,0.54
26810,0.40,29.82,0.12,29.72,0.54,-0.03,29.92,0.54
26820,-0.44,29.78,0.12,29.72,0.54,-0.04,29.91,0.54
26830,-0.09,30.27,0.12,29.72,0.54,-0.04,29.92,0.54
26840,0.37,29.79,0.12,29.72,0.54,-0.03,29.92,0.54
26850,0.40,30.38,0.12,29.72,0.54,-0.02,29.93,0.54
26860,0.04,30.07,0.12,29.72,0.54,-0.01,29.94,0.54
26870,0.03,29.65,0.12,29.72,0.54,-0.01,29.93,0.54
26880,0.08,29.95,0.12,29.72,0.54,-0.01,29.93,0.54
26890,0.17,30.15,0.12,29.72,0.54,-0.01,29.94,0.54
26900,0.31,30.19,0.12,29.72,0.54,0.00,29.94,0.54
26910,-0.19,30.24,0.12,29.72,0.54,-0.00,29.95,0.54
26920,0.55,30.07,0.12,29.72,0.54,0.01,29.96,0.54
26930,0.28,30.83,0.12,29.72,0.54,0.02,29.98,0.54
26940,-0.42,29.86,0.12,29.72,0.54,0.01,29.98,0.54
26950,0.45,30.23,0.12,29.72,0.54,0.02,29.99,0.54
26960,-0.64,30.10,0.12,29.72,0.54,0.00,29.99,0.54
26970,-0.01,30.45,0.12,29.72,0.54,0.00,30.00,0.54
26980,0.00,30.04,0.12,29.72,0.54,0.00,30.01,0.54
26990,-0.42,29.78,0.12,29.72,0.54,-0.01,30.00,0.54
27000,-0.19,29.94,0.12,29.64,0.54,-0.02,29.92,0.54
27010,0.48,30.40,0.12,29.49,0.54,0.00,29.79,0.54
27020,1.03,30.67,0.12,29.34,0.54,0.03,29.68,0.54
27030,-1.43,29.59,0.12,29.19,0.55,-0.01,29.53,0.55
27040,0.95,28.77,0.12,29.04,0.54,0.02,29.36,0.54
27050,0.38,29.13,0.12,28.89,0.55,0.03,29.21,0.55
27060,-0.08,28.13,0.12,28.74,0.55,0.03,29.03,0.55
27070,0.63,29.73,0.12,28.59,0.55,0.05,28.91,0.55
27080,-0.17,28.71,0.12,28.44,0.55,0.04,28.76,0.55
27090,-1.26,29.53,0.12,28.29,0.55,0.00,28.64,0.55
27100,0.13,29.19,0.12,28.14,0.55,0.00,28.51,0.55
27110,0.39,28.97,0.12,27.99,0.55,0.02,28.38,0.55
27120,-0.40,28.64,0.12,27.84,0.55,0.00,28.24,0.55
27130,-0.76,28.08,0.12,27.69,0.55,-0.02,28.09,0.55
27140,1.18,28.36,0.12,27.54,0.55,0.02,27.96,0.55
27150,0.48,28.50,0.12,27.39,0.55,0.03,27.83,0.55
27160,0.17,28.12,0.12,27.24,0.55,0.03,27.69,0.55
27170,-1.90,28.57,0.12,27.09,0.55,-0.02,27.58,0.55
27180,-3.17,27.16,0.12,26.94,0.55,-0.12,27.42,0.55
27190,-0.33,25.95,0.12,26.79,0.55,-0.13,27.23,0.55
27200,0.34,26.92,0.12,26.64,0.55,-0.12,27.08,0.55
27210,1.32,26.86,0.12,26.49,0.55,-0.07,26.93,0.55
27220,0.12,27.57,0.12,26.34,0.55,-0.07,26.81,0.55
27230,0.48,26.26,0.12,26.19,0.55,-0.05,26.65,0.55
27240,0.21,26.05,0.12,26.04,0.55,-0.04,26.48,0.55
27250,0.69,25.67,0.12,25.89,0.55,-0.02,26.31,0.55
27260,-0.22,24.37,0.12,25.74,0.55,-0.03,26.11,0.55
27270,1.32,25.06,0.13,25.59,0.55,0.01,25.93,0.55
27280,-0.26,25.53,0.13,25.43,0.55,0.01,25.78,0.55
27290,-0.91,26.48,0.13,25.28,0.55,-0.02,25.65,0.55
27300,-0.40,26.15,0.13,25.13,0.55,-0.03,25.52,0.55
27310,-0.79,24.17,0.13,24.98,0.55,-0.06,25.34,0.55
27320,1.09,25.38,0.12,24.83,0.55,-0.02,25.19,0.55
27330,1.04,24.83,0.12,24.68,0.55,0.01,25.04,0.55
27340,-0.28,25.42,0.12,24.53,0.55,-0.00,24.90,0.55
27350,-1.66,23.60,0.12,24.38,0.55,-0.05,24.72,0.55
27360,0.17,24.54,0.12,24.23,0.55,-0.05,24.57,0.55
27370,-1.43,25.67,0.12,24.08,0.55,-0.09,24.46,0.55
27380,-1.67,25.39,0.12,23.93,0.55,-0.14,24.34,0.55
27390,0.85,24.05,0.12,23.78,0.55,-0.11,24.19,0.55
27400,-1.41,25.15,0.12,23.63,0.55,-0.15,24.07,0.55
27410,-1.88,22.85,0.12,23.48,0.55,-0.21,23.89,0.55
27420,1.09,24.40,0.12,23.33,0.55,-0.17,23.76,0.55
27430,1.11,23.28,0.12,23.18,0.56,-0.13,23.60,0.56
27440,0.74,24.00,0.12,23.03,0.56,-0.10,23.47,0.56
27450,-1.04,21.82,0.12,22.88,0.56,-0.13,23.28,0.56
27460,0.81,24.37,0.12,22.73,0.56,-0.11,23.16,0.56
27470,0.91,22.83,0.12,22.58,0.56,-0.08,23.01,0.56
27480,-0.46,23.33,0.12,22.43,0.56,-0.09,22.87,0.56
27490,-0.08,21.82,0.12,22.28,0.56,-0.09,22.70,0.56
27500,1.11,21.62,0.12,22.13,0.56,-0.05,22.52,0.56
27510,0.44,20.60,0.12,21.98,0.56,-0.04,22.32,0.56
27520,1.19,22.83,0.12,21.83,0.56,-0.00,22.19,0.56
27530,-0.67,21.99,0.12,21.68,0.56,-0.02,22.04,0.56
27540,-0.05,22.95,0.12,21.53,0.56,-0.02,21.92,0.56
27550,0.22,22.40,0.12,21.37,0.56,-0.01,21.79,0.56
27560,-0.29,21.28,0.12,21.23,0.56,-0.02,21.63,0.56
27570,0.84,21.92,0.12,21.08,0.56,0.00,21.50,0.56
27580,1.15,22.05,0.12,20.93,0.56,0.04,21.37,0.56
27590,0.73,20.81,0.13,20.78,0.56,0.06,21.21,0.56
27600,1.63,20.62,0.13,20.63,0.56,0.11,21.04,0.56
27610,0.71,20.84,0.13,20.48,0.56,0.13,20.89,0.56
27620,0.29,21.01,0.13,20.33,0.56,0.14,20.75,0.56
27630,0.11,21.38,0.12,20.18,0.56,0.14,20.63,0.56
27640,0.05,20.32,0.12,20.03,0.56,0.13,20.47,0.56
27650,-0.03,19.66,0.12,19.87,0.56,0.13,20.30,0.56
27660,1.70,19.88,0.12,19.73,0.57,0.18,20.15,0.57
27670,0.87,20.01,0.12,19.58,0.57,0.20,20.00,0.57
27680,-0.73,20.44,0.12,19.43,0.57,0.18,19.87,0.57
27690,-0.37,18.55,0.12,19.28,0.57,0.16,19.68,0.57
27700,0.14,19.98,0.12,19.13,0.56,0.16,19.55,0.56
27710,-0.41,18.48,0.12,18.98,0.57,0.15,19.37,0.57
27720,0.87,19.77,0.12,18.83,0.57,0.17,19.24,0.57
27730,-0.37,18.53,0.12,18.68,0.57,0.16,19.07,0.57
27740,-0.49,17.13,0.12,18.53,0.57,0.14,18.87,0.57
27750,-1.21,19.47,0.12,18.38,0.57,0.10,18.74,0.57
27760,-0.96,18.15,0.12,18.22,0.57,0.07,18.58,0.57
27770,-0.72,18.15,0.12,18.07,0.57,0.04,18.42,0.57
27780,1.19,18.98,0.12,17.92,0.57,0.08,18.29,0.57
27790,1.33,19.00,0.13,17.77,0.57,0.12,18.17,0.57
27800,-0.37,17.41,0.13,17.62,0.57,0.11,18.00,0.57
27810,-0.12,17.60,0.13,17.47,0.57,0.10,17.84,0.57
27820,0.74,15.82,0.13,17.32,0.57,0.12,17.63,0.57
27830,-0.74,17.65,0.13,17.17,0.57,0.09,17.49,0.57
27840,0.38,16.94,0.13,17.02,0.57,0.10,17.33,0.57
27850,-0.92,19.10,0.13,16.87,0.57,0.07,17.24,0.57
27860,0.74,16.98,0.13,16.73,0.57,0.09,17.08,0.57
27870,-0.52,18.33,0.13,16.57,0.57,0.08,16.98,0.57
27880,-1.11,16.10,0.13,16.42,0.57,0.04,16.80,0.57
27890,-0.85,16.11,0.13,16.27,0.57,0.01,16.64,0.57
27900,-0.90,16.02,0.13,16.12,0.57,-0.01,16.47,0.57
27910,-0.33,17.09,0.13,15.97,0.57,-0.02,16.35,0.57
27920,0.20,15.39,0.13,15.82,0.57,-0.02,16.17,0.57
27930,1.02,16.19,0.12,15.67,0.57,0.01,16.03,0.57
27940,-0.54,15.10,0.12,15.52,0.57,-0.00,15.85,0.57
27950,-1.24,17.00,0.12,15.37,0.57,-0.04,15.74,0.57
27960,-0.06,15.52,0.12,15.22,0.57,-0.04,15.59,0.57
27970,-0.37,15.64,0.13,15.07,0.57,-0.05,15.45,0.57
27980,-0.36,13.87,0.13,14.92,0.57,-0.06,15.25,0.57
27990,0.91,15.26,0.12,14.77,0.57,-0.04,15.11,0.57
28000,0.25,14.45,0.12,14.62,0.57,-0.03,14.94,0.57
28010,1.41,16.31,0.12,14.47,0.57,0.02,14.84,0.57
28020,-0.34,15.15,0.13,14.32,0.57,0.01,14.70,0.57
28030,-0.76,14.89,0.13,14.17,0.57,-0.02,14.56,0.57
28040,0.40,13.79,0.12,14.02,0.57,-0.01,14.40,0.57
28050,0.54,15.38,0.13,13.87,0.57,0.01,14.28,0.57
28060,1.05,15.28,0.13,13.72,0.57,0.04,14.17,0.57
28070,-1.30,13.85,0.13,13.57,0.57,0.00,14.01,0.57
28080,0.71,13.40,0.13,13.42,0.57,0.02,13.85,0.57
28090,-1.07,14.20,0.13,13.27,0.57,-0.01,13.72,0.57
28100,0.70,12.62,0.13,13.12,0.57,0.01,13.54,0.57
28110,-0.93,14.44,0.13,12.97,0.57,-0.02,13.42,0.57
28120,-1.27,12.81,0.13,12.82,0.57,-0.05,13.26,0.57
28130,-0.34,12.33,0.13,12.67,0.57,-0.06,13.09,0.57
28140,-1.60,14.38,0.13,12.52,0.57,-0.11,12.98,0.57
28150,-0.45,11.84,0.13,12.37,0.57,-0.12,12.80,0.57
28160,0.21,13.47,0.13,12.22,0.57,-0.12,12.68,0.57
28170,0.69,12.86,0.13,12.07,0.58,-0.09,12.54,0.58
28180,-1.03,13.07,0.13,11.92,0.58,-0.12,12.41,0.58
28190,-1.34,11.06,0.13,11.77,0.58,-0.16,12.23,0.58
28200,1.30,11.77,0.13,11.62,0.58,-0.12,12.07,0.58
28210,1.00,12.49,0.13,11.47,0.58,-0.08,11.94,0.58
28220,1.40,10.63,0.13,11.32,0.58,-0.04,11.75,0.58
28230,1.67,11.32,0.13,11.17,0.58,0.01,11.59,0.58
28240,-0.16,11.30,0.13,11.02,0.58,0.01,11.44,0.58
28250,-0.40,9.17,0.13,10.87,0.58,-0.00,11.23,0.58
28260,-0.51,10.92,0.13,10.72,0.58,-0.02,11.07,0.58
28270,-0.84,10.60,0.13,10.57,0.58,-0.04,10.91,0.58
28280,0.59,8.93,0.13,10.42,0.58,-0.03,10.70,0.58
28290,-0.12,11.69,0.13,10.27,0.58,-0.03,10.59,0.58
28300,-0.70,10.05,0.13,10.12,0.58,-0.05,10.43,0.58
28310,-0.46,9.71,0.13,9.97,0.58,-0.06,10.26,0.58
28320,-0.48,10.21,0.13,9.82,0.58,-0.08,10.11,0.58
28330,0.41,10.16,0.13,9.67,0.58,-0.06,9.97,0.58
28340,0.56,9.12,0.13,9.52,0.58,-0.04,9.79,0.58
28350,-0.37,8.21,0.13,9.37,0.58,-0.05,9.60,0.58
28360,-1.56,9.86,0.13,9.22,0.58,-0.10,9.46,0.58
28370,0.16,8.94,0.13,9.07,0.58,-0.09,9.30,0.58
28380,-0.75,9.10,0.13,8.92,0.58,-0.12,9.14,0.58
28390,-0.13,7.11,0.13,8.77,0.58,-0.12,8.93,0.58
28400,-0.94,8.44,0.13,8.62,0.58,-0.14,8.77,0.58
28410,0.24,9.33,0.13,8.47,0.58,-0.13,8.64,0.58
28420,-0.55,10.87,0.13,8.32,0.58,-0.15,8.56,0.58
28430,-0.65,8.12,0.13,8.17,0.58,-0.16,8.40,0.58
28440,0.07,9.94,0.13,8.02,0.58,-0.16,8.30,0.58
28450,-1.42,7.44,0.13,7.87,0.58,-0.20,8.13,0.58
28460,-0.55,7.73,0.13,7.71,0.58,-0.21,7.97,0.58
28470,0.03,7.57,0.13,7.56,0.58,-0.20,7.81,0.58
28480,-0.17,8.31,0.13,7.41,0.58,-0.20,7.68,0.58
28490,1.30,7.91,0.13,7.26,0.58,-0.16,7.54,0.58
28500,1.02,7.33,0.13,7.11,0.58,-0.12,7.39,0.58
28510,-0.80,7.27,0.13,6.96,0.58,-0.15,7.24,0.58
28520,-0.35,7.77,0.13,6.81,0.58,-0.15,7.11,0.58
28530,-1.21,7.80,0.13,6.66,0.58,-0.19,6.99,0.58
28540,1.30,5.94,0.13,6.51,0.58,-0.14,6.81,0.58
28550,-0.64,8.61,0.13,6.36,0.58,-0.16,6.72,0.58
28560,-0.15,5.99,0.13,6.21,0.58,-0.16,6.55,0.58
28570,-1.68,5.97,0.13,6.06,0.58,-0.21,6.39,0.58
28580,-0.63,5.06,0.13,5.91,0.58,-0.22,6.20,0.58
28590,-2.12,5.53,0.13,5.76,0.58,-0.28,6.03,0.58
28600,-0.23,4.19,0.13,5.61,0.58,-0.28,5.83,0.58
28610,1.10,6.10,0.13,5.46,0.58,-0.24,5.69,0.58
28620,-0.47,8.06,0.13,5.31,0.58,-0.25,5.62,0.58
28630,-2.84,5.65,0.13,5.16,0.58,-0.33,5.47,0.58
28640,-0.48,6.61,0.13,5.01,0.58,-0.34,5.36,0.58
28650,-0.85,6.18,0.13,4.86,0.58,-0.36,5.24,0.58
28660,-1.23,5.53,0.13,4.71,0.58,-0.39,5.11,0.58
28670,-0.77,5.74,0.13,4.56,0.58,-0.40,4.98,0.58
28680,1.01,4.28,0.13,4.41,0.58,-0.36,4.81,0.58
28690,0.51,6.82,0.13,4.26,0.58,-0.34,4.73,0.58
28700,0.11,3.05,0.13,4.11,0.58,-0.33,4.54,0.58
28710,-0.08,4.61,0.13,3.96,0.59,-0.32,4.39,0.59
28720,0.58,5.10,0.13,3.81,0.59,-0.30,4.27,0.59
28730,-1.59,4.31,0.13,3.66,0.59,-0.34,4.13,0.59
28740,-0.93,4.64,0.13,3.51,0.59,-0.36,4.00,0.59
28750,-0.15,3.66,0.13,3.36,0.59,-0.36,3.85,0.59
28760,0.39,3.83,0.13,3.21,0.59,-0.34,3.70,0.59
28770,-0.92,1.74,0.13,3.06,0.59,-0.36,3.50,0.59
28780,-0.69,3.93,0.13,2.91,0.59,-0.37,3.37,0.59
28790,-1.36,3.71,0.13,2.76,0.59,-0.40,3.23,0.59
28800,0.61,2.16,0.13,2.61,0.59,-0.37,3.05,0.59
28810,0.60,1.38,0.13,2.46,0.59,-0.35,2.86,0.59
28820,-1.07,3.09,0.13,2.31,0.59,-0.37,2.72,0.59
28830,0.25,2.54,0.13,2.16,0.59,-0.36,2.57,0.59
28840,-0.18,2.00,0.13,2.01,0.59,-0.35,2.41,0.59
28850,-0.71,1.88,0.13,1.86,0.59,-0.37,2.25,0.59
28860,-0.13,3.84,0.13,1.71,0.59,-0.36,2.15,0.59
28870,0.54,4.43,0.14,1.56,0.59,-0.34,2.07,0.59
28880,0.70,1.68,0.13,1.41,0.59,-0.31,1.92,0.59
28890,-0.00,1.27,0.14,1.26,0.59,-0.30,1.75,0.59
28900,1.39,2.04,0.14,1.11,0.59,-0.25,1.62,0.59
28910,-0.88,1.83,0.14,0.96,0.59,-0.27,1.48,0.59
28920,-0.58,0.45,0.14,0.81,0.59,-0.28,1.30,0.59
28930,0.42,1.55,0.13,0.66,0.59,-0.26,1.17,0.59
28940,0.68,1.56,0.14,0.51,0.59,-0.23,1.04,0.59
28950,-0.61,1.10,0.14,0.36,0.59,-0.25,0.89,0.59
28960,-0.36,0.63,0.13,0.21,0.59,-0.25,0.74,0.59
28970,0.09,2.15,0.13,0.06,0.59,-0.24,0.64,0.59
28980,0.53,0.35,0.13,-0.09,0.59,-0.22,0.49,0.59
28990,-0.44,-1.22,0.13,-0.24,0.59,-0.23,0.29,0.59
29000,-0.01,-0.00,0.14,-0.32,0.59,-0.22,0.21,0.59
29010,0.29,-0.28,0.13,-0.32,0.59,-0.21,0.20,0.59
29020,0.03,-0.03,0.13,-0.32,0.59,-0.20,0.19,0.59
29030,-0.53,0.31,0.13,-0.32,0.59,-0.21,0.20,0.59
29040,0.14,0.46,0.13,-0.32,0.59,-0.20,0.21,0.59
29050,-0.16,0.18,0.13,-0.32,0.59,-0.20,0.21,0.59
29060,-0.07,-0.27,0.13,-0.32,0.59,-0.20,0.19,0.59
29070,-0.26,-0.12,0.13,-0.32,0.59,-0.20,0.19,0.59
29080,-0.47,0.38,0.13,-0.32,0.59,-0.21,0.19,0.59
29090,-0.41,0.56,0.14,-0.32,0.59,-0.22,0.21,0.59
29100,0.64,-0.24,0.14,-0.32,0.59,-0.19,0.19,0.59
29110,-0.07,0.12,0.14,-0.32,0.59,-0.18,0.19,0.59
29120,-0.04,0.09,0.14,-0.32,0.59,-0.18,0.19,0.59
29130,-0.09,0.34,0.14,-0.32,0.59,-0.18,0.20,0.59
29140,-0.05,-0.01,0.14,-0.32,0.59,-0.17,0.19,0.59
29150,0.09,-0.10,0.14,-0.32,0.59,-0.17,0.18,0.59
29160,-0.29,0.26,0.14,-0.32,0.59,-0.17,0.19,0.59
29170,-0.35,-0.24,0.14,-0.32,0.59,-0.18,0.17,0.59
29180,-0.09,0.52,0.14,-0.32,0.59,-0.17,0.18,0.59
29190,0.59,-0.00,0.14,-0.32,0.59,-0.15,0.18,0.59
29200,-0.40,0.01,0.14,-0.32,0.59,-0.16,0.17,0.59
29210,0.89,-0.04,0.14,-0.32,0.59,-0.13,0.17,0.59
29220,-0.21,-0.03,0.14,-0.32,0.59,-0.13,0.16,0.59
29230,0.44,-0.71,0.14,-0.33,0.59,-0.11,0.14,0.59
29240,0.31,-0.27,0.14,-0.32,0.59,-0.10,0.13,0.59
29250,0.38,0.03,0.14,-0.32,0.59,-0.08,0.12,0.59
29260,-0.18,-0.56,0.14,-0.32,0.59,-0.08,0.10,0.59
29270,-0.89,-0.21,0.14,-0.32,0.59,-0.11,0.09,0.59
29280,-0.15,0.20,0.14,-0.32,0.59,-0.11,0.10,0.59
29290,0.58,-0.12,0.14,-0.32,0.59,-0.09,0.09,0.59
29300,0.18,0.40,0.14,-0.32,0.59,-0.08,0.10,0.59
29310,-0.07,-0.19,0.14,-0.32,0.60,-0.08,0.09,0.60
29320,-0.06,-0.76,0.14,-0.32,0.59,-0.08,0.07,0.59
29330,0.06,-0.33,0.14,-0.32,0.60,-0.07,0.05,0.60
29340,0.53,0.07,0.14,-0.32,0.60,-0.05,0.05,0.60
29350,0.09,-0.79,0.14,-0.32,0.60,-0.05,0.03,0.60
29360,0.39,-0.23,0.14,-0.32,0.60,-0.03,0.02,0.60
29370,0.03,-0.13,0.15,-0.32,0.60,-0.03,0.01,0.60
29380,-0.62,-0.39,0.15,-0.32,0.60,-0.05,0.00,0.60
29390,-0.42,-0.01,0.14,-0.32,0.60,-0.06,-0.00,0.60
29400,0.44,-0.10,0.15,-0.32,0.60,-0.04,-0.00,0.60
29410,-0.22,0.04,0.15,-0.32,0.60,-0.05,-0.00,0.60
29420,-0.49,0.07,0.15,-0.32,0.60,-0.06,-0.00,0.60
29430,0.56,0.24,0.14,-0.32,0.60,-0.04,0.00,0.60
29440,0.41,-0.57,0.14,-0.32,0.60,-0.03,-0.01,0.60
29450,0.30,-0.00,0.14,-0.32,0.60,-0.01,-0.02,0.60
29460,-0.06,0.22,0.14,-0.32,0.60,-0.02,-0.01,0.60
29470,-0.71,0.18,0.14,-0.33,0.60,-0.04,-0.01,0.60
29480,0.10,0.20,0.14,-0.33,0.60,-0.03,0.00,0.60
29490,-0.44,-0.06,0.14,-0.32,0.60,-0.04,-0.00,0.60
29500,0.05,0.16,0.14,-0.32,0.60,-0.04,0.00,0.60
29510,0.06,-0.15,0.14,-0.32,0.60,-0.04,-0.00,0.60
29520,0.26,-0.37,0.14,-0.32,0.60,-0.03,-0.01,0.60
29530,0.43,-0.26,0.14,-0.32,0.60,-0.01,-0.02,0.60
29540,0.37,-0.23,0.14,-0.32,0.60,0.00,-0.03,0.60
29550,0.03,0.51,0.14,-0.33,0.60,0.00,-0.02,0.60
29560,-0.02,0.52,0.14,-0.33,0.60,0.00,-0.00,0.60
29570,-0.47,-0.41,0.14,-0.33,0.60,-0.01,-0.01,0.60
29580,0.25,-0.10,0.14,-0.33,0.60,-0.00,-0.02,0.60
29590,0.28,-0.16,0.14,-0.33,0.60,0.01,-0.02,0.60
29600,0.01,-0.59,0.14,-0.33,0.60,0.01,-0.04,0.60
29610,0.03,-0.29,0.14,-0.33,0.60,0.01,-0.05,0.60
29620,-0.08,-0.10,0.14,-0.33,0.60,0.01,-0.05,0.60
29630,0.50,-0.16,0.14,-0.33,0.60,0.03,-0.06,0.60
29640,-0.20,-0.33,0.14,-0.33,0.60,0.02,-0.07,0.60
29650,0.26,-0.07,0.14,-0.33,0.60,0.03,-0.07,0.60
29660,0.15,-0.15,0.14,-0.33,0.60,0.03,-0.07,0.60
29670,0.21,-0.32,0.14,-0.33,0.61,0.04,-0.08,0.61
29680,-0.27,-0.95,0.14,-0.33,0.61,0.03,-0.11,0.61
29690,-0.47,0.14,0.14,-0.33,0.61,0.02,-0.10,0.61
29700,0.99,0.74,0.14,-0.33,0.61,0.05,-0.08,0.61
29710,-0.52,-0.42,0.14,-0.33,0.61,0.03,-0.09,0.61
29720,0.08,-0.09,0.14,-0.33,0.61,0.04,-0.09,0.61
29730,0.04,0.15,0.14,-0.33,0.61,0.04,-0.08,0.61
29740,-0.07,-0.78,0.14,-0.33,0.61,0.03,-0.11,0.61
29750,-0.59,-0.19,0.14,-0.33,0.61,0.02,-0.11,0.61
29760,-0.11,0.34,0.14,-0.33,0.61,0.01,-0.10,0.61
29770,-0.29,0.16,0.14,-0.33,0.61,0.00,-0.09,0.61
29780,0.13,-0.17,0.14,-0.33,0.61,0.01,-0.10,0.61
29790,-0.20,-0.12,0.14,-0.33,0.61,0.00,-0.10,0.61
29800,0.17,-0.44,0.14,-0.33,0.61,0.01,-0.11,0.61
29810,-0.04,0.37,0.14,-0.33,0.61,0.01,-0.10,0.61
29820,-0.47,0.23,0.14,-0.33,0.61,-0.00,-0.09,0.61
29830,0.42,-0.42,0.14,-0.33,0.61,0.01,-0.10,0.61
29840,0.18,0.07,0.14,-0.33,0.61,0.02,-0.09,0.61
29850,-0.28,0.23,0.14,-0.33,0.61,0.01,-0.09,0.61
29860,-0.08,0.38,0.14,-0.33,0.61,0.01,-0.07,0.61
29870,-0.00,0.20,0.14,-0.33,0.61,0.01,-0.07,0.61
29880,0.03,-0.10,0.14,-0.33,0.61,0.01,-0.07,0.61
29890,-0.72,0.24,0.14,-0.33,0.61,-0.01,-0.06,0.61
29900,-0.47,0.05,0.14,-0.33,0.61,-0.03,-0.06,0.61
29910,-0.55,0.58,0.14,-0.33,0.61,-0.04,-0.04,0.61
29920,-0.33,0.15,0.14,-0.33,0.61,-0.05,-0.03,0.61
29930,-0.58,0.19,0.14,-0.33,0.61,-0.07,-0.03,0.61
29940,0.32,-0.42,0.14,-0.33,0.61,-0.06,-0.04,0.61
29950,0.31,-0.12,0.14,-0.33,0.61,-0.04,-0.04,0.61
29960,-0.23,-0.09,0.14,-0.33,0.61,-0.05,-0.05,0.61
29970,-0.27,0.29,0.14,-0.33,0.61,-0.06,-0.04,0.61
29980,-0.06,-0.03,0.14,-0.33,0.61,-0.06,-0.04,0.61
29990,0.23,0.03,0.14,-0.33,0.61,-0.05,-0.04,0.61
30000,0.22,0.02,0.14,-0.33,0.61,-0.04,-0.04,0.61
30010,0.60,-0.17,0.14,-0.33,0.61,-0.02,-0.04,0.61
30020,0.63,-0.06,0.14,-0.33,0.61,-0.00,-0.04,0.61
30030,0.03,-0.46,0.14,-0.33,0.61,0.00,-0.05,0.61
30040,-0.03,-0.21,0.14,-0.33,0.61,0.00,-0.06,0.61
30050,0.01,0.52,0.14,-0.33,0.61,0.00,-0.04,0.61
30060,0.45,0.27,0.14,-0.33,0.61,0.02,-0.03,0.61
30070,0.58,-0.32,0.14,-0.33,0.61,0.04,-0.04,0.61
30080,0.03,0.26,0.14,-0.33,0.61,0.04,-0.03,0.61
30090,0.01,-0.11,0.14,-0.33,0.61,0.04,-0.04,0.61
30100,0.61,-0.25,0.14,-0.33,0.61,0.06,-0.04,0.61
30110,0.10,-0.04,0.14,-0.33,0.61,0.06,-0.04,0.61
30120,-0.25,0.23,0.14,-0.33,0.62,0.05,-0.03,0.62
30130,-0.21,-0.38,0.14,-0.33,0.62,0.04,-0.04,0.62
30140,-0.18,-0.45,0.14,-0.33,0.62,0.04,-0.06,0.62
30150,0.12,-0.49,0.14,-0.33,0.62,0.04,-0.07,0.62
30160,-0.25,0.20,0.14,-0.33,0.61,0.03,-0.06,0.61
30170,0.23,-0.17,0.14,-0.33,0.61,0.04,-0.07,0.61
30180,0.61,-0.55,0.14,-0.33,0.61,0.06,-0.08,0.61
30190,0.21,-0.06,0.14,-0.33,0.62,0.07,-0.08,0.62
30200,-0.13,0.58,0.14,-0.33,0.62,0.06,-0.06,0.62
30210,0.23,0.09,0.14,-0.33,0.61,0.07,-0.06,0.61
30220,-0.64,-0.10,0.14,-0.33,0.62,0.05,-0.06,0.62
30230,0.01,0.34,0.14,-0.33,0.62,0.05,-0.05,0.62
30240,-0.18,0.99,0.14,-0.33,0.62,0.04,-0.02,0.62
30250,-0.24,0.43,0.14,-0.33,0.62,0.03,-0.00,0.62
30260,0.33,-0.52,0.14,-0.33,0.62,0.04,-0.02,0.62
30270,-0.25,0.35,0.14,-0.33,0.62,0.03,-0.01,0.62
30280,0.07,-0.34,0.14,-0.33,0.62,0.04,-0.02,0.62
30290,0.16,-0.32,0.14,-0.33,0.62,0.04,-0.03,0.62
30300,-0.11,-0.34,0.14,-0.33,0.62,0.04,-0.04,0.62
30310,0.22,-0.29,0.14,-0.33,0.62,0.04,-0.05,0.62
30320,-0.69,0.25,0.14,-0.33,0.62,0.02,-0.04,0.62
30330,0.38,0.45,0.14,-0.33,0.62,0.03,-0.02,0.62
30340,-0.22,-0.09,0.14,-0.33,0.62,0.03,-0.03,0.62
30350,-0.64,0.64,0.14,-0.33,0.62,0.01,-0.01,0.62
30360,-0.19,0.42,0.14,-0.33,0.62,0.00,0.01,0.62
30370,0.16,-0.27,0.14,-0.33,0.62,0.01,-0.00,0.62
30380,-0.01,0.57,0.14,-0.33,0.62,0.01,0.01,0.62
30390,0.16,-0.09,0.14,-0.33,0.62,0.01,0.01,0.62
30400,-0.35,-0.78,0.14,-0.33,0.62,0.00,-0.01,0.62
30410,0.12,0.48,0.14,-0.33,0.62,0.00,0.00,0.62
30420,-0.60,0.12,0.14,-0.33,0.62,-0.01,0.00,0.62
30430,-0.12,-0.52,0.14,-0.33,0.62,-0.02,-0.01,0.62
30440,0.62,-0.25,0.14,-0.33,0.62,0.00,-0.02,0.62
30450,-0.77,-0.42,0.14,-0.33,0.62,-0.02,-0.03,0.62
30460,0.84,-0.02,0.14,-0.33,0.62,0.01,-0.03,0.62
30470,0.51,0.26,0.14,-0.33,0.62,0.02,-0.02,0.62
30480,-0.20,0.05,0.14,-0.33,0.62,0.02,-0.02,0.62
30490,0.14,-0.09,0.14,-0.33,0.62,0.02,-0.02,0.62
30500,0.29,0.51,0.14,-0.33,0.62,0.03,-0.01,0.62
30510,0.50,0.02,0.14,-0.33,0.62,0.04,-0.01,0.62
30520,-0.13,0.19,0.14,-0.33,0.62,0.04,-0.00,0.62
30530,0.45,-0.13,0.14,-0.34,0.63,0.05,-0.00,0.63
30540,0.59,-0.08,0.15,-0.34,0.63,0.07,-0.01,0.63
30550,-0.16,-0.00,0.15,-0.34,0.63,0.07,-0.01,0.63
30560,-0.52,0.12,0.14,-0.34,0.63,0.05,-0.00,0.63
30570,0.35,-0.10,0.15,-0.34,0.63,0.06,-0.01,0.63
30580,-0.12,-0.14,0.14,-0.34,0.63,0.05,-0.01,0.63
30590,0.12,-0.17,0.14,-0.34,0.63,0.06,-0.02,0.63
30600,0.07,-0.68,0.14,-0.34,0.63,0.06,-0.04,0.63
30610,-0.47,-0.22,0.15,-0.34,0.63,0.04,-0.04,0.63
30620,-0.16,-0.31,0.15,-0.34,0.63,0.04,-0.05,0.63
30630,-0.13,-0.18,0.15,-0.34,0.63,0.03,-0.06,0.63
30640,0.47,-0.27,0.15,-0.34,0.63,0.05,-0.06,0.63
30650,-0.19,0.10,0.15,-0.34,0.63,0.04,-0.06,0.63
30660,-0.27,0.03,0.15,-0.34,0.63,0.03,-0.06,0.63
30670,-0.61,0.14,0.15,-0.34,0.63,0.01,-0.05,0.63
30680,0.11,0.14,0.15,-0.34,0.63,0.02,-0.05,0.63
30690,0.03,0.07,0.15,-0.34,0.63,0.02,-0.04,0.63
30700,-0.36,-0.29,0.15,-0.34,0.63,0.01,-0.05,0.63
30710,-0.13,-0.11,0.15,-0.34,0.63,0.00,-0.05,0.63
30720,0.18,-0.35,0.15,-0.34,0.63,0.01,-0.06,0.63
30730,-0.13,0.09,0.15,-0.34,0.63,0.00,-0.06,0.63
30740,-0.00,0.59,0.15,-0.34,0.63,0.00,-0.04,0.63
30750,-0.11,0.24,0.15,-0.34,0.63,0.00,-0.03,0.63
30760,0.02,0.56,0.15,-0.34,0.63,0.00,-0.01,0.63
30770,0.64,-0.35,0.15,-0.34,0.63,0.02,-0.02,0.63
30780,0.18,-0.67,0.15,-0.34,0.63,0.03,-0.04,0.63
30790,-0.53,-0.33,0.15,-0.34,0.63,0.01,-0.05,0.63
30800,-0.23,0.01,0.15,-0.34,0.63,0.00,-0.05,0.63
30810,0.29,0.37,0.15,-0.34,0.63,0.01,-0.04,0.63
30820,0.27,-0.21,0.15,-0.34,0.63,0.02,-0.04,0.63
30830,0.59,0.03,0.15,-0.34,0.63,0.04,-0.04,0.63
30840,-0.66,-0.30,0.15,-0.34,0.63,0.02,-0.05,0.63
30850,0.67,0.54,0.15,-0.34,0.63,0.04,-0.03,0.63
30860,-0.06,0.19,0.15,-0.34,0.63,0.04,-0.03,0.63
30870,0.31,0.55,0.15,-0.34,0.63,0.05,-0.01,0.63
30880,0.01,-0.35,0.15,-0.34,0.63,0.05,-0.02,0.63
30890,0.65,0.23,0.15,-0.34,0.63,0.07,-0.01,0.63
30900,-0.31,0.36,0.15,-0.34,0.63,0.05,0.00,0.63
30910,0.07,0.13,0.15,-0.34,0.63,0.06,0.00,0.63
30920,-0.40,0.04,0.15,-0.34,0.63,0.04,0.01,0.63
30930,0.21,-0.03,0.15,-0.34,0.63,0.05,0.00,0.63
30940,0.59,0.27,0.15,-0.34,0.63,0.07,0.01,0.63
30950,0.17,-0.43,0.15,-0.34,0.63,0.07,0.00,0.63
30960,-0.02,0.08,0.15,-0.34,0.64,0.07,0.00,0.64
30970,-0.49,-0.61,0.15,-0.34,0.64,0.05,-0.02,0.64
30980,0.68,0.38,0.15,-0.34,0.64,0.07,-0.00,0.64
30990,-0.70,-0.26,0.15,-0.34,0.64,0.05,-0.01,0.64
31000,-0.10,0.31,0.15,-0.34,0.64,0.04,-0.00,0.64
31010,-0.27,0.47,0.15,-0.34,0.64,0.04,0.01,0.64
31020,0.30,0.04,0.15,-0.34,0.64,0.04,0.01,0.64
31030,0.05,0.36,0.15,-0.34,0.64,0.04,0.02,0.64
31040,-0.52,0.15,0.15,-0.34,0.64,0.03,0.03,0.64
31050,-0.22,0.10,0.15,-0.34,0.64,0.02,0.03,0.64
31060,-0.39,0.75,0.15,-0.34,0.64,0.01,0.05,0.64
31070,0.52,-0.30,0.15,-0.34,0.64,0.02,0.04,0.64
31080,-0.08,0.22,0.15,-0.34,0.64,0.02,0.05,0.64
31090,-0.65,-0.30,0.15,-0.34,0.64,-0.00,0.04,0.64
31100,-0.22,0.14,0.15,-0.34,0.64,-0.01,0.04,0.64
31110,0.19,0.03,0.15,-0.34,0.64,-0.00,0.04,0.64
31120,-0.10,0.45,0.15,-0.34,0.64,-0.00,0.06,0.64
31130,0.06,0.29,0.15,-0.34,0.64,-0.00,0.06,0.64
31140,0.48,-0.32,0.15,-0.34,0.64,0.01,0.05,0.64
31150,-0.08,0.24,0.15,-0.34,0.64,0.01,0.06,0.64
31160,-0.68,0.27,0.15,-0.34,0.64,-0.01,0.07,0.64
31170,-0.35,-0.29,0.15,-0.34,0.64,-0.02,0.06,0.64
31180,-0.30,0.03,0.15,-0.34,0.64,-0.03,0.05,0.64
31190,0.19,-0.08,0.15,-0.34,0.64,-0.02,0.05,0.64
31200,0.26,0.22,0.15,-0.35,0.64,-0.02,0.06,0.64
31210,0.33,-0.36,0.15,-0.34,0.64,-0.01,0.04,0.64
31220,0.07,0.10,0.15,-0.34,0.64,-0.00,0.05,0.64
31230,-0.47,-0.29,0.15,-0.34,0.64,-0.02,0.04,0.64
31240,-0.14,0.22,0.15,-0.34,0.64,-0.02,0.04,0.64
31250,0.60,0.38,0.15,-0.34,0.64,-0.00,0.06,0.64
31260,0.17,0.34,0.15,-0.34,0.65,0.00,0.07,0.65
31270,-0.07,0.37,0.15,-0.34,0.65,-0.00,0.08,0.65
31280,0.25,-0.25,0.15,-0.34,0.65,0.01,0.07,0.65
31290,0.09,0.20,0.15,-0.34,0.65,0.01,0.07,0.65
31300,-0.11,-0.38,0.16,-0.34,0.65,0.01,0.06,0.65
31310,0.25,0.06,0.16,-0.34,0.65,0.02,0.06,0.65
31320,-0.05,0.29,0.16,-0.34,0.65,0.02,0.07,0.65
31330,-0.67,-0.06,0.16,-0.34,0.65,-0.01,0.06,0.65
31340,0.57,-0.07,0.16,-0.34,0.65,0.01,0.06,0.65
31350,-0.53,-0.30,0.16,-0.34,0.65,-0.01,0.05,0.65
31360,0.16,-0.52,0.16,-0.34,0.65,-0.00,0.03,0.65
31370,-0.09,-0.17,0.16,-0.34,0.65,-0.00,0.03,0.65
31380,-0.64,0.03,0.16,-0.34,0.65,-0.02,0.03,0.65
31390,0.29,-0.08,0.16,-0.34,0.65,-0.01,0.02,0.65
31400,0.29,0.42,0.16,-0.34,0.65,-0.00,0.04,0.65
31410,-0.46,0.62,0.16,-0.34,0.65,-0.02,0.05,0.65
31420,0.11,0.01,0.16,-0.34,0.65,-0.01,0.05,0.65
31430,0.33,-0.30,0.16,-0.34,0.65,-0.00,0.04,0.65
31440,0.12,-0.32,0.16,-0.34,0.65,-0.00,0.03,0.65
31450,-0.76,0.18,0.16,-0.34,0.65,-0.02,0.04,0.65
31460,-0.62,0.15,0.16,-0.34,0.65,-0.04,0.04,0.65
31470,0.37,-0.21,0.16,-0.34,0.65,-0.03,0.03,0.65
31480,-0.13,-0.13,0.16,-0.34,0.65,-0.03,0.03,0.65
31490,0.22,-0.06,0.16,-0.34,0.65,-0.03,0.03,0.65
31500,-0.17,-0.20,0.16,-0.34,0.65,-0.03,0.02,0.65
31510,0.69,-0.32,0.16,-0.34,0.65,-0.01,0.01,0.65
31520,-0.28,0.14,0.16,-0.34,0.65,-0.02,0.01,0.65
31530,0.61,-0.07,0.16,-0.34,0.65,0.00,0.01,0.65
31540,0.27,-0.44,0.16,-0.34,0.65,0.01,-0.00,0.65
31550,-0.57,-0.06,0.16,-0.34,0.65,-0.01,-0.00,0.65
31560,-0.62,0.17,0.16,-0.34,0.65,-0.03,0.00,0.65
31570,0.18,0.09,0.16,-0.34,0.65,-0.02,0.00,0.65
31580,0.37,0.02,0.16,-0.34,0.65,-0.01,0.00,0.65
31590,0.35,-0.02,0.16,-0.34,0.65,0.00,0.00,0.65
31600,0.37,-0.13,0.16,-0.34,0.65,0.01,0.00,0.65
31610,-0.13,0.14,0.16,-0.34,0.65,0.01,0.00,0.65
31620,0.30,-0.22,0.16,-0.34,0.65,0.02,-0.00,0.65
31630,-0.06,-0.00,0.16,-0.34,0.65,0.02,-0.00,0.65
31640,-0.26,0.35,0.16,-0.34,0.65,0.01,0.01,0.65
31650,-0.23,-0.22,0.16,-0.34,0.65,0.00,0.00,0.65
31660,-0.32,0.52,0.16,-0.34,0.65,-0.01,0.02,0.65
31670,0.22,-0.08,0.16,-0.34,0.65,-0.00,0.01,0.65
31680,0.74,0.21,0.16,-0.34,0.65,0.02,0.02,0.65
31690,-0.64,-0.21,0.16,-0.34,0.65,-0.00,0.01,0.65
31700,-0.30,0.36,0.16,-0.34,0.65,-0.01,0.02,0.65
31710,-0.13,0.42,0.16,-0.34,0.65,-0.01,0.04,0.65
31720,0.60,0.10,0.16,-0.34,0.65,0.01,0.04,0.65
31730,-0.10,0.12,0.16,-0.34,0.65,0.00,0.04,0.65
31740,0.21,-0.26,0.16,-0.34,0.65,0.01,0.03,0.65
31750,-0.11,0.76,0.16,-0.34,0.65,0.01,0.05,0.65
31760,-0.04,0.58,0.16,-0.34,0.65,0.00,0.07,0.65
31770,-0.02,-0.41,0.16,-0.34,0.65,0.00,0.06,0.65
31780,-0.21,0.17,0.16,-0.34,0.65,-0.00,0.06,0.65
31790,0.24,-0.15,0.16,-0.34,0.65,0.00,0.05,0.65
31800,0.17,0.42,0.16,-0.34,0.65,0.01,0.06,0.65
31810,0.12,-0.26,0.16,-0.34,0.65,0.01,0.05,0.65
31820,-0.35,-0.07,0.16,-0.34,0.65,0.00,0.05,0.65
31830,0.55,0.23,0.16,-0.34,0.65,0.02,0.06,0.65
31840,-0.16,-0.38,0.16,-0.34,0.65,0.01,0.05,0.65
31850,-0.36,0.01,0.16,-0.34,0.65,0.00,0.04,0.65
31860,-0.14,0.33,0.16,-0.34,0.65,-0.00,0.05,0.65
31870,0.35,-0.07,0.16,-0.34,0.65,0.01,0.05,0.65
31880,0.06,-0.58,0.16,-0.34,0.65,0.01,0.03,0.65
31890,0.51,0.48,0.16,-0.34,0.65,0.02,0.04,0.65
31900,0.11,-0.06,0.16,-0.34,0.66,0.03,0.04,0.66
31910,0.10,0.47,0.16,-0.34,0.65,0.03,0.06,0.65
31920,0.47,-0.40,0.16,-0.34,0.66,0.04,0.04,0.66
31930,0.11,0.07,0.16,-0.34,0.66,0.05,0.04,0.66
31940,-0.10,0.58,0.16,-0.34,0.66,0.04,0.06,0.66
31950,0.15,-0.70,0.16,-0.34,0.66,0.04,0.04,0.66
31960,0.45,-0.15,0.16,-0.34,0.66,0.06,0.03,0.66
31970,0.10,0.03,0.15,-0.34,0.66,0.06,0.03,0.66
31980,-0.64,0.25,0.15,-0.35,0.66,0.04,0.04,0.66
31990,-0.12,0.36,0.16,-0.35,0.66,0.03,0.05,0.66
32000,-0.78,0.22,0.16,-0.35,0.66,0.01,0.05,0.66
32009,0.11,0.40,0.16,-0.35,0.66,0.01,0.06,0.66
32020,0.01,-0.09,0.16,-0.35,0.66,0.01,0.06,0.66
32030,-0.26,0.14,0.16,-0.35,0.66,0.01,0.06,0.66
32040,0.65,0.33,0.16,-0.35,0.66,0.02,0.07,0.66
32049,0.41,0.28,0.16,-0.35,0.66,0.04,0.08,0.66
32060,0.37,-0.29,0.16,-0.35,0.66,0.05,0.07,0.66
32070,-0.33,0.52,0.16,-0.35,0.66,0.04,0.08,0.66
32080,0.42,-0.04,0.16,-0.35,0.66,0.05,0.08,0.66
32090,-0.44,0.17,0.16,-0.35,0.66,0.03,0.08,0.66
32100,-0.41,-0.63,0.16,-0.35,0.66,0.02,0.06,0.66
32110,-0.47,-0.03,0.16,-0.35,0.66,0.01,0.06,0.66
32119,0.29,0.18,0.16,-0.35,0.66,0.01,0.06,0.66
32130,0.05,-0.19,0.16,-0.35,0.66,0.01,0.05,0.66
32140,0.17,0.35,0.16,-0.35,0.66,0.02,0.06,0.66
32150,-0.16,0.14,0.16,-0.35,0.66,0.01,0.07,0.66
32160,-0.23,-0.01,0.16,-0.35,0.66,0.01,0.07,0.66
32170,-0.36,-0.50,0.16,-0.35,0.66,-0.00,0.05,0.66
32180,-0.01,0.16,0.16,-0.35,0.66,-0.00,0.05,0.66
32189,0.23,0.39,0.16,-0.35,0.66,0.00,0.06,0.66
32200,0.09,0.70,0.16,-0.34,0.66,0.01,0.08,0.66
32210,-0.09,-0.10,0.16,-0.35,0.66,0.00,0.08,0.66
32220,0.64,0.73,0.16,-0.34,0.66,0.02,0.10,0.66
32230,-0.32,-0.34,0.16,-0.34,0.66,0.01,0.09,0.66
32240,-0.21,-0.58,0.16,-0.35,0.66,0.01,0.07,0.66
32250,-0.20,0.52,0.16,-0.35,0.66,-0.00,0.08,0.66
32259,-0.45,-0.20,0.16,-0.35,0.66,-0.01,0.07,0.66
32270,-0.78,0.40,0.16,-0.35,0.66,-0.04,0.08,0.66
32280,0.10,0.31,0.16,-0.35,0.66,-0.03,0.09,0.66
32290,-0.15,0.44,0.16,-0.35,0.66,-0.04,0.10,0.66
32299,-0.23,0.23,0.16,-0.35,0.66,-0.04,0.11,0.66
32310,0.25,0.33,0.16,-0.35,0.66,-0.03,0.11,0.66
32320,-0.15,-0.89,0.16,-0.35,0.66,-0.04,0.08,0.66
32330,0.02,-0.47,0.16,-0.35,0.66,-0.04,0.07,0.66
32340,0.20,-0.36,0.16,-0.35,0.66,-0.03,0.05,0.66
32350,0.64,0.34,0.16,-0.35,0.66,-0.01,0.06,0.66
32360,-0.74,-0.14,0.16,-0.35,0.66,-0.03,0.06,0.66
32369,0.06,-0.41,0.16,-0.35,0.66,-0.03,0.04,0.66
32380,0.18,-0.11,0.16,-0.35,0.66,-0.02,0.04,0.66
32390,0.34,0.51,0.16,-0.35,0.66,-0.01,0.05,0.66
32400,0.20,0.21,0.16,-0.35,0.66,-0.00,0.06,0.66
32410,-0.48,-0.41,0.16,-0.35,0.66,-0.02,0.04,0.66
32420,-0.54,-0.87,0.16,-0.35,0.66,-0.03,0.01,0.66
32430,-0.91,-0.06,0.16,-0.35,0.66,-0.06,0.01,0.66
32439,0.26,-0.41,0.16,-0.35,0.66,-0.05,0.00,0.66
32450,-0.19,-0.35,0.16,-0.35,0.66,-0.06,-0.01,0.66
32460,-0.10,0.05,0.16,-0.35,0.66,-0.06,-0.01,0.66
32470,0.17,-0.44,0.16,-0.35,0.66,-0.05,-0.02,0.66
32480,0.04,-0.13,0.16,-0.35,0.66,-0.05,-0.03,0.66
32490,0.36,-0.87,0.16,-0.35,0.66,-0.04,-0.05,0.66
32500,0.61,0.22,0.16,-0.35,0.66,-0.02,-0.05,0.66
32509,-0.70,0.47,0.16,-0.35,0.66,-0.04,-0.03,0.66
32520,-0.40,-0.18,0.16,-0.35,0.66,-0.05,-0.04,0.66
32530,0.04,0.21,0.16,-0.35,0.66,-0.05,-0.03,0.66
32540,0.30,0.69,0.16,-0.35,0.66,-0.04,-0.01,0.66
32549,-0.27,0.05,0.16,-0.35,0.66,-0.05,-0.01,0.66
32560,-0.15,0.91,0.16,-0.35,0.66,-0.05,0.02,0.66
32570,-0.35,0.83,0.16,-0.35,0.66,-0.06,0.05,0.66
32580,-0.53,0.28,0.16,-0.35,0.66,-0.08,0.05,0.66
32590,1.05,1.08,0.16,-0.35,0.66,-0.04,0.09,0.66
32600,0.05,-0.73,0.16,-0.35,0.66,-0.04,0.06,0.66
32610,-0.35,0.22,0.16,-0.35,0.66,-0.05,0.07,0.66
32619,1.17,0.60,0.16,-0.35,0.66,-0.01,0.08,0.66
32630,-0.28,0.07,0.16,-0.35,0.66,-0.02,0.08,0.66
32640,0.29,0.23,0.16,-0.35,0.66,-0.01,0.09,0.66
32650,0.06,0.09,0.16,-0.35,0.66,-0.01,0.09,0.66
32660,-0.19,-0.24,0.16,-0.35,0.66,-0.01,0.08,0.66
32670,0.06,0.23,0.16,-0.35,0.66,-0.01,0.09,0.66
32680,-0.14,-0.36,0.16,-0.35,0.66,-0.02,0.07,0.66
32689,0.20,0.15,0.16,-0.35,0.66,-0.01,0.07,0.66
32700,0.03,-0.43,0.16,-0.35,0.66,-0.01,0.06,0.66
32710,-0.19,0.51,0.16,-0.35,0.66,-0.02,0.07,0.66
32720,0.33,0.22,0.16,-0.35,0.66,-0.00,0.08,0.66
32730,0.34,0.20,0.16,-0.35,0.67,0.01,0.08,0.67
32740,0.17,0.02,0.16,-0.35,0.67,0.01,0.08,0.67
32750,0.00,-0.44,0.16,-0.35,0.67,0.01,0.06,0.67
32759,0.15,0.29,0.16,-0.35,0.67,0.02,0.07,0.67
32770,0.47,0.19,0.16,-0.35,0.67,0.03,0.07,0.67
32780,-0.05,0.32,0.16,-0.35,0.67,0.03,0.08,0.67
32790,0.08,-0.40,0.16,-0.35,0.67,0.03,0.07,0.67
32800,0.03,0.55,0.16,-0.35,0.67,0.03,0.08,0.67
32810,0.09,0.02,0.16,-0.35,0.67,0.03,0.08,0.67
32820,0.73,-0.35,0.16,-0.35,0.67,0.05,0.07,0.67
32830,-0.22,-0.19,0.17,-0.35,0.67,0.05,0.06,0.67
32840,0.25,0.10,0.17,-0.35,0.67,0.05,0.06,0.67
32850,0.49,0.26,0.17,-0.35,0.67,0.07,0.07,0.67
32860,0.21,-0.24,0.17,-0.35,0.67,0.07,0.06,0.67
32870,0.26,-0.08,0.17,-0.35,0.67,0.08,0.05,0.67
32880,-0.93,0.35,0.17,-0.35,0.67,0.05,0.06,0.67
32890,0.21,0.25,0.17,-0.35,0.67,0.06,0.07,0.67
32900,0.21,-0.20,0.17,-0.35,0.67,0.06,0.06,0.67
32910,-0.14,0.13,0.17,-0.35,0.67,0.06,0.06,0.67
32920,0.16,0.14,0.17,-0.35,0.67,0.06,0.07,0.67
32930,-0.10,0.09,0.17,-0.35,0.67,0.06,0.07,0.67
32940,-0.16,-0.34,0.17,-0.35,0.67,0.05,0.06,0.67
32950,-0.05,-0.08,0.17,-0.35,0.67,0.05,0.05,0.67
32960,0.94,-0.25,0.17,-0.35,0.67,0.08,0.04,0.67
32970,-0.46,0.07,0.17,-0.35,0.67,0.06,0.04,0.67
32980,0.45,0.04,0.17,-0.35,0.67,0.07,0.04,0.67
32990,-0.30,0.17,0.17,-0.36,0.67,0.06,0.05,0.67
33000,0.29,0.01,0.17,-0.36,0.67,0.07,0.04,0.67
33010,-0.06,-0.40,0.17,-0.36,0.68,0.07,0.03,0.68
33020,0.34,0.29,0.17,-0.36,0.68,0.08,0.04,0.68
33030,0.25,-0.31,0.17,-0.36,0.68,0.08,0.03,0.68
33040,0.35,0.11,0.17,-0.36,0.68,0.09,0.03,0.68
33050,-0.19,-0.34,0.17,-0.36,0.68,0.08,0.02,0.68
33060,0.43,-0.64,0.17,-0.36,0.68,0.09,-0.00,0.68
33070,0.32,0.05,0.17,-0.36,0.68,0.10,-0.00,0.68
33080,0.00,-0.17,0.17,-0.36,0.68,0.10,-0.01,0.68
33090,0.01,0.13,0.17,-0.36,0.68,0.10,-0.00,0.68
33100,-0.26,0.11,0.17,-0.36,0.68,0.09,0.00,0.68
33110,-0.48,0.50,0.17,-0.36,0.68,0.07,0.02,0.68
33120,-0.41,-0.29,0.17,-0.36,0.68,0.06,0.01,0.68
33130,0.30,-0.45,0.17,-0.36,0.68,0.07,-0.01,0.68
33140,-0.15,-0.60,0.17,-0.36,0.68,0.06,-0.03,0.68
33150,0.04,-0.43,0.17,-0.36,0.68,0.06,-0.04,0.68
33160,-0.42,0.01,0.17,-0.36,0.68,0.05,-0.04,0.68
33170,0.47,-0.53,0.17,-0.36,0.68,0.06,-0.05,0.68
33180,0.18,0.44,0.17,-0.36,0.68,0.06,-0.04,0.68
33190,-0.39,-0.06,0.17,-0.36,0.68,0.05,-0.04,0.68
33200,0.04,-0.17,0.17,-0.36,0.68,0.05,-0.04,0.68
33210,-0.17,-0.04,0.17,-0.36,0.68,0.04,-0.05,0.68
33220,-0.10,0.31,0.17,-0.36,0.68,0.04,-0.03,0.68
33230,0.82,0.36,0.17,-0.36,0.68,0.06,-0.02,0.68
33240,-0.23,0.82,0.17,-0.36,0.68,0.05,0.00,0.68
33250,-0.47,0.01,0.17,-0.36,0.68,0.04,0.00,0.68
33260,-0.52,0.04,0.17,-0.36,0.68,0.02,0.00,0.68
33270,-0.29,0.29,0.17,-0.36,0.68,0.01,0.01,0.68
33280,-0.40,0.35,0.18,-0.36,0.68,-0.00,0.02,0.68
33290,-0.34,-0.25,0.18,-0.36,0.68,-0.01,0.01,0.68
33300,0.55,-0.17,0.18,-0.36,0.68,0.01,0.01,0.68
33310,-0.27,0.24,0.18,-0.36,0.68,-0.00,0.01,0.68
33320,0.29,-0.25,0.18,-0.36,0.68,0.01,0.01,0.68
33330,0.06,0.26,0.18,-0.36,0.68,0.01,0.01,0.68
33340,-0.45,0.61,0.18,-0.36,0.68,-0.01,0.03,0.68
33350,-0.51,-0.01,0.18,-0.36,0.68,-0.02,0.03,0.68
33360,-0.07,-0.40,0.18,-0.36,0.68,-0.02,0.02,0.68
33370,-0.15,-0.23,0.18,-0.36,0.68,-0.03,0.01,0.68
33380,-0.15,0.57,0.18,-0.36,0.68,-0.03,0.03,0.68
33390,-0.48,-0.35,0.18,-0.36,0.68,-0.05,0.01,0.68
33400,-0.00,-0.21,0.18,-0.36,0.68,-0.05,0.01,0.68
33410,-0.80,-0.11,0.18,-0.36,0.68,-0.07,0.00,0.68
33420,-0.07,-0.07,0.18,-0.36,0.68,-0.07,0.00,0.68
33430,0.38,-0.10,0.18,-0.36,0.68,-0.06,-0.00,0.68
33440,0.86,0.27,0.18,-0.36,0.68,-0.03,0.01,0.68
33450,-0.72,0.24,0.18,-0.36,0.68,-0.05,0.01,0.68
33460,-0.41,-0.39,0.18,-0.36,0.68,-0.06,0.00,0.68
33470,-0.15,0.42,0.18,-0.36,0.68,-0.07,0.01,0.68
33480,-0.24,0.10,0.18,-0.36,0.68,-0.07,0.02,0.68
33490,0.30,0.32,0.18,-0.36,0.68,-0.06,0.02,0.68
33500,0.50,-0.30,0.17,-0.36,0.68,-0.05,0.01,0.68
33510,-0.53,0.75,0.17,-0.36,0.68,-0.06,0.04,0.68
33520,0.23,-0.10,0.17,-0.36,0.68,-0.06,0.03,0.68
33530,-0.08,0.38,0.17,-0.36,0.68,-0.06,0.04,0.68
33540,-0.15,0.23,0.17,-0.36,0.68,-0.06,0.05,0.68
33550,0.25,0.27,0.17,-0.36,0.68,-0.05,0.06,0.68
33560,-0.48,0.08,0.17,-0.36,0.68,-0.07,0.06,0.68
33570,0.49,-0.52,0.17,-0.36,0.68,-0.05,0.04,0.68
33580,0.13,-0.19,0.17,-0.36,0.68,-0.04,0.03,0.68
33590,-0.34,0.03,0.17,-0.36,0.68,-0.05,0.03,0.68
33600,0.08,-0.04,0.17,-0.36,0.68,-0.05,0.03,0.68
33610,0.82,-0.12,0.17,-0.36,0.68,-0.02,0.03,0.68
33620,0.03,0.71,0.17,-0.36,0.68,-0.02,0.05,0.68
33630,-0.17,0.20,0.17,-0.36,0.68,-0.03,0.05,0.68
33640,-0.09,-0.18,0.17,-0.36,0.68,-0.03,0.04,0.68
33650,-0.01,0.04,0.17,-0.36,0.68,-0.03,0.04,0.68
33660,-0.16,-0.12,0.17,-0.36,0.68,-0.04,0.04,0.68
33670,-0.68,0.29,0.17,-0.36,0.68,-0.06,0.05,0.68
33680,-0.07,-0.13,0.17,-0.36,0.68,-0.06,0.04,0.68
33690,0.10,0.05,0.17,-0.36,0.68,-0.05,0.04,0.68
33700,-0.12,0.45,0.17,-0.36,0.68,-0.06,0.06,0.68
33710,0.50,0.05,0.17,-0.36,0.68,-0.04,0.05,0.68
33720,-0.12,0.13,0.17,-0.36,0.68,-0.04,0.06,0.68
33730,0.33,0.30,0.17,-0.36,0.68,-0.03,0.06,0.68
33740,-0.31,0.24,0.17,-0.36,0.68,-0.04,0.07,0.68
33750,0.25,0.05,0.17,-0.36,0.68,-0.03,0.07,0.68
33760,0.32,-0.16,0.17,-0.36,0.68,-0.02,0.06,0.68
33770,0.29,0.60,0.17,-0.36,0.68,-0.01,0.08,0.68
33780,0.26,0.62,0.17,-0.36,0.68,-0.00,0.10,0.68
33790,-0.06,0.07,0.17,-0.36,0.68,-0.01,0.10,0.68
33800,0.12,0.29,0.17,-0.36,0.68,-0.00,0.10,0.68
33810,-0.26,-0.47,0.17,-0.36,0.68,-0.01,0.09,0.68
33820,-0.26,-0.57,0.17,-0.36,0.68,-0.02,0.07,0.68
33830,0.10,-0.07,0.17,-0.37,0.68,-0.01,0.06,0.68
33840,-0.06,-0.38,0.17,-0.37,0.68,-0.02,0.05,0.68
33850,-0.28,-0.40,0.17,-0.37,0.68,-0.02,0.03,0.68
33860,0.36,0.37,0.17,-0.37,0.68,-0.01,0.05,0.68
33870,-0.51,-0.29,0.17,-0.37,0.68,-0.03,0.04,0.68
33880,-1.25,0.47,0.17,-0.36,0.68,-0.06,0.05,0.68
33890,0.08,0.15,0.17,-0.36,0.68,-0.06,0.05,0.68
33900,-0.58,0.03,0.17,-0.36,0.68,-0.08,0.05,0.68
33910,-0.03,-0.03,0.17,-0.36,0.68,-0.08,0.05,0.68
33920,-0.08,0.46,0.17,-0.36,0.69,-0.08,0.06,0.69
33930,-0.25,-0.33,0.17,-0.36,0.69,-0.08,0.05,0.69
33940,0.08,-0.13,0.17,-0.37,0.69,-0.08,0.05,0.69
33950,0.16,-0.09,0.17,-0.37,0.69,-0.07,0.04,0.69
33960,0.26,0.19,0.18,-0.37,0.69,-0.06,0.04,0.69
33970,0.59,0.19,0.18,-0.37,0.69,-0.04,0.05,0.69
33980,-0.39,0.01,0.18,-0.37,0.68,-0.05,0.05,0.68
33990,-0.57,-0.59,0.18,-0.37,0.69,-0.07,0.03,0.69
34000,0.03,-0.31,0.18,-0.37,0.69,-0.06,0.02,0.69
34010,-0.03,0.37,0.18,-0.37,0.69,-0.06,0.03,0.69
34020,0.30,-0.01,0.18,-0.37,0.69,-0.05,0.03,0.69
34030,-0.10,-0.27,0.18,-0.37,0.69,-0.06,0.02,0.69
34040,-0.73,-0.10,0.18,-0.37,0.69,-0.08,0.02,0.69
34050,0.28,0.70,0.18,-0.37,0.69,-0.07,0.04,0.69
34060,0.21,-0.06,0.18,-0.37,0.69,-0.06,0.03,0.69
34070,0.24,0.05,0.18,-0.37,0.69,-0.05,0.03,0.69
34080,-0.19,-0.13,0.18,-0.37,0.69,-0.06,0.03,0.69
34090,0.24,-0.28,0.18,-0.37,0.69,-0.05,0.02,0.69
34100,0.37,-0.09,0.18,-0.37,0.69,-0.03,0.01,0.69
34110,-0.12,0.02,0.18,-0.37,0.69,-0.04,0.01,0.69
34120,0.08,-0.25,0.18,-0.37,0.69,-0.03,0.01,0.69
34130,-0.25,-0.64,0.18,-0.37,0.69,-0.04,-0.01,0.69
34140,0.16,-0.02,0.18,-0.37,0.69,-0.03,-0.01,0.69
34150,-0.58,0.28,0.18,-0.37,0.69,-0.05,-0.01,0.69
34160,-0.10,0.29,0.18,-0.37,0.69,-0.05,0.00,0.69
34170,-0.65,0.19,0.18,-0.37,0.69,-0.07,0.01,0.69
34180,-0.35,0.31,0.18,-0.37,0.69,-0.08,0.02,0.69
34190,-0.07,-0.11,0.18,-0.37,0.69,-0.08,0.01,0.69
34200,0.33,-0.11,0.18,-0.37,0.69,-0.07,0.01,0.69
34210,0.20,0.12,0.18,-0.37,0.69,-0.06,0.01,0.69
34220,-0.20,-0.03,0.18,-0.37,0.69,-0.07,0.01,0.69
34230,0.57,0.01,0.18,-0.37,0.69,-0.05,0.01,0.69
34240,0.71,0.17,0.18,-0.37,0.69,-0.03,0.02,0.69
34250,0.26,-0.07,0.17,-0.37,0.69,-0.02,0.01,0.69
34260,0.10,0.26,0.18,-0.37,0.69,-0.01,0.02,0.69
34270,-0.23,-0.98,0.18,-0.37,0.69,-0.02,-0.01,0.69
34280,-0.20,0.25,0.18,-0.37,0.69,-0.03,-0.00,0.69
34290,0.14,-0.40,0.18,-0.37,0.69,-0.02,-0.01,0.69
34300,-0.15,0.66,0.18,-0.37,0.69,-0.03,0.01,0.69
34310,0.16,0.31,0.18,-0.37,0.69,-0.02,0.02,0.69
34320,-0.85,-0.08,0.18,-0.37,0.69,-0.04,0.01,0.69
34330,-0.01,0.30,0.18,-0.37,0.69,-0.04,0.02,0.69
34340,-0.61,-0.21,0.18,-0.37,0.69,-0.06,0.01,0.69
34350,0.64,0.00,0.18,-0.37,0.69,-0.04,0.01,0.69
34360,0.36,0.46,0.18,-0.37,0.69,-0.03,0.03,0.69
34370,0.08,-0.06,0.18,-0.37,0.69,-0.02,0.02,0.69
34380,0.02,0.68,0.18,-0.37,0.69,-0.02,0.04,0.69
34390,0.33,-0.04,0.18,-0.37,0.69,-0.01,0.04,0.69
34400,-0.85,-0.20,0.18,-0.37,0.69,-0.04,0.03,0.69
34410,-0.42,0.08,0.18,-0.37,0.69,-0.05,0.04,0.69
34420,0.08,0.11,0.18,-0.37,0.69,-0.05,0.04,0.69
34430,0.21,0.12,0.18,-0.37,0.69,-0.04,0.04,0.69
34440,0.29,-0.11,0.18,-0.37,0.69,-0.03,0.04,0.69
34450,-0.34,0.18,0.18,-0.37,0.69,-0.04,0.04,0.69
34460,0.73,0.01,0.18,-0.37,0.69,-0.01,0.04,0.69
34470,-0.44,0.33,0.18,-0.37,0.69,-0.03,0.05,0.69
34480,-0.06,-0.61,0.18,-0.37,0.70,-0.03,0.03,0.70
34490,0.11,0.58,0.18,-0.37,0.69,-0.02,0.05,0.69
34500,0.06,0.15,0.18,-0.37,0.70,-0.02,0.05,0.70
34510,-0.17,0.50,0.18,-0.37,0.70,-0.03,0.06,0.70
34520,-0.04,0.59,0.18,-0.37,0.70,-0.03,0.08,0.70
34530,0.34,-0.16,0.18,-0.37,0.70,-0.01,0.07,0.70
34540,-0.51,-0.06,0.18,-0.37,0.70,-0.03,0.07,0.70
34550,0.59,0.44,0.18,-0.37,0.70,-0.01,0.08,0.70
34560,-0.59,0.14,0.18,-0.37,0.70,-0.03,0.08,0.70
34570,0.41,0.21,0.18,-0.37,0.70,-0.01,0.09,0.70
34580,-0.12,-0.11,0.18,-0.37,0.70,-0.02,0.08,0.70
34590,0.11,-0.14,0.18,-0.37,0.70,-0.02,0.07,0.70
34600,-0.08,0.26,0.18,-0.37,0.70,-0.02,0.08,0.70
34610,-0.63,0.46,0.18,-0.37,0.70,-0.04,0.09,0.70
34620,-0.27,0.11,0.18,-0.37,0.70,-0.04,0.09,0.70
34630,-0.23,0.11,0.18,-0.37,0.70,-0.05,0.09,0.70
34640,-0.32,0.68,0.18,-0.37,0.70,-0.06,0.11,0.70
34650,-0.18,0.29,0.18,-0.37,0.70,-0.06,0.12,0.70
34660,-0.82,0.41,0.18,-0.37,0.70,-0.08,0.13,0.70
34670,0.23,-0.76,0.18,-0.37,0.70,-0.08,0.10,0.70
34680,0.00,-0.29,0.18,-0.37,0.70,-0.07,0.09,0.70
34690,-0.02,-0.59,0.18,-0.37,0.70,-0.07,0.07,0.70
34700,-0.28,0.34,0.18,-0.37,0.70,-0.08,0.08,0.70
34710,-0.05,-0.58,0.18,-0.37,0.70,-0.08,0.06,0.70
34720,0.58,-0.37,0.18,-0.37,0.70,-0.06,0.05,0.70
34730,1.08,0.34,0.18,-0.37,0.70,-0.02,0.05,0.70
34740,-0.18,-0.26,0.18,-0.37,0.70,-0.03,0.05,0.70
34750,0.10,-0.07,0.18,-0.37,0.70,-0.03,0.04,0.70
34760,0.03,-0.28,0.18,-0.37,0.70,-0.02,0.03,0.70
34770,0.70,0.25,0.18,-0.37,0.70,-0.00,0.04,0.70
34780,0.14,0.21,0.18,-0.37,0.70,0.00,0.05,0.70
34790,0.53,0.06,0.18,-0.37,0.70,0.02,0.05,0.70
34800,-0.29,0.41,0.18,-0.37,0.70,0.01,0.06,0.70
34810,0.11,0.19,0.18,-0.37,0.70,0.01,0.06,0.70
34820,0.19,0.62,0.18,-0.37,0.70,0.02,0.08,0.70
34830,-0.54,-0.43,0.18,-0.37,0.70,0.00,0.06,0.70
34840,-0.57,-0.21,0.18,-0.37,0.70,-0.01,0.05,0.70
34850,-0.44,0.19,0.18,-0.37,0.70,-0.03,0.06,0.70
34860,-0.23,0.41,0.18,-0.37,0.71,-0.03,0.07,0.71
34870,-0.03,0.59,0.18,-0.37,0.70,-0.03,0.08,0.70
34880,0.15,0.32,0.18,-0.37,0.70,-0.03,0.09,0.70
34890,-0.15,0.24,0.18,-0.37,0.70,-0.03,0.10,0.70
34900,-0.04,0.11,0.18,-0.37,0.71,-0.03,0.10,0.71
34910,0.96,0.50,0.18,-0.37,0.71,-0.00,0.11,0.71
34920,-0.68,-0.37,0.18,-0.37,0.71,-0.02,0.10,0.71
34930,0.25,-0.49,0.18,-0.37,0.71,-0.01,0.08,0.71
34940,0.11,-0.01,0.18,-0.37,0.71,-0.01,0.08,0.71
34950,0.79,-0.26,0.18,-0.37,0.71,0.02,0.07,0.71
34960,-0.35,0.24,0.18,-0.37,0.71,0.01,0.07,0.71
34970,0.29,-0.02,0.18,-0.37,0.71,0.01,0.07,0.71
34980,-0.80,0.29,0.18,-0.37,0.71,-0.01,0.08,0.71
34990,-0.26,-0.58,0.18,-0.37,0.71,-0.02,0.06,0.71
