=== BAI 6 - UOC LUONG GOC ROLL / PITCH / YAW ===
Cam bien: MPU6500 | 100Hz | Kalman Filter
Time_ms,Roll_Accel,Pitch_Accel,Roll_Gyro,Pitch_Gyro,Yaw_Gyro,Roll_KF,Pitch_KF,Yaw_KF
0,-0.05,-0.05,-0.00,0.00,-0.00,-0.00,0.00,-0.00
10,-0.52,0.09,-0.00,0.00,-0.00,-0.00,0.00,-0.00
20,0.08,0.33,0.00,0.00,-0.00,-0.00,0.00,-0.00
30,-0.36,0.07,0.00,0.00,-0.00,0.00,0.00,-0.00
40,0.19,-0.41,0.00,0.00,0.00,0.00,0.00,0.00
50,-0.08,0.11,0.00,0.00,-0.00,0.00,0.00,-0.00
60,0.20,-0.42,-0.00,0.00,-0.00,-0.00,0.00,-0.00
70,0.31,0.19,-0.00,0.00,-0.00,-0.00,0.00,-0.00
80,-0.03,-0.08,-0.00,0.00,-0.00,-0.00,0.00,-0.00
90,0.12,0.18,-0.00,0.00,-0.00,-0.00,0.00,-0.00
100,-0.16,0.14,-0.00,0.00,-0.00,-0.00,0.00,-0.00
110,-0.38,0.22,-0.00,0.00,-0.00,-0.00,0.01,-0.00
120,0.50,-0.03,-0.00,0.00,-0.00,-0.00,0.00,-0.00
130,-0.51,0.01,-0.00,0.00,-0.00,-0.00,0.00,-0.00
140,0.20,0.65,-0.00,0.00,-0.00,-0.00,0.01,-0.00
150,-0.29,0.27,-0.00,0.00,-0.00,-0.00,0.01,-0.00
160,-0.25,-0.08,-0.00,0.00,-0.00,-0.01,0.01,-0.00
170,0.15,0.33,-0.00,0.00,-0.00,-0.01,0.01,-0.00
180,0.38,0.25,-0.00,0.00,-0.00,-0.00,0.01,-0.00
190,0.13,0.34,-0.00,0.00,-0.00,-0.00,0.01,-0.00
200,0.56,0.03,-0.00,0.00,-0.00,0.00,0.01,-0.00
210,0.50,0.23,-0.00,0.00,-0.00,0.01,0.01,-0.00
220,0.19,-0.15,-0.00,0.00,0.00,0.01,0.01,0.00
230,-0.37,-0.12,-0.00,-0.00,0.00,0.01,0.01,0.00
240,0.03,-0.35,-0.00,-0.00,0.00,0.01,0.01,0.00
250,0.00,0.64,-0.00,0.00,0.00,0.01,0.01,0.00
260,-0.04,0.09,-0.00,-0.00,0.00,0.01,0.01,0.00
270,0.21,0.43,0.00,-0.00,0.00,0.01,0.02,0.00
280,-0.44,0.05,0.00,0.00,0.00,0.00,0.02,0.00
290,0.11,-0.44,0.00,0.00,0.00,0.01,0.01,0.00
300,0.51,-0.01,-0.00,0.00,0.00,0.01,0.01,0.00
310,0.17,-0.20,0.00,0.00,0.00,0.01,0.01,0.00
320,0.45,0.17,0.00,0.00,0.00,0.02,0.02,0.00
330,-0.10,0.03,0.00,0.00,0.00,0.02,0.02,0.00
340,0.42,-0.14,0.00,0.00,0.00,0.02,0.01,0.00
350,-0.21,0.24,0.00,0.00,0.00,0.02,0.02,0.00
360,-0.07,-0.42,0.00,0.00,0.00,0.02,0.01,0.00
370,0.18,0.14,0.00,0.00,0.00,0.02,0.01,0.00
380,-0.25,0.11,0.00,0.00,0.00,0.02,0.02,0.00
390,0.24,-0.09,0.00,0.01,0.00,0.02,0.02,0.00
400,0.78,-0.12,0.00,0.01,0.00,0.03,0.01,0.00
410,0.02,-0.08,0.00,0.00,0.00,0.03,0.01,0.00
420,-0.06,0.49,0.00,0.00,0.00,0.03,0.02,0.00
430,-0.30,-0.42,-0.00,0.00,0.00,0.02,0.01,0.00
440,0.45,-0.07,-0.00,0.00,0.01,0.03,0.01,0.01
450,0.16,-0.55,-0.00,0.01,0.01,0.03,0.00,0.01
460,0.20,0.09,-0.00,0.00,0.01,0.03,0.00,0.01
470,0.18,0.16,-0.00,0.00,0.01,0.03,0.01,0.01
480,-0.40,0.18,-0.00,0.00,0.01,0.02,0.01,0.01
490,0.53,0.02,-0.00,0.00,0.01,0.03,0.01,0.01
500,-0.24,0.43,-0.00,0.00,0.01,0.03,0.01,0.01
510,-0.01,0.17,-0.00,0.00,0.01,0.03,0.02,0.01
520,0.53,-0.39,-0.00,0.00,0.01,0.04,0.01,0.01
530,-0.47,-0.63,-0.00,0.00,0.01,0.03,0.00,0.01
540,0.12,-0.22,-0.01,0.00,0.01,0.03,-0.01,0.01
550,0.13,0.28,-0.01,0.00,0.01,0.03,-0.00,0.01
560,-0.05,-0.19,-0.01,0.00,0.01,0.03,-0.00,0.01
570,0.05,0.07,-0.01,0.00,0.01,0.03,-0.00,0.01
580,0.60,0.01,-0.01,0.00,0.01,0.04,-0.00,0.01
590,-0.44,-0.04,-0.01,0.00,0.01,0.03,-0.00,0.01
600,0.36,-0.20,-0.01,0.00,0.01,0.04,-0.01,0.01
610,0.15,-0.21,-0.00,0.00,0.01,0.04,-0.01,0.01
620,0.19,-0.11,-0.00,0.00,0.01,0.05,-0.01,0.01
630,-0.71,-0.32,-0.00,0.00,0.01,0.03,-0.02,0.01
640,0.63,-0.58,-0.00,0.00,0.01,0.04,-0.03,0.01
650,0.09,-0.32,-0.00,0.00,0.01,0.05,-0.04,0.01
660,0.10,-0.20,-0.00,0.00,0.01,0.05,-0.04,0.01
670,-0.50,0.09,0.00,0.00,0.01,0.04,-0.04,0.01
680,0.07,-0.19,0.00,0.00,0.01,0.04,-0.04,0.01
690,0.62,0.22,0.00,0.00,0.01,0.05,-0.04,0.01
700,0.43,-0.04,0.00,0.00,0.01,0.06,-0.04,0.01
710,-0.04,0.21,0.00,0.00,0.01,0.06,-0.03,0.01
720,-0.04,-0.24,0.00,0.00,0.01,0.06,-0.04,0.01
730,0.30,-0.01,0.00,0.00,0.01,0.06,-0.04,0.01
740,-0.54,-0.11,0.00,0.00,0.01,0.05,-0.04,0.01
750,0.10,-0.13,0.00,0.00,0.01,0.05,-0.04,0.01
760,-0.06,-0.23,0.00,0.00,0.01,0.05,-0.05,0.01
770,0.17,0.20,0.00,0.00,0.01,0.05,-0.04,0.01
780,0.40,-0.22,0.00,0.00,0.01,0.06,-0.04,0.01
790,0.00,-0.33,0.00,0.00,0.01,0.06,-0.05,0.01
800,-0.23,0.07,-0.00,0.00,0.01,0.05,-0.05,0.01
810,-0.20,0.29,0.00,0.00,0.01,0.05,-0.04,0.01
820,0.24,-0.42,0.00,0.00,0.01,0.05,-0.05,0.01
830,0.07,0.01,0.00,0.00,0.01,0.05,-0.05,0.01
840,-0.42,0.20,0.00,0.00,0.01,0.04,-0.04,0.01
850,0.01,-0.02,0.00,0.00,0.01,0.04,-0.04,0.01
860,0.29,0.18,0.00,0.01,0.01,0.05,-0.03,0.01
870,-0.01,0.00,0.00,0.00,0.01,0.05,-0.04,0.01
880,-0.51,-0.72,0.00,0.00,0.01,0.03,-0.05,0.01
890,-0.30,-0.06,0.00,0.00,0.01,0.02,-0.05,0.01
900,0.46,-0.28,0.00,0.00,0.01,0.03,-0.06,0.01
910,0.50,0.03,-0.00,0.00,0.01,0.04,-0.06,0.01
920,0.25,0.11,-0.00,0.00,0.01,0.05,-0.05,0.01
930,-0.05,0.05,0.00,0.00,0.01,0.05,-0.05,0.01
940,-0.37,0.19,0.00,0.00,0.01,0.04,-0.05,0.01
950,0.37,-0.37,-0.00,0.00,0.01,0.05,-0.05,0.01
960,-0.03,0.02,-0.00,0.01,0.01,0.04,-0.05,0.01
970,-0.69,-0.41,-0.00,0.00,0.01,0.03,-0.06,0.01
980,0.05,0.19,-0.00,0.01,0.01,0.03,-0.05,0.01
990,0.45,-0.14,-0.00,0.00,0.01,0.04,-0.06,0.01
1000,-0.06,-0.05,-0.00,0.01,0.01,0.03,-0.06,0.01
1010,0.09,0.21,-0.00,0.01,0.01,0.04,-0.05,0.01
1020,0.07,0.24,-0.00,0.01,0.01,0.04,-0.04,0.01
1030,-0.66,-0.00,0.00,0.01,0.01,0.02,-0.04,0.01
1040,0.32,-0.00,-0.00,0.01,0.01,0.03,-0.04,0.01
1050,-0.48,0.18,-0.00,0.01,0.01,0.01,-0.04,0.01
1060,0.37,0.30,-0.00,0.01,0.01,0.02,-0.03,0.01
1070,-0.57,0.19,-0.00,0.01,0.01,0.01,-0.02,0.01
1080,0.38,-0.66,0.00,0.01,0.01,0.02,-0.04,0.01
1090,0.49,0.27,-0.00,0.01,0.01,0.03,-0.03,0.01
1100,-0.18,-0.37,0.00,0.01,0.01,0.02,-0.04,0.01
1110,-0.38,0.58,0.00,0.01,0.01,0.02,-0.02,0.01
1120,-0.30,0.12,0.00,0.01,0.01,0.01,-0.02,0.01
1130,-0.53,0.56,0.00,0.01,0.01,-0.01,-0.00,0.01
1140,-0.10,-0.29,0.00,0.00,0.01,-0.01,-0.01,0.01
1150,0.63,-0.31,0.00,0.00,0.01,0.01,-0.02,0.01
1160,-0.08,0.54,0.00,0.00,0.01,0.00,-0.01,0.01
1170,-0.18,-0.38,0.00,0.00,0.01,-0.00,-0.02,0.01
1180,0.13,-0.14,0.00,0.00,0.01,0.00,-0.02,0.01
1190,0.61,-0.07,0.00,0.01,0.01,0.02,-0.02,0.01
1200,0.48,0.23,0.00,0.01,0.01,0.03,-0.01,0.01
1210,-0.47,-0.50,0.00,0.01,0.01,0.02,-0.03,0.01
1220,-0.11,-0.22,0.00,0.01,0.01,0.01,-0.03,0.01
1230,-0.07,-0.01,0.00,0.01,0.01,0.01,-0.03,0.01
1240,-0.00,0.14,0.00,0.01,0.00,0.01,-0.03,0.00
1250,-0.13,0.08,0.00,0.00,0.00,0.00,-0.02,0.00
1260,0.42,-0.05,0.00,0.00,0.01,0.02,-0.02,0.01
1270,0.24,0.02,0.00,0.00,0.01,0.02,-0.02,0.01
1280,0.44,-0.06,0.00,0.00,0.01,0.03,-0.03,0.01
1290,-0.30,0.25,0.00,0.00,0.01,0.02,-0.02,0.01
1300,0.05,0.08,0.00,0.00,0.01,0.03,-0.02,0.01
1310,-0.32,0.35,0.00,0.00,0.01,0.02,-0.00,0.01
1320,-0.27,-0.09,0.00,0.00,0.01,0.01,-0.01,0.01
1330,-0.48,0.05,0.00,0.00,0.01,-0.01,-0.01,0.01
1340,-0.65,0.20,0.00,0.00,0.01,-0.02,-0.00,0.01
1350,-0.33,-0.04,0.00,0.00,0.01,-0.04,-0.00,0.01
1360,-0.11,-0.14,0.00,0.00,0.01,-0.04,-0.00,0.01
1370,0.01,-0.19,0.00,0.00,0.01,-0.04,-0.01,0.01
1380,-0.11,-0.29,-0.00,0.00,0.01,-0.04,-0.02,0.01
1390,-0.48,-0.35,-0.00,0.00,0.01,-0.06,-0.03,0.01
1400,-0.46,-0.49,-0.00,0.00,0.01,-0.07,-0.04,0.01
1410,0.26,-0.00,-0.00,0.00,0.01,-0.06,-0.04,0.01
1420,-0.20,-0.40,-0.00,-0.00,0.01,-0.06,-0.05,0.01
1430,0.01,0.29,-0.00,-0.00,0.01,-0.06,-0.04,0.01
1440,0.75,0.39,-0.00,-0.00,0.01,-0.04,-0.03,0.01
1450,-0.42,-0.10,-0.00,-0.00,0.01,-0.05,-0.03,0.01
1460,-0.50,0.07,-0.00,-0.00,0.01,-0.06,-0.03,0.01
1470,-0.25,-0.12,-0.00,-0.00,0.01,-0.07,-0.03,0.01
1480,-0.33,-0.48,-0.00,0.00,0.01,-0.08,-0.05,0.01
1490,0.82,0.14,-0.00,-0.00,0.01,-0.06,-0.04,0.01
1500,-0.41,0.66,-0.00,0.00,0.01,-0.07,-0.02,0.01
1510,-0.04,-0.28,-0.00,0.00,0.01,-0.07,-0.03,0.01
1520,0.02,-0.39,-0.00,0.00,0.01,-0.07,-0.04,0.01
1530,-0.24,-0.40,-0.00,0.00,0.01,-0.07,-0.05,0.01
1540,-0.20,-0.13,-0.00,0.00,0.01,-0.07,-0.05,0.01
1550,-0.05,0.62,-0.00,0.00,0.01,-0.08,-0.03,0.01
1560,0.20,-0.29,-0.00,0.00,0.01,-0.07,-0.04,0.01
1570,0.66,0.21,-0.00,0.00,0.01,-0.05,-0.03,0.01
1580,0.37,-0.16,-0.00,-0.00,0.01,-0.03,-0.04,0.01
1590,0.61,-0.56,-0.00,-0.00,0.01,-0.01,-0.06,0.01
1600,-0.06,0.23,-0.00,-0.00,0.01,-0.02,-0.05,0.01
1610,0.01,-0.25,-0.00,-0.00,0.01,-0.02,-0.06,0.01
1620,-0.30,0.07,-0.00,-0.00,0.01,-0.03,-0.05,0.01
1630,-0.11,0.01,-0.00,-0.00,0.01,-0.03,-0.05,0.01
1640,0.13,-0.26,-0.00,-0.00,0.01,-0.02,-0.06,0.01
1650,-0.05,0.32,-0.00,-0.01,0.01,-0.03,-0.05,0.01
1660,0.27,-0.21,-0.00,-0.01,0.01,-0.02,-0.05,0.01
1670,-0.35,-0.09,-0.00,-0.01,0.01,-0.03,-0.06,0.01
1680,-0.28,0.37,-0.01,-0.01,0.01,-0.04,-0.04,0.01
1690,-0.55,-0.18,-0.01,-0.01,0.01,-0.05,-0.05,0.01
1700,0.07,-0.05,-0.00,-0.01,0.01,-0.05,-0.05,0.01
1710,-0.58,-0.01,-0.00,-0.01,0.01,-0.07,-0.05,0.01
1720,0.26,-0.22,-0.01,-0.01,0.01,-0.06,-0.05,0.01
1730,0.18,-0.07,-0.00,-0.01,0.01,-0.05,-0.05,0.01
1740,-0.57,-0.20,-0.00,-0.01,0.01,-0.07,-0.06,0.01
1750,-0.35,0.04,-0.00,-0.01,0.02,-0.07,-0.05,0.02
1760,-0.01,0.21,-0.00,-0.01,0.02,-0.07,-0.05,0.02
1770,-0.31,0.17,-0.00,-0.01,0.02,-0.08,-0.04,0.02
1780,-0.24,-0.23,-0.00,-0.01,0.02,-0.08,-0.05,0.02
1790,0.33,-0.20,-0.00,-0.01,0.02,-0.07,-0.05,0.02
1800,0.29,-0.01,0.00,-0.01,0.02,-0.06,-0.05,0.02
1810,0.45,-0.18,-0.00,-0.01,0.02,-0.05,-0.05,0.02
1820,-0.76,0.01,-0.00,-0.01,0.02,-0.07,-0.05,0.02
1830,-0.20,-0.25,-0.00,-0.01,0.02,-0.07,-0.06,0.02
1840,-0.36,-0.45,-0.00,-0.01,0.02,-0.08,-0.07,0.02
1850,-0.24,-0.34,-0.00,-0.01,0.02,-0.09,-0.08,0.02
1860,-0.16,0.45,-0.00,-0.01,0.01,-0.09,-0.06,0.01
1870,-0.23,-0.61,-0.00,-0.01,0.01,-0.10,-0.08,0.01
1880,0.18,-0.29,-0.00,-0.01,0.01,-0.09,-0.09,0.01
1890,0.15,0.15,-0.00,-0.01,0.01,-0.08,-0.08,0.01
1900,-0.16,-0.77,-0.00,-0.01,0.01,-0.08,-0.10,0.01
1910,0.46,0.35,-0.00,-0.01,0.01,-0.07,-0.09,0.01
1920,-0.22,-0.33,0.00,-0.01,0.01,-0.07,-0.10,0.01
1930,0.16,0.57,0.00,-0.01,0.01,-0.07,-0.08,0.01
1940,0.02,0.10,0.00,-0.01,0.01,-0.06,-0.08,0.01
1950,0.34,0.43,0.00,-0.01,0.01,-0.05,-0.06,0.01
1960,0.60,0.34,0.00,-0.01,0.01,-0.03,-0.05,0.01
1970,-0.51,0.28,0.00,-0.01,0.01,-0.04,-0.04,0.01
1980,-0.14,0.07,0.00,-0.01,0.01,-0.05,-0.04,0.01
1990,-0.03,-0.21,0.00,-0.01,0.01,-0.05,-0.04,0.01
2000,0.43,0.25,0.00,-0.01,0.01,-0.04,-0.03,0.01
2010,0.27,0.05,0.00,-0.01,0.01,-0.03,-0.03,0.01
2020,-0.26,-0.34,0.00,-0.01,0.01,-0.03,-0.04,0.01
2030,-0.25,0.25,0.00,-0.01,0.01,-0.04,-0.03,0.01
2040,0.06,0.19,0.00,-0.01,0.01,-0.04,-0.02,0.01
2050,0.60,0.55,0.00,-0.01,0.01,-0.02,-0.00,0.01
2060,-0.00,0.17,0.00,-0.01,0.01,-0.02,0.00,0.01
2070,0.06,0.02,0.00,-0.01,0.01,-0.01,0.00,0.01
2080,-0.02,-0.34,0.00,-0.01,0.01,-0.01,-0.01,0.01
2090,-0.41,0.26,0.00,-0.01,0.01,-0.03,0.00,0.01
2100,0.15,-0.55,0.00,-0.01,0.01,-0.02,-0.02,0.01
2110,-0.03,-0.28,0.00,-0.01,0.01,-0.02,-0.02,0.01
2120,0.12,-0.06,0.00,-0.01,0.01,-0.02,-0.02,0.01
2130,0.11,-0.24,0.00,-0.01,0.02,-0.01,-0.03,0.02
2140,-0.38,-0.06,0.00,-0.01,0.02,-0.02,-0.03,0.02
2150,-0.65,-0.28,0.00,-0.01,0.02,-0.04,-0.04,0.02
2160,-0.24,0.06,0.00,-0.01,0.02,-0.05,-0.04,0.02
2170,0.08,-0.37,0.00,-0.01,0.02,-0.05,-0.05,0.02
2180,0.12,-0.05,0.00,-0.01,0.02,-0.04,-0.05,0.02
2190,0.33,0.14,0.00,-0.01,0.02,-0.03,-0.04,0.02
2200,-0.09,0.13,0.00,-0.01,0.02,-0.03,-0.04,0.02
2210,-0.70,-0.13,-0.00,-0.01,0.02,-0.06,-0.04,0.02
2220,-0.21,-0.09,-0.00,-0.01,0.02,-0.06,-0.04,0.02
2230,0.43,-0.32,0.00,-0.01,0.02,-0.05,-0.05,0.02
2240,0.53,-0.63,0.00,-0.01,0.02,-0.03,-0.07,0.02
2250,-0.06,0.48,0.00,-0.01,0.02,-0.03,-0.05,0.02
2260,-0.09,-0.23,0.00,-0.01,0.02,-0.03,-0.06,0.02
2270,-0.33,-0.13,0.00,-0.01,0.02,-0.04,-0.06,0.02
2280,-0.01,-0.19,-0.00,-0.01,0.02,-0.04,-0.06,0.02
2290,0.41,0.06,-0.00,-0.01,0.02,-0.03,-0.06,0.02
2300,0.27,0.32,-0.00,-0.01,0.02,-0.02,-0.05,0.02
2310,-0.34,-0.21,-0.00,-0.01,0.02,-0.03,-0.05,0.02
2320,-0.26,0.10,-0.00,-0.01,0.02,-0.04,-0.05,0.02
2330,-0.09,-0.30,-0.00,-0.01,0.02,-0.04,-0.06,0.02
2340,0.05,0.15,-0.00,-0.01,0.02,-0.04,-0.05,0.02
2350,0.03,0.12,-0.00,-0.01,0.02,-0.03,-0.05,0.02
2360,0.32,-0.44,0.00,-0.01,0.02,-0.02,-0.06,0.02
2370,0.02,0.49,0.00,-0.01,0.02,-0.02,-0.04,0.02
2380,-0.09,-0.28,0.00,-0.01,0.02,-0.02,-0.05,0.02
2390,0.56,-0.39,-0.00,-0.01,0.02,-0.01,-0.06,0.02
2400,0.15,-0.17,-0.00,-0.01,0.02,-0.00,-0.06,0.02
2410,0.18,-0.13,-0.00,-0.01,0.02,0.00,-0.06,0.02
2420,0.32,0.22,0.00,-0.01,0.02,0.02,-0.06,0.02
2430,-0.64,0.08,-0.00,-0.01,0.02,-0.01,-0.05,0.02
2440,-0.47,-0.28,-0.00,-0.01,0.02,-0.02,-0.06,0.02
2450,-0.40,0.01,-0.00,-0.02,0.02,-0.03,-0.06,0.02
2460,-0.46,-0.16,-0.00,-0.02,0.02,-0.05,-0.06,0.02
2470,-0.14,0.28,-0.00,-0.02,0.02,-0.05,-0.05,0.02
2480,0.39,0.12,-0.00,-0.02,0.02,-0.04,-0.05,0.02
2490,0.23,0.50,-0.00,-0.02,0.02,-0.03,-0.03,0.02
2500,-0.39,-0.01,-0.00,-0.02,0.02,-0.04,-0.03,0.02
2510,-0.23,0.15,-0.00,-0.02,0.02,-0.05,-0.02,0.02
2520,0.07,0.08,-0.00,-0.01,0.02,-0.04,-0.02,0.02
2530,0.46,-0.17,-0.00,-0.01,0.02,-0.03,-0.02,0.02
2540,-0.40,0.13,-0.00,-0.01,0.02,-0.04,-0.02,0.02
2550,0.35,-0.20,-0.00,-0.01,0.02,-0.03,-0.02,0.02
2560,0.14,0.05,-0.00,-0.01,0.02,-0.02,-0.02,0.02
2570,-0.50,0.47,-0.00,-0.01,0.02,-0.04,-0.01,0.02
2580,0.20,0.20,-0.00,-0.02,0.02,-0.03,-0.00,0.02
2590,0.30,0.22,-0.00,-0.02,0.02,-0.02,0.01,0.02
2600,0.20,-0.38,-0.00,-0.02,0.02,-0.01,-0.01,0.02
2610,-0.39,-0.18,-0.00,-0.02,0.02,-0.02,-0.01,0.02
2620,0.10,0.18,-0.00,-0.02,0.02,-0.02,-0.01,0.02
2630,0.19,0.48,0.00,-0.02,0.02,-0.01,0.01,0.02
2640,0.37,-0.50,0.00,-0.02,0.02,0.00,-0.00,0.02
2650,-0.18,-0.12,0.00,-0.02,0.02,-0.00,-0.01,0.02
2660,0.08,-0.16,0.00,-0.02,0.02,-0.00,-0.01,0.02
2670,-0.23,-0.22,0.00,-0.02,0.02,-0.01,-0.02,0.02
2680,-0.29,-0.05,0.00,-0.02,0.02,-0.02,-0.02,0.02
2690,-0.29,0.76,0.00,-0.02,0.02,-0.03,0.01,0.02
2700,-0.32,0.23,0.00,-0.02,0.02,-0.03,0.01,0.02
2710,-0.18,-0.00,0.00,-0.02,0.02,-0.04,0.01,0.02
2720,0.54,0.33,0.00,-0.02,0.02,-0.02,0.02,0.02
2730,-0.28,0.13,0.00,-0.02,0.02,-0.03,0.02,0.02
2740,0.07,0.30,0.00,-0.02,0.02,-0.02,0.03,0.02
2750,0.14,0.08,0.01,-0.02,0.02,-0.02,0.04,0.02
2760,0.61,-0.23,0.01,-0.02,0.02,0.00,0.03,0.02
2770,0.22,0.21,0.00,-0.02,0.02,0.01,0.04,0.02
2780,-0.03,0.01,0.01,-0.02,0.02,0.01,0.04,0.02
2790,-0.38,-0.05,0.00,-0.02,0.02,-0.01,0.03,0.02
2800,-0.03,0.08,0.00,-0.02,0.02,-0.01,0.04,0.02
2810,0.05,0.31,0.00,-0.02,0.02,-0.01,0.05,0.02
2820,0.01,0.16,0.00,-0.02,0.02,-0.01,0.05,0.02
2830,0.36,-0.06,0.00,-0.02,0.02,0.00,0.05,0.02
2840,-0.41,-0.05,0.00,-0.02,0.02,-0.01,0.05,0.02
2850,0.25,-0.52,0.00,-0.02,0.02,-0.00,0.03,0.02
2860,0.08,-0.25,0.00,-0.02,0.02,0.00,0.02,0.02
2870,-0.57,-0.04,0.00,-0.02,0.02,-0.01,0.02,0.02
2880,0.28,0.43,-0.00,-0.02,0.02,-0.01,0.03,0.02
2890,-0.47,0.45,0.00,-0.02,0.02,-0.02,0.04,0.02
2900,0.22,0.05,0.00,-0.02,0.02,-0.01,0.05,0.02
2910,-0.10,-0.21,0.00,-0.02,0.02,-0.01,0.04,0.02
2920,-0.38,0.38,0.00,-0.02,0.02,-0.02,0.05,0.02
2930,0.24,0.35,0.00,-0.02,0.02,-0.02,0.06,0.02
2940,0.40,-0.05,0.00,-0.02,0.02,-0.01,0.06,0.02
2950,-0.08,-0.02,-0.00,-0.02,0.02,-0.01,0.06,0.02
2960,-0.30,-0.07,0.00,-0.02,0.02,-0.02,0.05,0.02
2970,0.45,-0.38,0.00,-0.02,0.02,-0.00,0.04,0.02
2980,0.22,-0.19,0.00,-0.02,0.02,0.01,0.03,0.02
2990,-0.11,0.36,0.00,-0.02,0.02,0.00,0.04,0.02
3000,-0.56,-0.94,0.12,-0.02,0.02,0.10,0.02,0.02
3010,0.04,0.89,0.34,-0.02,0.02,0.31,0.04,0.02
3020,-0.42,-0.31,0.57,-0.02,0.02,0.51,0.03,0.02
3030,1.53,-0.61,0.79,-0.02,0.02,0.76,0.01,0.02
3040,0.90,0.27,1.02,-0.02,0.02,0.98,0.02,0.02
3050,1.71,-0.03,1.24,-0.02,0.02,1.22,0.01,0.02
3060,1.00,1.22,1.47,-0.02,0.02,1.43,0.05,0.02
3070,0.96,0.49,1.69,-0.02,0.02,1.63,0.07,0.02
3080,2.15,-0.41,1.92,-0.02,0.02,1.87,0.05,0.02
3090,1.64,0.53,2.14,-0.02,0.02,2.08,0.07,0.02
3100,2.48,-0.64,2.36,-0.02,0.02,2.31,0.05,0.02
3110,3.42,0.70,2.59,-0.02,0.02,2.56,0.07,0.02
3120,1.79,-0.25,2.82,-0.02,0.02,2.76,0.06,0.02
3130,2.92,-0.95,3.04,-0.02,0.02,2.98,0.03,0.02
3140,4.14,-0.14,3.26,-0.02,0.02,3.23,0.03,0.02
3150,4.56,0.15,3.49,-0.02,0.02,3.49,0.03,0.02
3160,2.20,0.51,3.71,-0.02,0.02,3.67,0.05,0.02
3170,4.17,-0.39,3.94,-0.02,0.03,3.90,0.03,0.03
3180,5.12,-0.66,4.16,-0.02,0.03,4.16,0.01,0.03
3190,4.16,-0.23,4.39,-0.02,0.03,4.38,0.01,0.03
3200,4.88,-0.12,4.62,-0.02,0.03,4.61,0.00,0.03
3210,3.90,-0.96,4.84,-0.02,0.03,4.81,-0.03,0.03
3220,4.37,-0.57,5.06,-0.02,0.02,5.01,-0.05,0.02
3230,5.68,-0.79,5.29,-0.02,0.03,5.25,-0.07,0.03
3240,4.14,0.11,5.51,-0.02,0.03,5.43,-0.07,0.03
3250,5.73,-0.60,5.74,-0.02,0.03,5.66,-0.08,0.03
3260,5.42,0.82,5.96,-0.02,0.03,5.87,-0.06,0.03
3270,6.02,-0.49,6.19,-0.02,0.03,6.09,-0.07,0.03
3280,6.24,0.42,6.42,-0.02,0.03,6.31,-0.06,0.03
3290,7.17,0.01,6.64,-0.02,0.03,6.56,-0.05,0.03
3300,6.21,-0.23,6.87,-0.02,0.03,6.77,-0.06,0.03
3310,6.90,-0.04,7.09,-0.02,0.03,6.99,-0.06,0.03
3320,7.68,-0.08,7.32,-0.02,0.03,7.23,-0.06,0.03
3330,7.47,-0.36,7.54,-0.03,0.03,7.45,-0.07,0.03
3340,6.34,0.49,7.77,-0.03,0.03,7.63,-0.05,0.03
3350,8.40,-0.33,7.99,-0.03,0.03,7.87,-0.06,0.03
3360,6.91,-0.03,8.22,-0.02,0.03,8.06,-0.06,0.03
3370,8.01,0.55,8.44,-0.02,0.03,8.28,-0.04,0.03
3380,9.64,-0.35,8.67,-0.02,0.03,8.54,-0.05,0.03
3390,8.77,0.33,8.89,-0.02,0.03,8.76,-0.04,0.03
3400,8.34,-0.42,9.12,-0.02,0.03,8.96,-0.05,0.03
3410,11.05,-0.03,9.34,-0.02,0.03,9.24,-0.05,0.03
3420,8.37,-0.18,9.57,-0.02,0.03,9.44,-0.05,0.03
3430,10.45,0.74,9.79,-0.02,0.03,9.68,-0.03,0.03
3440,9.84,-0.12,10.01,-0.02,0.03,9.90,-0.03,0.03
3450,8.94,-0.79,10.24,-0.02,0.03,10.09,-0.06,0.03
3460,9.68,-0.56,10.46,-0.02,0.03,10.30,-0.07,0.03
3470,10.41,0.26,10.69,-0.02,0.03,10.52,-0.06,0.03
3480,11.42,0.70,10.91,-0.02,0.03,10.76,-0.04,0.03
3490,10.34,-0.02,11.14,-0.02,0.03,10.96,-0.04,0.03
3500,10.78,0.74,11.36,-0.02,0.03,11.17,-0.01,0.03
3510,12.84,-0.29,11.59,-0.02,0.03,11.44,-0.02,0.03
3520,11.03,-0.67,11.81,-0.02,0.03,11.65,-0.04,0.03
3530,12.82,0.24,12.04,-0.02,0.03,11.90,-0.03,0.03
3540,12.44,0.84,12.26,-0.02,0.03,12.14,-0.01,0.03
3550,11.87,-0.04,12.49,-0.02,0.03,12.35,-0.01,0.03
3560,13.88,-0.13,12.72,-0.02,0.03,12.61,-0.01,0.03
3570,13.38,-0.12,12.94,-0.02,0.03,12.85,-0.02,0.03
3580,12.58,0.05,13.16,-0.02,0.03,13.06,-0.01,0.03
3590,12.92,-0.56,13.39,-0.02,0.03,13.27,-0.03,0.03
3600,12.52,-0.15,13.61,-0.02,0.03,13.47,-0.03,0.03
3610,13.41,0.01,13.84,-0.02,0.03,13.68,-0.03,0.03
3620,12.59,0.72,14.06,-0.02,0.03,13.87,-0.01,0.03
3630,15.89,-0.35,14.29,-0.02,0.03,14.15,-0.02,0.03
3640,13.63,-0.31,14.51,-0.02,0.03,14.35,-0.03,0.03
3650,14.40,0.26,14.74,-0.02,0.03,14.57,-0.02,0.03
3660,14.20,0.39,14.97,-0.02,0.03,14.77,-0.01,0.03
3670,14.43,0.72,15.19,-0.02,0.03,14.98,0.02,0.03
3680,14.85,1.64,15.42,-0.02,0.03,15.19,0.07,0.03
3690,15.01,-0.36,15.64,-0.02,0.03,15.40,0.05,0.03
3700,15.23,0.11,15.87,-0.02,0.03,15.61,0.06,0.03
3710,15.10,0.02,16.09,-0.02,0.03,15.81,0.06,0.03
3720,16.59,-0.60,16.32,-0.02,0.03,16.06,0.04,0.03
3730,16.78,-0.19,16.54,-0.02,0.03,16.29,0.03,0.03
3740,16.69,-1.39,16.77,-0.02,0.03,16.52,-0.01,0.03
3750,16.95,-0.07,16.99,-0.02,0.03,16.75,-0.01,0.03
3760,16.41,0.37,17.22,-0.02,0.03,16.96,0.00,0.03
3770,17.65,0.40,17.44,-0.02,0.03,17.20,0.01,0.03
3780,17.82,0.24,17.67,-0.02,0.03,17.43,0.02,0.03
3790,18.22,-0.68,17.89,-0.02,0.03,17.67,-0.00,0.03
3800,18.02,0.94,18.12,-0.02,0.03,17.90,0.03,0.03
3810,18.58,0.64,18.34,-0.02,0.03,18.14,0.05,0.03
3820,17.54,-0.03,18.57,-0.02,0.03,18.34,0.05,0.03
3830,18.63,0.20,18.80,-0.02,0.03,18.56,0.05,0.03
3840,19.18,-0.57,19.02,-0.02,0.03,18.80,0.03,0.03
3850,19.40,0.31,19.24,-0.02,0.03,19.03,0.04,0.03
3860,19.33,-0.74,19.47,-0.02,0.04,19.26,0.02,0.04
3870,20.45,0.19,19.69,-0.02,0.04,19.51,0.02,0.04
3880,18.79,0.52,19.92,-0.02,0.04,19.71,0.04,0.04
3890,19.44,0.55,20.14,-0.02,0.04,19.92,0.05,0.04
3900,19.50,0.60,20.37,-0.02,0.04,20.12,0.07,0.04
3910,19.94,0.30,20.60,-0.02,0.04,20.33,0.08,0.04
3920,20.71,0.05,20.82,-0.02,0.04,20.56,0.08,0.04
3930,20.15,-1.02,21.05,-0.02,0.04,20.77,0.05,0.04
3940,20.89,1.30,21.27,-0.02,0.04,20.99,0.08,0.04
3950,20.70,0.12,21.49,-0.02,0.04,21.19,0.09,0.04
3960,21.75,0.09,21.72,-0.02,0.04,21.42,0.09,0.04
3970,22.17,-0.33,21.94,-0.02,0.04,21.66,0.08,0.04
3980,22.83,0.23,22.17,-0.02,0.04,21.92,0.08,0.04
3990,21.67,-0.68,22.39,-0.02,0.04,22.12,0.06,0.04
4000,23.14,0.64,22.62,-0.02,0.04,22.37,0.08,0.04
4010,23.36,0.90,22.84,-0.02,0.04,22.62,0.10,0.04
4020,21.08,0.04,23.07,-0.02,0.04,22.79,0.10,0.04
4030,22.58,-0.28,23.29,-0.02,0.04,23.00,0.09,0.04
4040,22.06,0.18,23.52,-0.02,0.04,23.19,0.10,0.04
4050,22.17,-1.36,23.74,-0.02,0.04,23.37,0.05,0.04
4060,23.87,0.38,23.97,-0.02,0.04,23.60,0.06,0.04
4070,23.82,-0.06,24.19,-0.02,0.04,23.82,0.06,0.04
4080,23.16,-0.69,24.42,-0.02,0.04,24.02,0.04,0.04
4090,23.64,-1.12,24.64,-0.02,0.04,24.22,0.00,0.04
4100,26.39,0.13,24.87,-0.02,0.04,24.50,0.00,0.04
4110,24.97,0.04,25.09,-0.02,0.05,24.74,0.01,0.05
4120,24.05,-0.31,25.32,-0.02,0.05,24.93,-0.00,0.05
4130,25.85,-0.65,25.54,-0.02,0.05,25.17,-0.02,0.05
4140,24.34,0.20,25.77,-0.02,0.05,25.37,-0.01,0.05
4150,26.34,0.06,25.99,-0.02,0.05,25.61,-0.01,0.05
4160,25.46,-0.28,26.22,-0.02,0.05,25.82,-0.02,0.05
4170,27.23,-0.82,26.44,-0.02,0.05,26.08,-0.05,0.05
4180,27.34,-1.31,26.67,-0.02,0.05,26.34,-0.09,0.05
4190,27.86,0.43,26.90,-0.02,0.05,26.60,-0.07,0.05
4200,26.03,-0.21,27.12,-0.02,0.05,26.80,-0.08,0.05
4210,25.84,-0.47,27.34,-0.02,0.05,26.99,-0.09,0.05
4220,27.58,0.87,27.57,-0.02,0.05,27.22,-0.06,0.05
4230,28.37,-0.39,27.79,-0.02,0.05,27.47,-0.07,0.05
4240,28.79,0.03,28.02,-0.02,0.05,27.73,-0.07,0.05
4250,30.03,1.02,28.25,-0.02,0.05,28.02,-0.04,0.05
4260,28.63,-0.14,28.47,-0.02,0.05,28.25,-0.04,0.05
4270,29.37,0.18,28.70,-0.02,0.05,28.50,-0.04,0.05
4280,28.05,0.40,28.92,-0.02,0.05,28.71,-0.02,0.05
4290,27.78,-0.63,29.15,-0.02,0.05,28.90,-0.04,0.05
4300,28.61,0.49,29.37,-0.02,0.05,29.11,-0.03,0.05
4310,30.20,-0.90,29.60,-0.02,0.05,29.36,-0.05,0.05
4320,30.41,0.39,29.82,-0.02,0.05,29.61,-0.04,0.05
4330,28.85,-0.17,30.05,-0.02,0.05,29.80,-0.04,0.05
4340,30.88,-0.43,30.27,-0.02,0.05,30.05,-0.06,0.05
4350,32.02,-0.80,30.50,-0.02,0.05,30.33,-0.08,0.05
4360,30.97,0.15,30.72,-0.02,0.05,30.57,-0.07,0.05
4370,31.78,-0.46,30.95,-0.02,0.05,30.83,-0.08,0.05
4380,30.92,-0.65,31.17,-0.02,0.05,31.05,-0.10,0.05
4390,31.79,-0.52,31.40,-0.02,0.05,31.29,-0.11,0.05
4400,31.53,-0.14,31.63,-0.01,0.05,31.52,-0.11,0.05
4410,31.76,0.56,31.85,-0.01,0.05,31.74,-0.09,0.05
4420,32.78,0.40,32.08,-0.01,0.05,31.99,-0.08,0.05
4430,32.37,-0.19,32.30,-0.01,0.05,32.22,-0.08,0.05
4440,32.46,0.04,32.52,-0.01,0.05,32.45,-0.08,0.05
4450,33.00,0.23,32.75,-0.01,0.05,32.68,-0.07,0.05
4460,33.50,0.09,32.98,-0.01,0.05,32.93,-0.07,0.05
4470,33.69,-0.14,33.20,-0.01,0.05,33.17,-0.07,0.05
4480,34.90,-0.87,33.43,-0.01,0.05,33.45,-0.09,0.05
4490,33.79,-0.21,33.65,-0.01,0.05,33.68,-0.10,0.05
4500,33.04,0.31,33.88,-0.01,0.05,33.88,-0.09,0.05
4510,34.96,-0.31,34.10,-0.01,0.05,34.13,-0.09,0.05
4520,34.80,-0.16,34.33,-0.01,0.05,34.37,-0.10,0.05
4530,34.98,0.44,34.55,-0.01,0.05,34.61,-0.08,0.05
4540,33.92,1.23,34.78,-0.01,0.05,34.81,-0.04,0.05
4550,34.47,-0.22,35.00,-0.01,0.05,35.02,-0.05,0.05
4560,35.13,0.54,35.23,-0.01,0.05,35.24,-0.03,0.05
4570,35.92,-0.59,35.45,-0.01,0.05,35.48,-0.05,0.05
4580,36.30,-0.18,35.68,-0.01,0.05,35.73,-0.05,0.05
4590,36.81,0.42,35.90,-0.01,0.05,35.98,-0.04,0.05
4600,35.65,-0.31,36.13,-0.02,0.05,36.19,-0.05,0.05
4610,35.96,0.64,36.35,-0.02,0.05,36.40,-0.03,0.05
4620,37.39,-0.41,36.57,-0.02,0.05,36.65,-0.04,0.05
4630,37.82,-0.78,36.80,-0.01,0.05,36.91,-0.06,0.05
4640,36.54,-0.44,37.02,-0.02,0.05,37.11,-0.07,0.05
4650,37.02,-0.76,37.25,-0.01,0.05,37.33,-0.09,0.05
4660,37.89,0.03,37.47,-0.01,0.05,37.57,-0.09,0.05
4670,37.13,-0.53,37.70,-0.01,0.05,37.78,-0.11,0.05
4680,37.16,-0.00,37.92,-0.01,0.05,37.98,-0.10,0.05
4690,38.93,0.99,38.15,-0.01,0.05,38.23,-0.07,0.05
4700,37.79,0.11,38.38,-0.01,0.05,38.43,-0.06,0.05
4710,38.88,-0.20,38.60,-0.01,0.05,38.67,-0.07,0.05
4720,39.29,-0.66,38.83,-0.01,0.05,38.91,-0.09,0.05
4730,38.87,0.15,39.05,-0.02,0.05,39.13,-0.08,0.05
4740,39.23,0.57,39.28,-0.01,0.05,39.35,-0.06,0.05
4750,39.45,-0.28,39.50,-0.01,0.05,39.57,-0.07,0.05
4760,39.47,-0.36,39.73,-0.02,0.05,39.79,-0.08,0.05
4770,39.95,0.25,39.95,-0.02,0.05,40.01,-0.07,0.05
4780,39.94,1.11,40.18,-0.02,0.05,40.23,-0.04,0.05
4790,39.72,-0.44,40.40,-0.02,0.05,40.43,-0.05,0.05
4800,40.93,-0.81,40.63,-0.01,0.05,40.67,-0.07,0.05
4810,40.92,0.35,40.85,-0.01,0.05,40.90,-0.06,0.05
4820,40.22,-0.04,41.08,-0.01,0.05,41.10,-0.06,0.05
4830,42.09,-0.28,41.30,-0.01,0.05,41.34,-0.06,0.05
4840,41.02,0.02,41.52,-0.01,0.05,41.55,-0.06,0.05
4850,41.84,0.30,41.75,-0.01,0.05,41.78,-0.05,0.05
4860,41.03,-0.02,41.97,-0.01,0.05,41.98,-0.05,0.05
4870,41.39,0.12,42.20,-0.01,0.05,42.18,-0.04,0.05
4880,42.16,0.69,42.43,-0.01,0.05,42.40,-0.02,0.05
4890,41.33,-0.26,42.65,-0.01,0.05,42.58,-0.03,0.05
4900,43.05,-0.48,42.88,-0.01,0.05,42.82,-0.04,0.05
4910,42.11,0.26,43.10,-0.01,0.05,43.01,-0.03,0.05
4920,42.41,2.04,43.33,-0.01,0.05,43.21,0.03,0.05
4930,42.74,0.97,43.55,-0.01,0.05,43.42,0.06,0.05
4940,43.10,-0.27,43.78,-0.01,0.05,43.62,0.05,0.05
4950,44.21,0.10,44.00,-0.01,0.05,43.86,0.06,0.05
4960,43.93,0.68,44.23,-0.01,0.05,44.08,0.08,0.05
4970,44.86,1.02,44.45,-0.01,0.05,44.32,0.11,0.05
4980,45.75,-0.23,44.68,-0.01,0.05,44.58,0.10,0.05
4990,44.50,0.28,44.90,-0.01,0.05,44.80,0.10,0.05
5000,45.06,-0.63,45.01,-0.01,0.05,44.91,0.08,0.05
5010,45.36,-0.38,45.01,-0.01,0.05,44.93,0.07,0.05
5020,44.72,-0.02,45.01,-0.01,0.05,44.92,0.07,0.05
5030,44.90,0.48,45.01,-0.01,0.05,44.92,0.08,0.05
5040,44.50,0.11,45.01,-0.01,0.05,44.91,0.08,0.05
5050,44.95,-0.17,45.01,-0.01,0.05,44.91,0.08,0.05
5060,44.76,0.31,45.01,-0.01,0.05,44.91,0.08,0.05
5070,45.44,0.12,45.01,-0.01,0.05,44.92,0.09,0.05
5080,45.49,0.39,45.01,-0.01,0.05,44.94,0.10,0.05
5090,44.94,-0.06,45.01,-0.01,0.05,44.94,0.09,0.05
5100,45.26,-0.09,45.01,-0.01,0.05,44.95,0.09,0.05
5110,45.55,0.14,45.01,-0.01,0.05,44.97,0.09,0.05
5120,45.05,0.41,45.01,-0.01,0.05,44.97,0.10,0.05
5130,45.03,0.06,45.01,-0.01,0.05,44.97,0.10,0.05
5140,45.43,-0.76,45.01,-0.01,0.05,44.99,0.08,0.05
5150,45.15,-0.02,45.01,-0.01,0.05,44.99,0.07,0.05
5160,45.39,0.37,45.01,-0.01,0.05,45.01,0.08,0.05
5170,44.99,-0.04,45.01,-0.01,0.05,45.01,0.08,0.05
5180,44.92,-0.39,45.01,-0.01,0.05,45.01,0.07,0.05
5190,44.36,0.11,45.02,-0.01,0.05,44.99,0.07,0.05
5200,44.33,0.48,45.01,-0.01,0.05,44.97,0.08,0.05
5210,45.14,-0.36,45.01,-0.01,0.05,44.97,0.07,0.05
5220,44.75,-0.51,45.01,-0.01,0.05,44.97,0.05,0.05
5230,44.95,-0.00,45.01,-0.01,0.05,44.97,0.05,0.05
5240,45.39,-0.09,45.01,-0.01,0.05,44.98,0.05,0.05
5250,44.76,0.82,45.01,-0.01,0.05,44.97,0.07,0.05
5260,45.29,-0.28,45.01,-0.01,0.05,44.98,0.06,0.05
5270,44.13,0.01,45.01,-0.00,0.05,44.96,0.06,0.05
5280,45.12,0.02,45.01,-0.01,0.05,44.96,0.06,0.05
5290,44.70,-0.38,45.01,-0.00,0.05,44.96,0.05,0.05
5300,44.79,-0.15,45.01,-0.00,0.05,44.95,0.05,0.05
5310,45.61,-0.27,45.01,-0.00,0.05,44.97,0.03,0.05
5320,44.95,-0.09,45.01,-0.01,0.05,44.97,0.03,0.05
5330,44.90,0.26,45.01,-0.01,0.05,44.97,0.04,0.05
5340,44.79,0.43,45.01,-0.01,0.05,44.96,0.05,0.05
5350,44.47,0.36,45.02,-0.01,0.05,44.95,0.06,0.05
5360,44.96,-0.17,45.02,-0.01,0.05,44.95,0.05,0.05
5370,45.72,0.01,45.02,-0.01,0.05,44.98,0.05,0.05
5380,45.51,0.17,45.02,-0.01,0.05,44.99,0.05,0.05
5390,45.09,-0.36,45.02,-0.01,0.05,45.00,0.04,0.05
5400,45.36,0.22,45.02,-0.01,0.05,45.01,0.05,0.05
5410,44.99,0.14,45.02,-0.01,0.05,45.01,0.05,0.05
5420,45.48,0.52,45.02,-0.01,0.05,45.02,0.06,0.05
5430,44.70,-0.22,45.02,-0.01,0.05,45.02,0.05,0.05
5440,44.98,0.11,45.02,-0.01,0.05,45.01,0.06,0.05
5450,44.87,0.26,45.02,-0.01,0.05,45.01,0.07,0.05
5460,44.72,0.05,45.02,-0.01,0.05,45.00,0.06,0.05
5470,44.99,0.11,45.02,-0.01,0.06,45.00,0.07,0.06
5480,44.54,0.08,45.02,-0.01,0.06,44.99,0.07,0.06
5490,45.71,0.01,45.02,-0.01,0.06,45.01,0.07,0.06
5500,45.03,0.26,45.02,-0.01,0.06,45.01,0.07,0.06
5510,44.99,-0.30,45.02,-0.01,0.06,45.01,0.06,0.06
5520,44.75,-0.04,45.02,-0.01,0.06,45.00,0.06,0.06
5530,44.99,0.53,45.02,-0.01,0.06,45.00,0.07,0.06
5540,44.90,-0.26,45.02,-0.01,0.06,45.00,0.06,0.06
5550,45.11,0.05,45.02,-0.01,0.06,45.01,0.06,0.06
5560,45.25,-0.05,45.02,-0.01,0.06,45.01,0.06,0.06
5570,44.48,-0.02,45.02,-0.01,0.06,45.00,0.06,0.06
5580,45.18,0.47,45.02,-0.01,0.06,45.00,0.07,0.06
5590,45.34,-0.29,45.02,-0.01,0.06,45.02,0.06,0.06
5600,44.90,0.21,45.02,-0.01,0.06,45.01,0.07,0.06
5610,44.40,-0.03,45.02,-0.01,0.06,44.99,0.07,0.06
5620,45.22,0.11,45.02,-0.01,0.06,45.00,0.07,0.06
5630,44.76,0.07,45.02,-0.01,0.06,44.99,0.07,0.06
5640,45.00,-0.21,45.01,-0.01,0.06,44.99,0.06,0.06
5650,45.04,0.39,45.01,-0.01,0.06,44.99,0.07,0.06
5660,44.66,0.28,45.01,-0.01,0.06,44.98,0.08,0.06
5670,45.64,0.10,45.01,-0.01,0.06,45.00,0.08,0.06
5680,45.52,0.44,45.01,-0.01,0.06,45.02,0.09,0.06
5690,45.10,0.18,45.01,-0.01,0.06,45.03,0.10,0.06
5700,45.52,0.08,45.01,-0.01,0.06,45.04,0.10,0.06
5710,45.26,0.06,45.01,-0.01,0.06,45.05,0.09,0.06
5720,44.90,0.28,45.01,-0.01,0.06,45.05,0.10,0.06
5730,45.19,0.18,45.02,-0.01,0.06,45.05,0.10,0.06
5740,45.20,-0.47,45.02,-0.01,0.06,45.06,0.09,0.06
5750,45.34,-0.62,45.02,-0.01,0.06,45.07,0.06,0.06
5760,45.13,0.22,45.02,-0.01,0.06,45.07,0.07,0.06
5770,44.88,0.34,45.02,-0.01,0.06,45.07,0.08,0.06
5780,45.16,-0.02,45.02,-0.01,0.06,45.07,0.08,0.06
5790,44.29,0.88,45.02,-0.01,0.06,45.05,0.10,0.06
5800,45.10,-0.25,45.02,-0.01,0.06,45.05,0.09,0.06
5810,45.42,0.15,45.02,-0.01,0.06,45.06,0.09,0.06
5820,44.74,-0.65,45.02,-0.01,0.06,45.05,0.07,0.06
5830,45.96,0.24,45.02,-0.01,0.06,45.08,0.08,0.06
5840,45.21,0.11,45.02,-0.01,0.06,45.09,0.08,0.06
5850,45.00,0.04,45.02,-0.01,0.06,45.09,0.08,0.06
5860,45.17,-0.21,45.02,-0.01,0.06,45.09,0.07,0.06
5870,44.70,0.32,45.02,-0.01,0.06,45.08,0.08,0.06
5880,45.33,-0.10,45.02,-0.00,0.06,45.09,0.07,0.06
5890,45.15,0.47,45.02,-0.00,0.06,45.09,0.09,0.06
5900,45.42,0.66,45.02,-0.01,0.06,45.10,0.10,0.06
5910,44.76,-0.15,45.02,-0.01,0.06,45.09,0.10,0.06
5920,45.39,0.32,45.02,-0.01,0.06,45.10,0.10,0.06
5930,45.71,0.07,45.02,-0.01,0.06,45.12,0.10,0.06
5940,45.24,-0.04,45.02,-0.01,0.06,45.13,0.10,0.06
5950,45.45,0.06,45.02,-0.01,0.06,45.14,0.10,0.06
5960,45.47,0.23,45.02,-0.01,0.06,45.15,0.10,0.06
5970,45.09,0.00,45.02,-0.01,0.06,45.15,0.10,0.06
5980,45.35,0.00,45.02,-0.01,0.06,45.16,0.10,0.06
5990,44.73,-0.25,45.02,-0.01,0.06,45.15,0.09,0.06
6000,45.33,-0.31,45.02,-0.01,0.07,45.16,0.07,0.07
6010,45.30,-0.07,45.02,-0.01,0.07,45.16,0.07,0.07
6020,45.16,0.24,45.02,-0.01,0.07,45.16,0.07,0.07
6030,44.91,-0.32,45.02,-0.01,0.07,45.16,0.06,0.07
6040,45.20,-0.06,45.02,-0.01,0.07,45.16,0.06,0.07
6050,45.14,0.16,45.02,-0.01,0.07,45.16,0.06,0.07
6060,44.97,0.23,45.02,-0.01,0.07,45.16,0.07,0.07
6070,44.71,0.15,45.02,-0.01,0.07,45.15,0.07,0.07
6080,44.75,-0.32,45.02,-0.01,0.07,45.14,0.06,0.07
6090,45.26,0.47,45.02,-0.01,0.07,45.14,0.07,0.07
6100,44.49,0.03,45.03,-0.01,0.07,45.12,0.07,0.07
6110,45.67,-0.21,45.03,-0.01,0.07,45.14,0.06,0.07
6120,45.04,0.22,45.03,-0.01,0.07,45.14,0.07,0.07
6130,44.87,-0.19,45.03,-0.01,0.07,45.14,0.06,0.07
6140,44.37,-0.18,45.03,-0.01,0.07,45.11,0.05,0.07
6150,44.84,-0.57,45.03,-0.01,0.07,45.11,0.03,0.07
6160,45.45,-0.25,45.03,-0.01,0.07,45.12,0.03,0.07
6170,44.50,-0.10,45.03,-0.01,0.07,45.10,0.02,0.07
6180,45.93,-0.07,45.03,-0.01,0.07,45.13,0.02,0.07
6190,45.48,-0.88,45.03,-0.01,0.07,45.14,-0.01,0.07
6200,44.96,0.61,45.03,-0.01,0.07,45.13,0.01,0.07
6210,45.23,-0.10,45.03,-0.01,0.07,45.14,0.00,0.07
6220,45.11,-0.38,45.03,-0.01,0.07,45.14,-0.01,0.07
6230,45.10,-0.40,45.03,-0.01,0.07,45.14,-0.02,0.07
6240,44.85,-0.05,45.03,-0.01,0.06,45.13,-0.02,0.06
6250,45.30,-0.24,45.03,-0.01,0.06,45.14,-0.03,0.06
6260,44.97,0.15,45.03,-0.01,0.07,45.13,-0.02,0.07
6270,45.18,-0.10,45.03,-0.01,0.07,45.13,-0.03,0.07
6280,45.06,-0.03,45.03,-0.01,0.07,45.13,-0.03,0.07
6290,45.40,-0.04,45.03,-0.01,0.06,45.14,-0.03,0.06
6300,45.37,-0.05,45.03,-0.01,0.06,45.15,-0.03,0.06
6310,45.25,0.07,45.03,-0.01,0.06,45.16,-0.03,0.06
6320,45.04,-0.56,45.03,-0.01,0.06,45.15,-0.05,0.06
6330,45.25,-0.15,45.03,-0.01,0.06,45.16,-0.05,0.06
6340,45.23,0.03,45.03,-0.01,0.06,45.16,-0.05,0.06
6350,45.39,0.38,45.03,-0.01,0.06,45.17,-0.04,0.06
6360,44.50,-0.01,45.03,-0.01,0.06,45.15,-0.04,0.06
6370,45.34,0.25,45.03,-0.01,0.06,45.16,-0.03,0.06
6380,45.38,0.51,45.03,-0.01,0.06,45.17,-0.01,0.06
6390,45.34,0.19,45.03,-0.01,0.06,45.17,-0.01,0.06
6400,44.68,-0.34,45.03,-0.01,0.07,45.16,-0.02,0.07
6410,45.08,0.00,45.03,-0.01,0.06,45.16,-0.01,0.06
6420,44.96,-0.02,45.03,-0.01,0.06,45.15,-0.01,0.06
6430,45.86,-0.18,45.03,-0.01,0.06,45.18,-0.02,0.06
6440,45.00,0.31,45.03,-0.01,0.06,45.17,-0.01,0.06
6450,45.10,-0.41,45.03,-0.01,0.06,45.17,-0.02,0.06
6460,44.71,-0.31,45.03,-0.01,0.07,45.16,-0.03,0.07
6470,45.41,-0.35,45.03,-0.01,0.07,45.16,-0.04,0.07
6480,45.23,-0.15,45.03,-0.01,0.07,45.17,-0.04,0.07
6490,44.63,0.12,45.03,-0.01,0.07,45.15,-0.04,0.07
6500,44.91,-0.40,45.03,-0.01,0.07,45.15,-0.05,0.07
6510,45.17,0.43,45.03,-0.01,0.07,45.15,-0.04,0.07
6520,44.96,-0.20,45.03,-0.01,0.07,45.14,-0.04,0.07
6530,44.71,-0.54,45.03,-0.01,0.07,45.13,-0.06,0.07
6540,45.07,0.12,45.03,-0.01,0.07,45.13,-0.05,0.07
6550,44.45,0.17,45.03,-0.01,0.07,45.11,-0.05,0.07
6560,44.64,0.36,45.03,-0.01,0.07,45.10,-0.04,0.07
6570,45.24,-0.15,45.04,-0.01,0.07,45.10,-0.04,0.07
6580,44.27,-0.34,45.04,-0.01,0.07,45.08,-0.05,0.07
6590,45.00,-0.17,45.04,-0.00,0.07,45.08,-0.05,0.07
6600,45.15,0.14,45.04,-0.00,0.07,45.08,-0.05,0.07
6610,44.79,-0.18,45.04,-0.00,0.07,45.07,-0.05,0.07
6620,44.85,-0.13,45.04,-0.00,0.07,45.06,-0.05,0.07
6630,45.59,0.23,45.04,-0.00,0.07,45.08,-0.05,0.07
6640,45.41,0.20,45.04,-0.01,0.07,45.09,-0.04,0.07
6650,44.93,0.18,45.04,-0.01,0.07,45.09,-0.03,0.07
6660,44.71,0.48,45.04,-0.00,0.07,45.08,-0.02,0.07
6670,44.81,-0.09,45.04,-0.00,0.07,45.07,-0.02,0.07
6680,44.82,-0.09,45.04,-0.00,0.07,45.06,-0.02,0.07
6690,45.55,-0.21,45.04,-0.00,0.07,45.07,-0.03,0.07
6700,44.59,0.50,45.04,-0.00,0.07,45.06,-0.01,0.07
6710,44.75,-0.17,45.04,-0.00,0.07,45.05,-0.02,0.07
6720,44.95,-0.37,45.04,-0.00,0.07,45.05,-0.03,0.07
6730,44.92,0.15,45.04,-0.00,0.07,45.04,-0.02,0.07
6740,45.52,-0.01,45.04,-0.00,0.07,45.06,-0.02,0.07
6750,44.66,-0.26,45.04,-0.00,0.07,45.04,-0.03,0.07
6760,44.83,-0.37,45.04,0.00,0.07,45.04,-0.04,0.07
6770,44.76,-0.12,45.04,0.00,0.07,45.03,-0.04,0.07
6780,44.97,-0.14,45.04,0.00,0.07,45.03,-0.05,0.07
6790,45.22,-0.03,45.04,0.00,0.07,45.03,-0.05,0.07
6800,44.97,0.08,45.04,0.00,0.07,45.03,-0.04,0.07
6810,44.87,0.42,45.04,0.00,0.07,45.03,-0.03,0.07
6820,44.90,-0.14,45.04,0.00,0.07,45.02,-0.03,0.07
6830,44.84,-0.01,45.04,0.00,0.07,45.02,-0.03,0.07
6840,44.84,0.03,45.04,0.00,0.07,45.01,-0.03,0.07
6850,45.61,-0.18,45.04,0.01,0.07,45.03,-0.03,0.07
6860,45.66,0.16,45.04,0.01,0.07,45.05,-0.03,0.07
6870,45.29,-0.41,45.04,0.01,0.07,45.05,-0.04,0.07
6880,45.15,0.26,45.04,0.01,0.07,45.06,-0.03,0.07
6890,45.45,0.12,45.04,0.01,0.07,45.07,-0.03,0.07
6900,44.96,-0.09,45.04,0.01,0.07,45.07,-0.03,0.07
6910,45.24,0.14,45.04,0.01,0.07,45.07,-0.02,0.07
6920,44.95,0.05,45.04,0.01,0.07,45.07,-0.02,0.07
6930,44.97,0.12,45.04,0.01,0.07,45.06,-0.02,0.07
6940,44.98,0.24,45.04,0.00,0.07,45.06,-0.01,0.07
6950,44.54,-0.71,45.04,0.00,0.07,45.04,-0.03,0.07
6960,44.46,-0.06,45.04,0.01,0.07,45.03,-0.03,0.07
6970,45.32,-0.12,45.04,0.01,0.07,45.03,-0.04,0.07
6980,45.12,-0.01,45.04,0.01,0.07,45.04,-0.04,0.07
6990,44.44,0.08,45.04,0.01,0.07,45.02,-0.03,0.07
7000,45.11,-0.02,45.04,0.01,0.07,45.02,-0.03,0.07
7010,45.15,-0.49,45.04,0.01,0.07,45.02,-0.05,0.07
7020,44.83,0.05,45.04,0.01,0.07,45.02,-0.05,0.07
7030,45.22,-0.00,45.04,0.01,0.07,45.02,-0.04,0.07
7040,44.78,-0.16,45.04,0.01,0.07,45.01,-0.05,0.07
7050,44.24,-0.06,45.04,0.01,0.07,44.99,-0.05,0.07
7060,44.55,-0.14,45.04,0.01,0.07,44.98,-0.05,0.07
7070,44.83,0.01,45.04,0.01,0.08,44.97,-0.05,0.08
7080,45.28,-0.05,45.04,0.01,0.08,44.98,-0.05,0.08
7090,45.06,0.28,45.04,0.01,0.08,44.98,-0.04,0.08
7100,44.83,-0.12,45.04,0.01,0.08,44.98,-0.05,0.08
7110,45.16,-0.03,45.04,0.00,0.08,44.98,-0.05,0.08
7120,45.24,-0.32,45.04,0.00,0.08,44.99,-0.06,0.08
7130,44.27,0.22,45.04,0.00,0.08,44.97,-0.05,0.08
7140,45.61,-0.21,45.04,0.00,0.08,44.98,-0.05,0.08
7150,44.90,-0.40,45.04,0.00,0.08,44.98,-0.06,0.08
7160,44.42,-0.34,45.04,0.00,0.08,44.96,-0.07,0.08
7170,44.90,0.02,45.04,0.01,0.08,44.96,-0.07,0.08
7180,44.82,0.04,45.04,0.01,0.08,44.95,-0.07,0.08
7190,44.71,-0.17,45.04,0.01,0.08,44.94,-0.07,0.08
7200,44.84,-0.14,45.04,0.01,0.08,44.94,-0.07,0.08
7210,45.43,0.40,45.04,0.01,0.08,44.95,-0.06,0.08
7220,44.89,-0.23,45.04,0.01,0.08,44.95,-0.06,0.08
7230,45.06,-0.14,45.04,0.01,0.08,44.95,-0.07,0.08
7240,44.85,0.53,45.04,0.01,0.08,44.95,-0.05,0.08
7250,45.03,-0.09,45.04,0.01,0.08,44.95,-0.05,0.08
7260,44.94,0.21,45.04,0.01,0.08,44.95,-0.05,0.08
7270,45.56,0.50,45.04,0.01,0.08,44.97,-0.03,0.08
7280,44.95,-0.56,45.04,0.01,0.08,44.97,-0.05,0.08
7290,45.61,0.07,45.04,0.01,0.08,44.98,-0.04,0.08
7300,44.33,0.46,45.04,0.01,0.08,44.96,-0.03,0.08
7310,44.98,-0.00,45.04,0.01,0.07,44.97,-0.03,0.07
7320,45.37,-0.54,45.04,0.01,0.07,44.98,-0.04,0.07
7330,44.56,-0.39,45.04,0.01,0.08,44.96,-0.05,0.08
7340,45.23,0.38,45.04,0.01,0.07,44.97,-0.04,0.07
7350,44.97,-0.32,45.04,0.01,0.08,44.97,-0.05,0.08
7360,44.99,0.25,45.04,0.01,0.08,44.97,-0.04,0.08
7370,45.25,0.62,45.04,0.01,0.08,44.98,-0.02,0.08
7380,44.54,0.02,45.04,0.01,0.08,44.96,-0.02,0.08
7390,45.22,0.04,45.04,0.01,0.08,44.97,-0.02,0.08
7400,44.85,-0.03,45.04,0.01,0.08,44.97,-0.02,0.08
7410,45.29,0.09,45.04,0.01,0.08,44.98,-0.02,0.08
7420,45.44,-0.71,45.04,0.01,0.07,44.99,-0.04,0.07
7430,45.25,-0.29,45.04,0.01,0.07,45.00,-0.04,0.07
7440,44.66,0.56,45.04,0.01,0.07,44.99,-0.03,0.07
7450,44.93,0.44,45.04,0.01,0.07,44.99,-0.01,0.07
7460,44.90,0.03,45.04,0.01,0.07,44.99,-0.01,0.07
7470,44.93,0.35,45.04,0.01,0.07,44.98,-0.00,0.07
7480,45.48,0.17,45.05,0.00,0.07,45.00,0.00,0.07
7490,45.08,-0.42,45.04,0.01,0.07,45.00,-0.01,0.07
7500,44.50,-0.53,45.05,0.01,0.07,44.99,-0.03,0.07
7510,45.08,0.08,45.05,0.01,0.07,44.99,-0.02,0.07
7520,44.78,-0.09,45.05,0.01,0.07,44.98,-0.02,0.07
7530,44.73,0.42,45.05,0.01,0.07,44.97,-0.01,0.07
7540,44.57,-0.32,45.04,0.01,0.07,44.96,-0.02,0.07
7550,45.35,0.39,45.05,0.01,0.07,44.97,-0.01,0.07
7560,45.04,-0.30,45.05,0.01,0.07,44.97,-0.02,0.07
7570,45.07,0.18,45.05,0.01,0.07,44.98,-0.01,0.07
7580,45.19,-0.04,45.05,0.00,0.07,44.98,-0.01,0.07
7590,44.46,-0.48,45.05,0.00,0.07,44.97,-0.03,0.07
7600,45.03,0.02,45.05,0.00,0.07,44.97,-0.03,0.07
7610,44.90,-0.01,45.04,0.00,0.07,44.96,-0.03,0.07
7620,44.74,-0.27,45.04,0.00,0.08,44.96,-0.03,0.08
7630,44.80,0.21,45.05,0.00,0.07,44.95,-0.03,0.07
7640,46.03,-0.37,45.05,0.01,0.07,44.98,-0.04,0.07
7650,45.13,0.37,45.05,0.00,0.07,44.99,-0.02,0.07
7660,45.35,0.29,45.05,0.01,0.08,45.00,-0.01,0.08
7670,44.82,-0.37,45.05,0.01,0.08,44.99,-0.03,0.08
7680,44.69,-0.11,45.05,0.01,0.08,44.98,-0.03,0.08
7690,45.01,0.08,45.05,0.00,0.08,44.99,-0.02,0.08
7700,45.38,0.34,45.05,0.00,0.08,45.00,-0.01,0.08
7710,45.23,-0.17,45.05,0.00,0.08,45.01,-0.02,0.08
7720,45.12,-0.12,45.05,0.00,0.08,45.01,-0.02,0.08
7730,44.91,0.05,45.05,0.00,0.08,45.00,-0.02,0.08
7740,44.69,-0.14,45.05,0.00,0.08,44.99,-0.03,0.08
7750,44.86,0.32,45.05,0.00,0.08,44.99,-0.02,0.08
7760,45.10,0.47,45.05,0.00,0.08,44.99,-0.00,0.08
7770,45.09,-0.26,45.05,0.00,0.08,45.00,-0.01,0.08
7780,45.17,-0.36,45.05,0.00,0.07,45.00,-0.02,0.07
7790,45.07,0.39,45.05,0.00,0.07,45.00,-0.01,0.07
7800,44.67,0.03,45.05,0.00,0.08,44.99,-0.00,0.08
7810,45.13,0.18,45.05,0.01,0.08,45.00,0.00,0.08
7820,44.62,0.06,45.05,0.01,0.08,44.99,0.01,0.08
7830,45.49,-0.52,45.05,0.01,0.08,45.00,-0.01,0.08
7840,44.79,-0.05,45.05,0.01,0.07,45.00,-0.01,0.07
7850,44.45,-0.27,45.05,0.01,0.07,44.98,-0.02,0.07
7860,44.58,0.45,45.05,0.01,0.07,44.97,-0.00,0.07
7870,44.75,0.11,45.05,0.01,0.07,44.96,0.00,0.07
7880,45.05,0.17,45.05,0.01,0.08,44.96,0.01,0.08
7890,45.17,0.17,45.05,0.01,0.08,44.96,0.01,0.08
7900,45.05,0.16,45.05,0.01,0.08,44.97,0.02,0.08
7910,45.12,0.21,45.05,0.01,0.08,44.97,0.02,0.08
7920,45.25,0.07,45.05,0.01,0.08,44.98,0.03,0.08
7930,44.74,0.44,45.05,0.01,0.08,44.97,0.04,0.08
7940,45.33,0.16,45.05,0.01,0.08,44.99,0.04,0.08
7950,45.58,-0.40,45.05,0.01,0.08,45.00,0.03,0.08
7960,44.85,-0.19,45.05,0.01,0.08,45.00,0.02,0.08
7970,45.13,0.03,45.05,0.01,0.08,45.00,0.03,0.08
7980,45.26,-0.26,45.05,0.01,0.08,45.01,0.02,0.08
7990,45.23,-0.06,45.05,0.01,0.08,45.02,0.02,0.08
8000,45.30,0.22,45.06,0.01,0.08,45.03,0.02,0.08
8010,44.34,0.06,45.05,0.01,0.08,45.00,0.02,0.08
8020,45.41,0.09,45.05,0.01,0.08,45.02,0.03,0.08
8030,44.67,-0.39,45.05,0.01,0.08,45.01,0.02,0.08
8040,45.15,0.09,45.05,0.01,0.08,45.01,0.02,0.08
8050,44.78,0.21,45.05,0.01,0.08,45.00,0.02,0.08
8060,45.11,-0.36,45.05,0.02,0.08,45.01,0.01,0.08
8070,44.56,-0.11,45.05,0.02,0.08,44.99,0.01,0.08
8080,44.98,0.55,45.05,0.02,0.08,44.99,0.03,0.08
8090,45.52,0.01,45.05,0.02,0.08,45.01,0.03,0.08
8100,44.69,0.26,45.05,0.02,0.08,45.00,0.04,0.08
8110,45.45,-0.05,45.05,0.02,0.08,45.01,0.03,0.08
8120,44.49,0.14,45.05,0.02,0.08,44.99,0.04,0.08
8130,45.19,-0.41,45.05,0.02,0.08,45.00,0.02,0.08
8140,45.04,-0.01,45.05,0.02,0.08,45.00,0.02,0.08
8150,44.83,0.18,45.05,0.02,0.08,45.00,0.03,0.08
8160,44.25,0.54,45.05,0.02,0.08,44.97,0.04,0.08
8170,44.54,0.49,45.05,0.02,0.08,44.96,0.06,0.08
8180,45.15,0.39,45.05,0.02,0.08,44.96,0.07,0.08
8190,45.10,-0.20,45.05,0.02,0.08,44.97,0.06,0.08
8200,45.00,0.01,45.05,0.02,0.08,44.97,0.06,0.08
8210,44.68,-0.29,45.05,0.02,0.08,44.96,0.05,0.08
8220,45.14,0.05,45.05,0.02,0.08,44.97,0.05,0.08
8230,44.84,0.22,45.05,0.02,0.08,44.96,0.06,0.08
8240,45.41,-0.16,45.05,0.02,0.08,44.97,0.05,0.08
8250,45.08,-0.19,45.06,0.02,0.08,44.98,0.05,0.08
8260,45.46,-0.36,45.06,0.02,0.08,44.99,0.03,0.08
8270,44.90,0.06,45.05,0.02,0.08,44.99,0.03,0.08
8280,44.55,0.09,45.06,0.02,0.08,44.98,0.04,0.08
8290,45.20,0.42,45.06,0.02,0.08,44.98,0.05,0.08
8300,45.41,-0.09,45.06,0.02,0.08,45.00,0.04,0.08
8310,45.15,-0.24,45.06,0.02,0.08,45.00,0.04,0.08
8320,44.68,0.04,45.06,0.02,0.08,44.99,0.04,0.08
8330,44.83,0.28,45.06,0.02,0.08,44.98,0.05,0.08
8340,45.17,-0.14,45.06,0.02,0.08,44.99,0.04,0.08
8350,44.86,0.49,45.06,0.02,0.08,44.99,0.06,0.08
8360,44.55,-0.31,45.06,0.02,0.08,44.97,0.04,0.08
8370,45.05,-0.81,45.06,0.03,0.08,44.98,0.02,0.08
8380,43.99,0.05,45.06,0.03,0.08,44.95,0.02,0.08
8390,45.45,0.47,45.06,0.02,0.08,44.96,0.03,0.08
8400,44.65,-0.00,45.06,0.02,0.08,44.95,0.03,0.08
8410,44.92,-0.41,45.06,0.03,0.08,44.95,0.02,0.08
8420,44.73,-0.12,45.06,0.02,0.08,44.94,0.01,0.08
8430,44.92,-0.38,45.06,0.02,0.09,44.94,0.00,0.09
8440,45.13,0.42,45.06,0.03,0.09,44.95,0.02,0.09
8450,45.22,0.25,45.06,0.03,0.09,44.95,0.02,0.09
8460,44.97,0.20,45.06,0.03,0.09,44.95,0.03,0.09
8470,45.70,0.30,45.06,0.03,0.09,44.98,0.04,0.09
8480,45.68,-0.02,45.06,0.03,0.09,45.00,0.04,0.09
8490,44.71,-0.34,45.06,0.03,0.09,44.99,0.02,0.09
8500,45.60,0.19,45.06,0.03,0.09,45.01,0.03,0.09
8510,45.10,-0.23,45.06,0.03,0.09,45.01,0.02,0.09
8520,45.18,0.02,45.06,0.03,0.09,45.02,0.02,0.09
8530,45.44,-0.10,45.06,0.03,0.09,45.03,0.02,0.09
8540,44.81,-0.29,45.06,0.02,0.09,45.02,0.01,0.09
8550,45.20,-0.11,45.06,0.03,0.09,45.03,0.00,0.09
8560,44.74,0.34,45.06,0.02,0.09,45.02,0.01,0.09
8570,45.09,0.03,45.06,0.02,0.09,45.02,0.01,0.09
8580,44.83,-0.18,45.06,0.03,0.09,45.01,0.01,0.09
8590,45.35,0.28,45.06,0.03,0.09,45.02,0.02,0.09
8600,44.93,-0.41,45.06,0.03,0.09,45.02,0.00,0.09
8610,45.10,0.08,45.06,0.03,0.09,45.03,0.01,0.09
8620,45.35,0.05,45.06,0.03,0.09,45.04,0.01,0.09
8630,45.20,-0.33,45.06,0.03,0.09,45.04,-0.00,0.09
8640,44.90,0.38,45.06,0.03,0.09,45.04,0.01,0.09
8650,45.09,0.16,45.06,0.02,0.09,45.04,0.01,0.09
8660,44.73,-0.06,45.06,0.03,0.09,45.03,0.01,0.09
8670,44.79,-0.32,45.06,0.03,0.09,45.02,-0.00,0.09
8680,44.51,-0.06,45.06,0.03,0.09,45.00,-0.00,0.09
8690,44.84,-0.25,45.06,0.03,0.09,45.00,-0.01,0.09
8700,45.64,0.00,45.06,0.03,0.09,45.02,-0.01,0.09
8710,45.01,0.60,45.06,0.03,0.09,45.02,0.01,0.09
8720,44.74,0.10,45.06,0.03,0.09,45.01,0.01,0.09
8730,45.26,-0.26,45.06,0.03,0.09,45.02,0.00,0.09
8740,44.74,0.17,45.06,0.03,0.09,45.01,0.01,0.09
8750,45.59,0.43,45.06,0.03,0.09,45.03,0.02,0.09
8760,44.97,-0.51,45.06,0.03,0.09,45.02,0.01,0.09
8770,45.26,-0.25,45.06,0.03,0.09,45.03,-0.00,0.09
8780,45.03,0.05,45.06,0.03,0.10,45.03,0.00,0.10
8790,45.15,-0.05,45.06,0.03,0.09,45.04,-0.00,0.09
8800,45.24,0.27,45.06,0.03,0.10,45.04,0.01,0.10
8810,43.83,-0.48,45.06,0.03,0.10,45.01,-0.01,0.10
8820,45.11,-0.03,45.06,0.03,0.10,45.01,-0.01,0.10
8830,45.04,0.28,45.06,0.03,0.10,45.01,-0.00,0.10
8840,45.03,-0.21,45.06,0.03,0.10,45.01,-0.01,0.10
8850,44.91,-0.47,45.06,0.03,0.10,45.01,-0.02,0.10
8860,44.48,0.07,45.06,0.03,0.10,44.99,-0.02,0.10
8870,44.93,0.31,45.06,0.03,0.10,44.99,-0.01,0.10
8880,45.23,0.56,45.06,0.03,0.10,45.00,0.01,0.10
8890,45.32,-0.08,45.06,0.03,0.10,45.01,0.00,0.10
8900,45.01,-0.04,45.06,0.03,0.10,45.01,0.00,0.10
8910,45.07,-0.08,45.06,0.03,0.10,45.01,-0.00,0.10
8920,44.41,-0.44,45.06,0.03,0.10,44.99,-0.01,0.10
8930,45.18,-0.15,45.06,0.03,0.10,45.00,-0.02,0.10
8940,45.61,-0.06,45.06,0.03,0.10,45.02,-0.02,0.10
8950,45.09,-0.10,45.06,0.03,0.10,45.02,-0.02,0.10
8960,44.63,0.03,45.06,0.03,0.10,45.01,-0.02,0.10
8970,45.21,-0.26,45.06,0.03,0.10,45.01,-0.03,0.10
8980,45.38,-0.18,45.06,0.03,0.10,45.03,-0.03,0.10
8990,45.26,-0.01,45.06,0.03,0.10,45.03,-0.03,0.10
9000,45.03,0.05,45.06,0.03,0.10,45.03,-0.03,0.10
9010,45.56,-0.19,45.06,0.03,0.10,45.05,-0.04,0.10
9020,44.56,0.01,45.06,0.03,0.10,45.04,-0.04,0.10
9030,44.87,-0.10,45.06,0.03,0.10,45.03,-0.04,0.10
9040,45.16,-0.13,45.06,0.03,0.10,45.03,-0.04,0.10
9050,44.71,-0.19,45.06,0.03,0.10,45.02,-0.05,0.10
9060,44.68,0.28,45.06,0.03,0.10,45.02,-0.04,0.10
9070,45.39,0.09,45.06,0.03,0.10,45.03,-0.03,0.10
9080,44.23,-0.24,45.06,0.03,0.10,45.00,-0.04,0.10
9090,44.37,-0.01,45.06,0.03,0.10,44.98,-0.04,0.10
9100,45.84,-0.24,45.06,0.03,0.10,45.01,-0.04,0.10
9110,44.96,-0.21,45.06,0.03,0.10,45.01,-0.05,0.10
9120,45.00,-0.29,45.07,0.03,0.10,45.01,-0.06,0.10
9130,45.30,-0.29,45.06,0.03,0.10,45.02,-0.06,0.10
9140,44.74,0.15,45.07,0.03,0.10,45.01,-0.06,0.10
9150,45.11,-0.34,45.07,0.03,0.10,45.02,-0.07,0.10
9160,45.03,-0.30,45.07,0.03,0.10,45.02,-0.07,0.10
9170,44.91,0.06,45.07,0.03,0.11,45.01,-0.07,0.11
9180,44.67,0.09,45.07,0.03,0.10,45.00,-0.07,0.10
9190,44.76,0.24,45.07,0.03,0.11,44.99,-0.06,0.11
9200,45.05,-0.05,45.07,0.03,0.11,44.99,-0.06,0.11
9210,45.44,-0.60,45.07,0.03,0.11,45.01,-0.08,0.11
9220,44.88,0.12,45.07,0.03,0.11,45.00,-0.07,0.11
9230,45.64,0.24,45.07,0.03,0.11,45.02,-0.06,0.11
9240,44.90,-0.49,45.07,0.03,0.11,45.02,-0.07,0.11
9250,44.57,0.31,45.07,0.03,0.11,45.01,-0.06,0.11
9260,44.87,-0.05,45.07,0.03,0.11,45.00,-0.06,0.11
9270,45.53,-0.49,45.07,0.04,0.11,45.02,-0.08,0.11
9280,44.73,-0.31,45.07,0.04,0.11,45.01,-0.08,0.11
9290,45.20,0.34,45.07,0.04,0.11,45.02,-0.07,0.11
9300,45.02,0.09,45.07,0.04,0.11,45.02,-0.07,0.11
9310,45.16,-0.20,45.07,0.04,0.11,45.02,-0.07,0.11
9320,45.10,0.09,45.07,0.04,0.11,45.02,-0.07,0.11
9330,45.09,-0.48,45.07,0.04,0.11,45.03,-0.08,0.11
9340,44.62,-0.12,45.07,0.04,0.11,45.01,-0.08,0.11
9350,44.62,0.00,45.07,0.04,0.11,45.00,-0.08,0.11
9360,45.13,-0.06,45.07,0.04,0.11,45.01,-0.08,0.11
9370,45.25,-0.05,45.07,0.03,0.11,45.01,-0.08,0.11
9380,44.21,-0.57,45.07,0.03,0.11,44.99,-0.10,0.11
9390,45.18,0.08,45.07,0.04,0.11,45.00,-0.09,0.11
9400,45.09,0.06,45.07,0.03,0.11,45.00,-0.09,0.11
9410,44.52,0.43,45.08,0.04,0.11,44.99,-0.07,0.11
9420,45.24,0.03,45.07,0.04,0.11,44.99,-0.07,0.11
9430,44.96,-0.45,45.08,0.04,0.11,44.99,-0.08,0.11
9440,45.46,0.04,45.08,0.04,0.11,45.01,-0.08,0.11
9450,45.25,0.09,45.07,0.04,0.11,45.01,-0.07,0.11
9460,45.35,0.01,45.07,0.04,0.11,45.02,-0.07,0.11
9470,44.41,0.56,45.07,0.04,0.11,45.00,-0.05,0.11
9480,44.30,0.52,45.08,0.04,0.11,44.98,-0.03,0.11
9490,44.68,0.13,45.08,0.04,0.11,44.97,-0.03,0.11
9500,45.26,0.03,45.08,0.04,0.11,44.98,-0.03,0.11
9510,45.13,-0.15,45.08,0.04,0.11,44.99,-0.03,0.11
9520,45.41,-0.05,45.08,0.04,0.11,45.00,-0.04,0.11
9530,44.49,0.03,45.08,0.04,0.11,44.98,-0.03,0.11
9540,45.43,0.49,45.08,0.04,0.11,45.00,-0.02,0.11
9550,45.60,-0.30,45.08,0.04,0.11,45.01,-0.03,0.11
9560,45.53,0.61,45.08,0.04,0.11,45.03,-0.01,0.11
9570,44.94,0.23,45.08,0.04,0.11,45.03,-0.00,0.11
9580,44.80,0.41,45.08,0.04,0.11,45.02,0.01,0.11
9590,44.97,0.40,45.08,0.04,0.11,45.02,0.03,0.11
9600,44.20,-0.24,45.08,0.04,0.12,45.00,0.02,0.12
9610,44.61,0.06,45.08,0.04,0.12,44.98,0.02,0.12
9620,44.24,0.23,45.08,0.04,0.12,44.96,0.02,0.12
9630,45.60,0.14,45.08,0.04,0.12,44.98,0.03,0.12
9640,44.95,0.36,45.08,0.04,0.12,44.98,0.04,0.12
9650,44.69,-0.12,45.08,0.04,0.12,44.97,0.03,0.12
9660,44.92,-0.26,45.08,0.04,0.12,44.97,0.03,0.12
9670,45.17,0.47,45.08,0.04,0.12,44.98,0.04,0.12
9680,44.51,0.24,45.08,0.04,0.12,44.96,0.05,0.12
9690,45.32,0.56,45.08,0.04,0.12,44.97,0.06,0.12
9700,44.75,0.06,45.08,0.04,0.12,44.97,0.06,0.12
9710,44.66,-0.15,45.08,0.04,0.12,44.96,0.06,0.12
9720,44.29,-0.09,45.09,0.04,0.12,44.94,0.05,0.12
9730,45.20,0.89,45.09,0.04,0.12,44.94,0.08,0.12
9740,44.96,-0.36,45.08,0.04,0.12,44.94,0.07,0.12
9750,45.09,-0.19,45.09,0.04,0.12,44.95,0.06,0.12
9760,44.57,0.18,45.09,0.04,0.12,44.94,0.06,0.12
9770,45.51,-0.43,45.09,0.04,0.12,44.95,0.05,0.12
9780,45.50,-0.16,45.09,0.04,0.12,44.97,0.05,0.12
9790,45.07,-0.37,45.09,0.04,0.12,44.97,0.03,0.12
9800,45.00,0.43,45.09,0.04,0.12,44.97,0.05,0.12
9810,44.82,0.23,45.09,0.04,0.12,44.97,0.05,0.12
9820,44.54,0.33,45.09,0.04,0.12,44.95,0.06,0.12
9830,45.24,0.07,45.09,0.04,0.12,44.96,0.06,0.12
9840,45.41,0.46,45.09,0.04,0.12,44.97,0.07,0.12
9850,45.15,0.04,45.09,0.04,0.12,44.98,0.07,0.12
9860,45.16,0.14,45.09,0.04,0.12,44.98,0.08,0.12
9870,45.18,-0.03,45.09,0.04,0.12,44.99,0.07,0.12
9880,44.66,-0.17,45.09,0.04,0.12,44.98,0.07,0.12
9890,44.85,-0.37,45.09,0.04,0.12,44.97,0.05,0.12
9900,45.19,0.05,45.09,0.04,0.12,44.98,0.05,0.12
9910,44.59,0.12,45.09,0.04,0.12,44.97,0.06,0.12
9920,44.81,0.09,45.09,0.04,0.12,44.96,0.06,0.12
9930,44.56,0.04,45.08,0.04,0.12,44.95,0.06,0.12
9940,45.14,-0.05,45.08,0.04,0.12,44.95,0.05,0.12
9950,45.09,-0.32,45.09,0.04,0.12,44.96,0.04,0.12
9960,44.90,-0.21,45.08,0.04,0.12,44.96,0.04,0.12
9970,44.55,0.35,45.09,0.04,0.12,44.94,0.04,0.12
9980,44.47,0.04,45.09,0.03,0.12,44.93,0.04,0.12
9990,45.47,-0.14,45.09,0.04,0.12,44.95,0.04,0.12
10000,45.31,0.26,45.09,0.04,0.12,44.96,0.05,0.12
10010,45.01,-0.34,45.09,0.04,0.12,44.96,0.04,0.12
10020,45.48,0.06,45.09,0.04,0.12,44.97,0.04,0.12
10030,43.76,-0.22,45.09,0.04,0.12,44.94,0.03,0.12
10040,45.23,0.01,45.09,0.04,0.12,44.95,0.03,0.12
10050,45.39,-0.01,45.09,0.04,0.12,44.96,0.03,0.12
10060,44.92,-0.38,45.09,0.04,0.12,44.96,0.02,0.12
10070,45.28,-0.29,45.09,0.04,0.12,44.97,0.01,0.12
10080,44.51,0.05,45.09,0.04,0.12,44.95,0.01,0.12
10090,45.53,-0.40,45.09,0.04,0.12,44.97,-0.00,0.12
10100,44.95,-0.24,45.09,0.04,0.12,44.97,-0.01,0.12
10110,44.42,0.20,45.09,0.04,0.12,44.95,-0.00,0.12
10120,45.98,0.16,45.09,0.04,0.12,44.98,0.00,0.12
10130,44.85,-0.46,45.09,0.04,0.12,44.98,-0.01,0.12
10140,44.97,0.07,45.09,0.04,0.12,44.98,-0.01,0.12
10150,45.38,0.19,45.09,0.04,0.12,44.99,-0.01,0.12
10160,45.13,-0.47,45.09,0.04,0.12,44.99,-0.02,0.12
10170,45.06,-0.18,45.09,0.04,0.12,44.99,-0.02,0.12
10180,44.40,-0.07,45.09,0.04,0.12,44.98,-0.02,0.12
10190,44.26,-0.07,45.09,0.04,0.12,44.96,-0.03,0.12
10200,44.90,-0.33,45.09,0.04,0.12,44.96,-0.04,0.12
10210,44.57,0.27,45.09,0.04,0.12,44.94,-0.03,0.12
10220,44.84,-0.20,45.09,0.04,0.12,44.94,-0.03,0.12
10230,44.81,0.08,45.09,0.04,0.12,44.94,-0.03,0.12
10240,45.15,0.11,45.09,0.04,0.12,44.94,-0.03,0.12
10250,44.71,0.07,45.09,0.04,0.12,44.93,-0.02,0.12
10260,44.92,-0.22,45.09,0.04,0.12,44.93,-0.03,0.12
10270,44.79,-0.14,45.09,0.04,0.12,44.93,-0.03,0.12
10280,45.09,0.06,45.09,0.04,0.12,44.93,-0.03,0.12
10290,44.73,0.22,45.09,0.04,0.12,44.92,-0.02,0.12
10300,45.23,-0.40,45.09,0.04,0.12,44.93,-0.04,0.12
10310,44.90,-0.15,45.09,0.04,0.12,44.93,-0.04,0.12
10320,44.62,0.06,45.09,0.04,0.12,44.92,-0.04,0.12
10330,45.05,0.09,45.09,0.04,0.12,44.93,-0.04,0.12
10340,44.58,0.27,45.09,0.04,0.12,44.91,-0.03,0.12
10350,44.74,0.31,45.09,0.04,0.12,44.91,-0.02,0.12
10360,45.29,0.42,45.09,0.04,0.12,44.92,-0.00,0.12
10370,45.39,0.07,45.09,0.04,0.12,44.93,-0.00,0.12
10380,44.65,-0.06,45.09,0.04,0.12,44.92,-0.00,0.12
10390,44.72,-0.19,45.09,0.04,0.12,44.92,-0.01,0.12
10400,45.08,-0.29,45.09,0.04,0.12,44.92,-0.02,0.12
10410,45.51,0.57,45.10,0.04,0.12,44.94,-0.00,0.12
10420,44.67,-0.17,45.09,0.04,0.12,44.93,-0.01,0.12
10430,45.78,0.12,45.09,0.04,0.12,44.95,-0.00,0.12
10440,44.70,0.23,45.09,0.04,0.12,44.95,0.00,0.12
10450,44.33,0.33,45.09,0.04,0.12,44.93,0.01,0.12
10460,45.25,0.28,45.09,0.04,0.12,44.94,0.02,0.12
10470,45.50,-0.15,45.09,0.04,0.12,44.95,0.02,0.12
10480,45.35,-0.10,45.10,0.04,0.12,44.97,0.02,0.12
10490,45.02,0.28,45.10,0.04,0.12,44.97,0.02,0.12
10500,44.70,0.26,45.10,0.04,0.12,44.96,0.03,0.12
10510,44.70,0.36,45.10,0.04,0.13,44.95,0.04,0.13
10520,44.76,0.15,45.10,0.04,0.12,44.95,0.05,0.12
10530,44.86,-0.18,45.10,0.04,0.13,44.94,0.04,0.13
10540,45.11,-0.14,45.10,0.04,0.13,44.95,0.03,0.13
10550,45.10,0.45,45.10,0.04,0.13,44.95,0.05,0.13
10560,45.15,-0.01,45.10,0.04,0.13,44.96,0.05,0.13
10570,45.17,-0.23,45.10,0.04,0.13,44.96,0.04,0.13
10580,44.64,-0.10,45.10,0.04,0.13,44.95,0.03,0.13
10590,44.72,0.12,45.10,0.04,0.13,44.95,0.04,0.13
10600,44.68,-0.08,45.10,0.04,0.13,44.94,0.03,0.13
10610,44.84,-0.43,45.10,0.04,0.13,44.93,0.02,0.13
10620,46.00,-0.08,45.10,0.04,0.13,44.97,0.02,0.13
10630,45.35,0.27,45.10,0.04,0.13,44.98,0.02,0.13
10640,45.44,0.19,45.10,0.04,0.13,44.99,0.03,0.13
10650,45.10,0.06,45.10,0.04,0.13,45.00,0.03,0.13
10660,44.96,-0.29,45.10,0.04,0.13,45.00,0.02,0.13
10670,45.09,0.41,45.10,0.04,0.13,45.00,0.03,0.13
10680,45.37,0.12,45.10,0.04,0.13,45.01,0.04,0.13
10690,44.96,-0.16,45.10,0.04,0.13,45.01,0.03,0.13
10700,45.17,-0.18,45.10,0.04,0.13,45.02,0.02,0.13
10710,44.95,0.13,45.10,0.04,0.13,45.01,0.03,0.13
10720,44.40,0.17,45.10,0.04,0.13,45.00,0.03,0.13
10730,45.06,0.17,45.10,0.04,0.13,45.00,0.04,0.13
10740,45.19,-0.07,45.10,0.04,0.13,45.00,0.04,0.13
10750,44.74,-0.37,45.10,0.04,0.13,44.99,0.02,0.13
10760,44.72,0.33,45.10,0.04,0.13,44.99,0.03,0.13
10770,45.31,-0.15,45.10,0.04,0.13,45.00,0.03,0.13
10780,44.60,0.30,45.10,0.04,0.13,44.98,0.04,0.13
10790,44.96,0.27,45.10,0.04,0.13,44.98,0.04,0.13
10800,44.96,-0.07,45.10,0.04,0.13,44.98,0.04,0.13
10810,44.90,0.48,45.10,0.04,0.13,44.98,0.05,0.13
10820,45.42,0.24,45.10,0.04,0.13,44.99,0.06,0.13
10830,44.43,-0.16,45.10,0.04,0.13,44.98,0.05,0.13
10840,45.19,0.32,45.10,0.04,0.13,44.98,0.06,0.13
10850,45.01,0.24,45.10,0.04,0.13,44.98,0.07,0.13
10860,45.03,0.06,45.10,0.04,0.13,44.99,0.07,0.13
10870,44.45,0.38,45.10,0.04,0.13,44.97,0.08,0.13
10880,45.11,-0.12,45.10,0.04,0.13,44.97,0.07,0.13
10890,44.63,0.34,45.10,0.04,0.13,44.96,0.08,0.13
10900,45.46,-0.16,45.10,0.04,0.13,44.98,0.07,0.13
10910,45.34,0.03,45.10,0.04,0.13,44.99,0.07,0.13
10920,45.06,-0.27,45.10,0.04,0.13,44.99,0.06,0.13
10930,44.92,-0.30,45.10,0.04,0.13,44.99,0.05,0.13
10940,45.18,0.29,45.10,0.04,0.13,44.99,0.06,0.13
10950,45.49,0.38,45.10,0.04,0.13,45.01,0.07,0.13
10960,44.76,-0.09,45.10,0.05,0.14,45.00,0.07,0.14
10970,45.40,0.38,45.10,0.05,0.14,45.01,0.08,0.14
10980,45.38,-0.21,45.10,0.05,0.14,45.02,0.07,0.14
10990,45.02,0.27,45.10,0.05,0.14,45.02,0.08,0.14
11000,45.87,0.01,45.10,0.05,0.13,45.05,0.08,0.13
11010,44.66,-0.27,45.10,0.04,0.14,45.04,0.07,0.14
11020,45.15,-0.03,45.10,0.04,0.14,45.04,0.06,0.14
11030,45.19,0.04,45.10,0.04,0.14,45.05,0.06,0.14
11040,44.83,0.12,45.10,0.04,0.14,45.04,0.06,0.14
11050,44.76,0.34,45.10,0.04,0.14,45.03,0.07,0.14
11060,45.20,0.42,45.10,0.04,0.14,45.04,0.08,0.14
11070,45.17,-0.12,45.10,0.04,0.14,45.04,0.08,0.14
11080,45.10,-0.00,45.10,0.04,0.14,45.05,0.08,0.14
11090,45.05,0.15,45.10,0.04,0.14,45.05,0.08,0.14
11100,45.14,-0.11,45.10,0.04,0.14,45.05,0.07,0.14
11110,45.04,-0.18,45.10,0.04,0.14,45.05,0.07,0.14
11120,44.94,-0.14,45.10,0.04,0.14,45.04,0.06,0.14
11130,45.58,-0.16,45.10,0.04,0.14,45.06,0.05,0.14
11140,45.32,0.20,45.10,0.04,0.14,45.07,0.06,0.14
11150,44.65,0.30,45.10,0.04,0.14,45.06,0.06,0.14
11160,45.45,-0.06,45.10,0.04,0.14,45.07,0.06,0.14
11170,44.43,-0.21,45.10,0.04,0.14,45.05,0.05,0.14
11180,44.53,0.22,45.10,0.04,0.14,45.04,0.06,0.14
11190,44.95,0.44,45.10,0.04,0.14,45.03,0.07,0.14
11200,45.40,0.03,45.10,0.04,0.14,45.05,0.07,0.14
11210,45.27,0.22,45.10,0.04,0.14,45.05,0.08,0.14
11220,44.92,-0.18,45.10,0.04,0.14,45.05,0.07,0.14
11230,45.43,-0.06,45.10,0.04,0.14,45.06,0.06,0.14
11240,45.47,-0.12,45.10,0.04,0.14,45.08,0.06,0.14
11250,45.01,0.25,45.10,0.04,0.14,45.08,0.07,0.14
11260,45.03,-0.35,45.10,0.04,0.14,45.07,0.05,0.14
11270,44.76,0.17,45.10,0.04,0.14,45.07,0.06,0.14
11280,44.78,0.03,45.10,0.04,0.14,45.06,0.06,0.14
11290,44.77,-0.23,45.10,0.04,0.14,45.05,0.05,0.14
11300,45.55,0.12,45.10,0.04,0.14,45.07,0.05,0.14
11310,44.61,0.44,45.10,0.04,0.14,45.06,0.06,0.14
11320,44.89,0.17,45.10,0.04,0.14,45.05,0.07,0.14
11330,44.69,0.37,45.10,0.04,0.14,45.04,0.08,0.14
11340,45.07,0.31,45.10,0.05,0.14,45.04,0.08,0.14
11350,45.63,-0.27,45.10,0.05,0.14,45.06,0.08,0.14
11360,44.36,-0.56,45.10,0.05,0.14,45.04,0.06,0.14
11370,44.89,0.36,45.10,0.05,0.14,45.04,0.07,0.14
11380,44.60,0.49,45.10,0.05,0.14,45.02,0.08,0.14
11390,44.63,0.36,45.11,0.05,0.14,45.01,0.09,0.14
11400,45.25,-0.25,45.11,0.05,0.14,45.02,0.08,0.14
11410,44.76,-0.06,45.11,0.05,0.14,45.01,0.07,0.14
11420,44.35,-0.28,45.11,0.05,0.14,44.99,0.06,0.14
11430,44.98,0.08,45.11,0.05,0.14,44.99,0.06,0.14
11440,45.42,0.07,45.10,0.05,0.14,45.00,0.06,0.14
11450,44.65,0.02,45.11,0.05,0.14,44.99,0.06,0.14
11460,45.18,-0.05,45.11,0.05,0.14,45.00,0.06,0.14
11470,45.22,-0.15,45.11,0.05,0.14,45.01,0.06,0.14
11480,45.38,0.05,45.11,0.05,0.14,45.02,0.06,0.14
11490,45.35,-0.21,45.11,0.05,0.14,45.03,0.05,0.14
11500,45.67,0.25,45.11,0.05,0.14,45.05,0.05,0.14
11510,45.12,0.33,45.11,0.05,0.14,45.05,0.06,0.14
11520,45.63,0.28,45.11,0.05,0.14,45.07,0.07,0.14
11530,44.82,0.10,45.11,0.05,0.14,45.06,0.07,0.14
11540,44.86,0.13,45.11,0.05,0.14,45.06,0.07,0.14
11550,44.77,0.21,45.11,0.05,0.15,45.05,0.08,0.15
11560,45.43,-0.14,45.11,0.05,0.15,45.06,0.07,0.15
11570,44.75,-0.13,45.11,0.05,0.15,45.05,0.06,0.15
11580,45.30,0.10,45.11,0.05,0.15,45.06,0.07,0.15
11590,45.38,-0.15,45.11,0.05,0.15,45.07,0.06,0.15
11600,45.26,-0.64,45.11,0.05,0.15,45.08,0.04,0.15
11610,45.30,-0.11,45.11,0.05,0.15,45.08,0.03,0.15
11620,45.16,-0.04,45.11,0.05,0.15,45.09,0.03,0.15
11630,45.02,-0.39,45.11,0.05,0.15,45.09,0.02,0.15
11640,44.82,-0.04,45.11,0.05,0.15,45.08,0.02,0.15
11650,44.77,0.52,45.11,0.05,0.15,45.07,0.03,0.15
11660,44.78,-0.23,45.11,0.05,0.15,45.06,0.03,0.15
11670,45.42,-0.18,45.11,0.05,0.15,45.07,0.02,0.15
11680,45.42,0.36,45.11,0.05,0.15,45.08,0.03,0.15
11690,45.09,0.01,45.11,0.05,0.15,45.08,0.03,0.15
11700,45.40,0.55,45.11,0.05,0.15,45.09,0.04,0.15
11710,44.89,-0.15,45.11,0.05,0.15,45.09,0.04,0.15
11720,45.30,0.06,45.11,0.05,0.15,45.09,0.04,0.15
11730,45.41,0.24,45.11,0.05,0.15,45.11,0.05,0.15
11740,44.80,-0.04,45.11,0.05,0.15,45.10,0.04,0.15
11750,45.23,0.19,45.11,0.05,0.15,45.10,0.05,0.15
11760,44.93,-0.76,45.11,0.05,0.15,45.10,0.03,0.15
11770,45.05,0.74,45.11,0.05,0.15,45.10,0.05,0.15
11780,44.30,-0.24,45.11,0.05,0.15,45.07,0.04,0.15
11790,44.25,0.23,45.11,0.05,0.15,45.05,0.04,0.15
11800,45.21,-0.26,45.11,0.05,0.15,45.05,0.04,0.15
11810,44.64,0.11,45.11,0.05,0.15,45.04,0.04,0.15
11820,44.63,-0.07,45.11,0.05,0.15,45.03,0.03,0.15
11830,44.98,-0.16,45.11,0.06,0.15,45.03,0.03,0.15
11840,44.87,0.12,45.11,0.06,0.15,45.03,0.03,0.15
11850,45.21,-0.46,45.11,0.06,0.15,45.03,0.02,0.15
11860,44.95,-0.30,45.12,0.06,0.15,45.03,0.01,0.15
11870,45.61,0.29,45.12,0.06,0.15,45.05,0.02,0.15
11880,44.87,-0.06,45.12,0.06,0.16,45.04,0.01,0.16
11890,44.24,0.65,45.12,0.06,0.16,45.02,0.03,0.16
11900,44.35,0.33,45.12,0.06,0.16,45.00,0.04,0.16
11910,44.43,0.12,45.12,0.06,0.16,44.98,0.04,0.16
11920,45.63,0.14,45.12,0.06,0.16,45.00,0.05,0.16
11930,44.86,0.02,45.12,0.06,0.16,45.00,0.05,0.16
11940,45.20,-0.27,45.12,0.06,0.16,45.00,0.04,0.16
11950,45.20,-0.08,45.12,0.06,0.16,45.01,0.03,0.16
11960,45.13,-0.00,45.12,0.06,0.16,45.01,0.03,0.16
11970,44.72,-0.22,45.12,0.06,0.16,45.00,0.02,0.16
11980,44.54,-0.03,45.12,0.06,0.16,44.99,0.02,0.16
11990,45.11,0.11,45.12,0.06,0.16,44.99,0.02,0.16
12000,44.32,0.30,45.12,0.06,0.16,44.97,0.03,0.16
12010,44.85,-0.48,45.12,0.06,0.16,44.97,0.02,0.16
12020,45.01,-0.35,45.12,0.06,0.16,44.97,0.00,0.16
12030,44.73,-0.17,45.12,0.06,0.16,44.96,-0.00,0.16
12040,45.03,-0.04,45.12,0.06,0.16,44.96,-0.00,0.16
12050,45.03,0.11,45.12,0.06,0.16,44.96,0.00,0.16
12060,45.28,0.55,45.12,0.06,0.16,44.97,0.02,0.16
12070,44.93,-0.45,45.12,0.06,0.16,44.97,0.00,0.16
12080,45.57,0.24,45.12,0.06,0.16,44.99,0.01,0.16
12090,45.31,0.24,45.12,0.06,0.16,44.99,0.02,0.16
12100,44.70,0.37,45.12,0.06,0.16,44.99,0.03,0.16
12110,45.68,0.13,45.12,0.06,0.16,45.01,0.03,0.16
12120,45.47,0.20,45.12,0.06,0.16,45.02,0.03,0.16
12130,44.42,0.13,45.12,0.06,0.16,45.00,0.04,0.16
12140,45.16,0.05,45.12,0.06,0.16,45.01,0.04,0.16
12150,44.49,0.13,45.12,0.06,0.16,44.99,0.04,0.16
12160,45.13,0.24,45.12,0.06,0.16,45.00,0.05,0.16
12170,44.70,-0.10,45.12,0.06,0.16,44.99,0.04,0.16
12180,45.02,0.36,45.12,0.06,0.16,44.99,0.05,0.16
12190,45.02,0.08,45.12,0.06,0.16,44.99,0.06,0.16
12200,45.16,-0.02,45.12,0.06,0.16,45.00,0.05,0.16
12210,44.68,-0.26,45.12,0.06,0.16,44.98,0.05,0.16
12220,44.79,0.22,45.12,0.06,0.17,44.98,0.05,0.17
12230,45.66,0.10,45.12,0.06,0.17,45.00,0.05,0.17
12240,44.87,-0.34,45.12,0.07,0.17,45.00,0.04,0.17
12250,45.19,-0.20,45.12,0.07,0.17,45.00,0.04,0.17
12260,44.73,-0.08,45.12,0.07,0.17,44.99,0.03,0.17
12270,45.28,-0.42,45.12,0.07,0.17,45.00,0.02,0.17
12280,44.84,0.01,45.12,0.07,0.17,45.00,0.02,0.17
12290,45.10,-0.30,45.12,0.07,0.17,45.00,0.01,0.17
12300,45.13,-0.01,45.13,0.07,0.17,45.00,0.01,0.17
12310,44.40,0.38,45.13,0.07,0.17,44.99,0.02,0.17
12320,44.89,-0.36,45.13,0.07,0.17,44.98,0.01,0.17
12330,44.72,-0.38,45.13,0.07,0.17,44.98,-0.00,0.17
12340,44.89,0.47,45.13,0.07,0.17,44.97,0.01,0.17
12350,45.01,0.09,45.13,0.07,0.17,44.97,0.01,0.17
12360,44.59,-0.67,45.13,0.07,0.17,44.96,-0.01,0.17
12370,45.40,0.09,45.13,0.07,0.17,44.97,-0.00,0.17
12380,45.06,-0.18,45.13,0.07,0.17,44.98,-0.01,0.17
12390,45.32,0.22,45.13,0.07,0.17,44.99,-0.00,0.17
12400,44.30,0.26,45.13,0.07,0.17,44.96,0.00,0.17
12410,45.27,0.35,45.13,0.07,0.17,44.97,0.02,0.17
12420,44.89,-0.31,45.13,0.08,0.17,44.97,0.01,0.17
12430,45.01,-0.19,45.13,0.08,0.17,44.97,-0.00,0.17
12440,44.32,0.08,45.13,0.08,0.17,44.95,0.00,0.17
12450,45.03,-0.19,45.13,0.08,0.17,44.95,-0.00,0.17
12460,45.10,0.01,45.13,0.08,0.17,44.96,-0.00,0.17
12470,44.92,0.20,45.13,0.08,0.17,44.95,0.00,0.17
12480,44.80,0.20,45.13,0.08,0.17,44.95,0.01,0.17
12490,44.62,0.09,45.13,0.08,0.17,44.94,0.01,0.17
12500,45.31,0.03,45.13,0.08,0.17,44.95,0.01,0.17
12510,44.69,-0.05,45.13,0.07,0.17,44.94,0.01,0.17
12520,44.75,0.19,45.13,0.07,0.17,44.93,0.01,0.17
12530,45.31,-0.17,45.13,0.07,0.17,44.94,0.01,0.17
12540,44.75,-0.18,45.13,0.08,0.17,44.94,-0.00,0.17
12550,44.50,0.19,45.13,0.08,0.17,44.92,0.00,0.17
12560,45.35,-0.01,45.13,0.08,0.17,44.93,0.01,0.17
12570,45.37,0.21,45.13,0.08,0.17,44.95,0.01,0.17
12580,44.76,0.03,45.13,0.08,0.17,44.94,0.01,0.17
12590,45.60,-0.32,45.13,0.08,0.17,44.96,0.00,0.17
12600,44.73,-0.22,45.13,0.08,0.18,44.95,-0.01,0.18
12610,45.06,0.24,45.13,0.08,0.18,44.96,0.00,0.18
12620,44.98,-0.31,45.13,0.08,0.18,44.96,-0.01,0.18
12630,44.61,-0.33,45.13,0.08,0.18,44.95,-0.02,0.18
12640,44.87,0.12,45.13,0.08,0.18,44.94,-0.01,0.18
12650,45.36,-0.22,45.13,0.08,0.18,44.96,-0.02,0.18
12660,44.44,0.27,45.13,0.08,0.18,44.94,-0.01,0.18
12670,44.79,0.14,45.13,0.08,0.18,44.94,-0.01,0.18
12680,44.56,0.08,45.13,0.08,0.18,44.92,-0.01,0.18
12690,45.05,0.14,45.13,0.08,0.18,44.93,-0.00,0.18
12700,45.31,0.49,45.13,0.08,0.18,44.94,0.01,0.18
12710,45.09,0.33,45.13,0.08,0.18,44.94,0.02,0.18
12720,44.72,0.15,45.13,0.08,0.18,44.94,0.03,0.18
12730,44.80,0.09,45.14,0.08,0.18,44.93,0.03,0.18
12740,44.35,-0.07,45.14,0.08,0.18,44.92,0.03,0.18
12750,45.73,0.01,45.14,0.08,0.18,44.94,0.03,0.18
12760,44.70,-0.14,45.14,0.08,0.18,44.93,0.02,0.18
12770,45.09,0.34,45.14,0.08,0.18,44.94,0.03,0.18
12780,44.66,-0.17,45.14,0.08,0.18,44.93,0.02,0.18
12790,45.34,-0.30,45.14,0.08,0.18,44.94,0.02,0.18
12800,44.64,0.34,45.14,0.08,0.18,44.93,0.02,0.18
12810,44.90,0.22,45.14,0.09,0.18,44.93,0.03,0.18
12820,45.06,-0.20,45.14,0.09,0.18,44.93,0.02,0.18
12830,44.91,0.05,45.14,0.09,0.18,44.93,0.03,0.18
12840,44.41,0.40,45.13,0.09,0.18,44.91,0.04,0.18
12850,45.15,0.09,45.13,0.09,0.18,44.92,0.04,0.18
12860,45.43,-0.20,45.14,0.09,0.18,44.93,0.03,0.18
12870,45.05,0.35,45.13,0.09,0.18,44.93,0.04,0.18
12880,44.43,0.28,45.13,0.09,0.18,44.92,0.05,0.18
12890,44.41,-0.11,45.13,0.09,0.18,44.90,0.04,0.18
12900,45.22,-0.42,45.13,0.09,0.19,44.91,0.03,0.19
12910,45.16,-0.34,45.13,0.09,0.19,44.92,0.02,0.19
12920,44.79,-0.18,45.13,0.09,0.18,44.91,0.01,0.18
12930,44.91,0.23,45.13,0.09,0.18,44.91,0.02,0.18
12940,45.08,-0.24,45.13,0.09,0.18,44.91,0.01,0.18
12950,45.53,0.23,45.13,0.09,0.19,44.93,0.02,0.19
12960,45.30,0.52,45.13,0.09,0.19,44.94,0.03,0.19
12970,45.84,0.36,45.13,0.09,0.19,44.97,0.04,0.19
12980,45.23,-0.03,45.13,0.09,0.19,44.98,0.04,0.19
12990,45.22,-0.01,45.13,0.09,0.19,44.98,0.04,0.19
13000,45.41,0.30,45.13,0.09,0.19,45.00,0.05,0.19
13010,45.15,0.33,45.13,0.09,0.19,45.00,0.06,0.19
13020,45.06,-0.23,45.13,0.09,0.19,45.00,0.05,0.19
13030,44.63,0.23,45.13,0.09,0.19,44.99,0.05,0.19
13040,44.83,0.09,45.13,0.09,0.19,44.99,0.05,0.19
13050,44.49,-0.29,45.13,0.09,0.19,44.97,0.04,0.19
13060,45.21,0.18,45.13,0.09,0.19,44.98,0.05,0.19
13070,44.46,-0.02,45.13,0.09,0.19,44.96,0.05,0.19
13080,44.87,0.18,45.14,0.09,0.19,44.96,0.05,0.19
13090,44.66,-0.38,45.14,0.09,0.19,44.95,0.04,0.19
13100,44.78,-0.16,45.13,0.09,0.19,44.95,0.03,0.19
13110,44.91,-0.19,45.13,0.09,0.19,44.95,0.02,0.19
13120,45.13,-0.10,45.13,0.09,0.19,44.95,0.02,0.19
13130,45.14,0.14,45.14,0.09,0.19,44.96,0.02,0.19
13140,44.99,-0.64,45.13,0.09,0.19,44.96,0.00,0.19
13150,44.61,-0.02,45.14,0.09,0.19,44.95,0.00,0.19
13160,45.59,-0.02,45.14,0.09,0.19,44.97,0.00,0.19
13170,44.48,0.15,45.14,0.09,0.19,44.95,0.01,0.19
13180,44.96,0.44,45.14,0.10,0.19,44.95,0.02,0.19
13190,44.96,-0.27,45.14,0.09,0.19,44.95,0.01,0.19
13200,45.40,-0.46,45.14,0.10,0.19,44.97,-0.00,0.19
13210,44.84,0.16,45.14,0.10,0.19,44.96,0.00,0.19
13220,44.60,-0.19,45.14,0.10,0.19,44.95,-0.00,0.19
13230,44.84,0.42,45.14,0.09,0.19,44.95,0.01,0.19
13240,45.52,0.07,45.14,0.09,0.19,44.97,0.01,0.19
13250,44.54,0.08,45.14,0.10,0.19,44.95,0.01,0.19
13260,44.79,-0.26,45.14,0.10,0.19,44.95,0.00,0.19
13270,45.03,-0.38,45.14,0.10,0.20,44.95,-0.01,0.20
13280,44.91,-0.70,45.14,0.10,0.20,44.95,-0.03,0.20
13290,45.15,-0.04,45.14,0.10,0.20,44.95,-0.03,0.20
13300,44.74,0.19,45.14,0.10,0.20,44.95,-0.02,0.20
13310,44.89,0.10,45.14,0.10,0.20,44.95,-0.02,0.20
13320,45.01,-0.41,45.14,0.10,0.20,44.95,-0.03,0.20
13330,45.26,-0.16,45.14,0.10,0.20,44.96,-0.03,0.20
13340,45.21,-0.29,45.14,0.10,0.20,44.96,-0.04,0.20
13350,45.07,-0.42,45.14,0.10,0.20,44.97,-0.05,0.20
13360,44.66,0.12,45.14,0.10,0.20,44.96,-0.05,0.20
13370,45.06,-0.06,45.14,0.10,0.20,44.96,-0.05,0.20
13380,44.71,-0.04,45.14,0.10,0.20,44.95,-0.05,0.20
13390,45.03,0.42,45.14,0.10,0.20,44.96,-0.04,0.20
13400,44.97,0.08,45.14,0.10,0.20,44.96,-0.03,0.20
13410,45.23,0.34,45.14,0.10,0.20,44.97,-0.02,0.20
13420,45.00,0.12,45.14,0.10,0.20,44.97,-0.02,0.20
13430,44.81,0.12,45.15,0.10,0.20,44.96,-0.01,0.20
13440,44.86,0.36,45.14,0.11,0.20,44.96,-0.00,0.20
13450,44.81,0.55,45.14,0.11,0.20,44.95,0.01,0.20
13460,44.99,-0.38,45.15,0.11,0.20,44.95,0.00,0.20
13470,44.99,0.13,45.15,0.10,0.20,44.96,0.00,0.20
13480,45.62,-0.53,45.15,0.10,0.20,44.98,-0.01,0.20
13490,44.36,-0.27,45.15,0.10,0.20,44.96,-0.02,0.20
13500,44.94,0.14,45.15,0.10,0.20,44.96,-0.02,0.20
13510,45.09,0.12,45.15,0.10,0.20,44.96,-0.01,0.20
13520,44.55,0.15,45.15,0.10,0.20,44.95,-0.01,0.20
13530,45.37,-0.06,45.15,0.10,0.20,44.96,-0.01,0.20
13540,44.74,-0.69,45.15,0.10,0.20,44.95,-0.03,0.20
13550,44.88,-0.48,45.15,0.10,0.20,44.95,-0.05,0.20
13560,44.62,-0.32,45.15,0.10,0.20,44.94,-0.06,0.20
13570,44.53,-0.22,45.15,0.10,0.20,44.93,-0.06,0.20
13580,44.60,-0.21,45.15,0.10,0.20,44.92,-0.07,0.20
13590,45.04,-0.29,45.15,0.10,0.20,44.92,-0.08,0.20
13600,45.28,-0.18,45.15,0.10,0.20,44.93,-0.08,0.20
13610,44.88,-0.02,45.15,0.10,0.20,44.93,-0.08,0.20
13620,44.86,0.17,45.15,0.11,0.20,44.93,-0.07,0.20
13630,45.40,0.22,45.15,0.11,0.20,44.94,-0.06,0.20
13640,44.79,-0.69,45.15,0.11,0.20,44.93,-0.08,0.20
13650,44.38,0.17,45.15,0.11,0.20,44.92,-0.08,0.20
13660,45.00,-0.42,45.15,0.11,0.20,44.92,-0.09,0.20
13670,44.90,-0.77,45.15,0.11,0.20,44.92,-0.11,0.20
13680,45.06,0.02,45.15,0.11,0.21,44.92,-0.11,0.21
13690,45.55,0.06,45.15,0.11,0.21,44.94,-0.10,0.21
13700,44.87,-0.10,45.15,0.11,0.21,44.94,-0.10,0.21
13710,45.28,0.55,45.15,0.11,0.21,44.95,-0.08,0.21
13720,44.85,-0.31,45.15,0.11,0.21,44.95,-0.09,0.21
13730,44.83,-0.52,45.15,0.11,0.21,44.94,-0.11,0.21
13740,44.53,-0.31,45.15,0.11,0.21,44.93,-0.12,0.21
13750,45.04,-0.39,45.15,0.11,0.21,44.93,-0.12,0.21
13760,44.90,0.29,45.15,0.11,0.21,44.93,-0.11,0.21
13770,45.30,-0.08,45.15,0.11,0.21,44.94,-0.11,0.21
13780,44.48,0.24,45.15,0.11,0.21,44.93,-0.10,0.21
13790,45.35,0.23,45.15,0.11,0.21,44.94,-0.09,0.21
13800,44.90,-0.14,45.15,0.11,0.21,44.94,-0.09,0.21
13810,45.62,-0.25,45.15,0.11,0.21,44.96,-0.10,0.21
13820,45.09,-0.26,45.15,0.11,0.21,44.97,-0.11,0.21
13830,45.04,0.11,45.15,0.11,0.21,44.97,-0.10,0.21
13840,45.06,0.09,45.15,0.11,0.21,44.97,-0.10,0.21
13850,44.41,0.37,45.15,0.11,0.21,44.95,-0.09,0.21
13860,44.71,-0.03,45.15,0.11,0.21,44.95,-0.08,0.21
13870,44.90,-0.03,45.15,0.11,0.21,44.94,-0.08,0.21
13880,44.22,-0.11,45.15,0.11,0.21,44.92,-0.08,0.21
13890,45.42,0.10,45.15,0.11,0.21,44.93,-0.08,0.21
13900,45.07,-0.28,45.15,0.11,0.21,44.94,-0.09,0.21
13910,45.07,-0.07,45.15,0.11,0.21,44.94,-0.08,0.21
13920,44.97,0.12,45.15,0.11,0.21,44.94,-0.08,0.21
13930,44.79,0.49,45.15,0.11,0.21,44.94,-0.06,0.21
13940,45.09,-0.45,45.15,0.11,0.22,44.94,-0.08,0.22
13950,45.12,-0.18,45.15,0.11,0.22,44.95,-0.08,0.22
13960,45.21,0.17,45.15,0.11,0.22,44.95,-0.07,0.22
13970,44.93,0.36,45.15,0.11,0.22,44.95,-0.06,0.22
13980,44.54,-0.08,45.15,0.11,0.22,44.94,-0.06,0.22
13990,44.46,-0.21,45.15,0.11,0.22,44.92,-0.06,0.22
14000,44.78,0.33,45.15,0.11,0.22,44.92,-0.05,0.22
14010,45.32,0.05,45.15,0.11,0.22,44.93,-0.05,0.22
14020,44.62,0.05,45.15,0.11,0.22,44.92,-0.05,0.22
14030,44.78,-0.17,45.15,0.11,0.22,44.92,-0.05,0.22
14040,44.25,0.24,45.15,0.11,0.22,44.89,-0.04,0.22
14050,44.83,0.31,45.15,0.11,0.22,44.89,-0.03,0.22
14060,45.11,-0.11,45.15,0.12,0.22,44.90,-0.03,0.22
14070,44.16,-0.47,45.15,0.12,0.22,44.88,-0.05,0.22
14080,45.33,0.25,45.15,0.12,0.22,44.89,-0.04,0.22
14090,45.78,-0.11,45.15,0.12,0.22,44.92,-0.04,0.22
14100,44.91,-0.05,45.16,0.12,0.22,44.92,-0.04,0.22
14110,45.63,-0.14,45.16,0.11,0.22,44.94,-0.05,0.22
14120,44.60,0.18,45.16,0.11,0.22,44.93,-0.04,0.22
14130,44.61,-0.07,45.15,0.11,0.22,44.92,-0.04,0.22
14140,44.63,0.07,45.15,0.11,0.22,44.91,-0.04,0.22
14150,45.56,-0.15,45.15,0.12,0.22,44.93,-0.04,0.22
14160,44.15,-0.18,45.15,0.11,0.22,44.90,-0.05,0.22
14170,44.44,-0.10,45.15,0.12,0.22,44.89,-0.05,0.22
14180,44.83,-0.05,45.15,0.12,0.22,44.89,-0.05,0.22
14190,44.69,0.34,45.15,0.12,0.22,44.88,-0.03,0.22
14200,45.14,-0.09,45.15,0.12,0.22,44.89,-0.04,0.22
14210,45.07,0.01,45.16,0.12,0.22,44.89,-0.03,0.22
14220,45.17,-0.36,45.16,0.12,0.22,44.90,-0.04,0.22
14230,44.94,-0.27,45.16,0.12,0.22,44.90,-0.05,0.22
14240,44.99,0.14,45.16,0.12,0.22,44.91,-0.05,0.22
14250,45.21,0.20,45.16,0.12,0.23,44.91,-0.04,0.23
14260,44.77,-0.16,45.16,0.12,0.23,44.91,-0.04,0.23
14270,45.20,-0.21,45.16,0.12,0.23,44.92,-0.05,0.23
14280,45.17,0.13,45.16,0.12,0.23,44.93,-0.04,0.23
14290,45.03,-0.10,45.16,0.12,0.23,44.93,-0.05,0.23
14300,44.66,0.18,45.16,0.12,0.23,44.92,-0.04,0.23
14310,44.82,0.41,45.16,0.12,0.23,44.92,-0.03,0.23
14320,45.07,-0.23,45.16,0.12,0.23,44.92,-0.03,0.23
14330,44.82,0.27,45.16,0.12,0.23,44.92,-0.02,0.23
14340,44.64,-0.07,45.16,0.12,0.23,44.91,-0.02,0.23
14350,45.00,0.11,45.16,0.12,0.23,44.91,-0.02,0.23
14360,45.37,-0.13,45.16,0.12,0.23,44.92,-0.02,0.23
14370,45.22,-0.25,45.16,0.12,0.23,44.93,-0.03,0.23
14380,44.97,-0.36,45.16,0.12,0.23,44.93,-0.04,0.23
14390,45.13,-0.21,45.16,0.12,0.23,44.94,-0.05,0.23
14400,45.30,-0.06,45.16,0.12,0.23,44.95,-0.05,0.23
14410,45.58,-0.20,45.16,0.12,0.23,44.97,-0.05,0.23
14420,44.54,0.09,45.16,0.12,0.23,44.96,-0.05,0.23
14430,44.98,-0.60,45.16,0.12,0.23,44.96,-0.06,0.23
14440,45.43,-0.27,45.16,0.12,0.23,44.97,-0.07,0.23
14450,44.51,0.06,45.16,0.12,0.23,44.96,-0.07,0.23
14460,44.85,-0.23,45.16,0.12,0.23,44.96,-0.07,0.23
14470,45.17,0.05,45.16,0.12,0.23,44.96,-0.07,0.23
14480,45.35,-0.12,45.16,0.12,0.23,44.98,-0.07,0.23
14490,45.77,-0.08,45.16,0.12,0.23,45.00,-0.07,0.23
14500,44.95,-0.20,45.16,0.12,0.23,45.00,-0.08,0.23
14510,45.74,-0.05,45.16,0.12,0.23,45.02,-0.08,0.23
14520,44.44,0.34,45.16,0.12,0.23,45.00,-0.06,0.23
14530,44.84,-0.39,45.16,0.12,0.23,45.00,-0.07,0.23
14540,45.09,0.07,45.16,0.12,0.23,45.00,-0.07,0.23
14550,45.42,0.04,45.16,0.12,0.23,45.02,-0.07,0.23
14560,44.85,-0.32,45.16,0.12,0.23,45.01,-0.07,0.23
14570,45.24,-0.42,45.16,0.12,0.23,45.02,-0.08,0.23
14580,43.96,0.38,45.16,0.13,0.23,44.99,-0.07,0.23
14590,45.07,0.03,45.16,0.13,0.23,44.99,-0.07,0.23
14600,44.67,0.15,45.16,0.13,0.23,44.98,-0.06,0.23
14610,45.22,0.45,45.16,0.13,0.23,44.99,-0.04,0.23
14620,45.24,0.10,45.16,0.13,0.23,44.99,-0.04,0.23
14630,44.89,-0.50,45.16,0.13,0.23,44.99,-0.05,0.23
14640,44.87,0.18,45.16,0.13,0.23,44.99,-0.05,0.23
14650,45.10,-0.25,45.16,0.13,0.23,44.99,-0.05,0.23
14660,44.57,-0.32,45.16,0.13,0.23,44.98,-0.06,0.23
14670,45.06,0.24,45.16,0.13,0.23,44.98,-0.05,0.23
14680,45.55,0.45,45.16,0.13,0.23,45.00,-0.04,0.23
14690,44.91,-0.16,45.16,0.13,0.24,45.00,-0.04,0.24
14700,45.48,0.26,45.16,0.13,0.24,45.01,-0.03,0.24
14710,44.96,-0.37,45.16,0.13,0.24,45.01,-0.04,0.24
14720,44.56,0.56,45.16,0.13,0.24,45.00,-0.02,0.24
14730,45.20,0.30,45.16,0.13,0.24,45.01,-0.01,0.24
14740,45.16,0.34,45.16,0.13,0.24,45.01,-0.00,0.24
14750,45.27,-0.20,45.17,0.13,0.24,45.02,-0.01,0.24
14760,44.86,0.28,45.17,0.13,0.24,45.02,0.00,0.24
14770,45.68,0.03,45.17,0.13,0.24,45.04,0.00,0.24
14780,44.97,0.03,45.17,0.13,0.24,45.04,0.00,0.24
14790,45.15,0.28,45.16,0.13,0.24,45.04,0.01,0.24
14800,45.23,0.58,45.17,0.13,0.24,45.05,0.03,0.24
14810,44.53,0.38,45.17,0.13,0.24,45.03,0.04,0.24
14820,45.47,-0.09,45.17,0.13,0.24,45.04,0.04,0.24
14830,45.17,0.19,45.17,0.13,0.24,45.05,0.04,0.24
14840,45.06,0.39,45.17,0.13,0.24,45.05,0.06,0.24
14850,44.91,-0.01,45.17,0.14,0.24,45.05,0.05,0.24
14860,44.91,0.08,45.17,0.14,0.24,45.04,0.06,0.24
14870,45.22,-0.41,45.17,0.14,0.24,45.05,0.04,0.24
14880,45.07,0.16,45.17,0.14,0.24,45.05,0.05,0.24
14890,45.38,0.03,45.17,0.14,0.24,45.06,0.05,0.24
14900,45.52,0.06,45.17,0.14,0.24,45.08,0.05,0.24
14910,45.53,-0.07,45.17,0.14,0.24,45.09,0.05,0.24
14920,45.90,-0.28,45.17,0.14,0.24,45.12,0.04,0.24
14930,44.91,0.39,45.17,0.14,0.24,45.12,0.05,0.24
14940,44.76,0.19,45.17,0.14,0.24,45.11,0.05,0.24
14950,45.11,-0.14,45.17,0.14,0.24,45.11,0.05,0.24
14960,44.95,0.08,45.17,0.14,0.24,45.10,0.05,0.24
14970,44.26,0.14,45.17,0.14,0.25,45.08,0.05,0.25
14980,44.93,-0.09,45.17,0.14,0.25,45.07,0.05,0.25
14990,44.67,-0.31,45.17,0.14,0.25,45.06,0.04,0.25
15000,44.72,-0.63,45.06,0.14,0.25,44.94,0.02,0.25
15010,45.69,-0.13,44.83,0.14,0.25,44.75,0.01,0.25
15020,45.01,-0.43,44.61,0.14,0.24,44.54,0.00,0.24
15030,43.61,-0.50,44.38,0.14,0.25,44.30,-0.01,0.25
15040,43.49,0.18,44.16,0.14,0.25,44.05,-0.01,0.25
15050,43.37,-0.56,43.93,0.14,0.25,43.81,-0.02,0.25
15060,43.32,0.24,43.71,0.14,0.25,43.58,-0.02,0.25
15070,43.65,0.37,43.48,0.14,0.24,43.37,-0.00,0.24
15080,43.49,-0.11,43.26,0.14,0.25,43.15,-0.01,0.25
15090,43.42,-0.23,43.03,0.14,0.24,42.94,-0.01,0.24
15100,42.58,0.87,42.81,0.14,0.25,42.72,0.01,0.25
15110,41.38,0.06,42.59,0.14,0.25,42.46,0.01,0.25
15120,42.45,-0.56,42.36,0.14,0.25,42.24,-0.00,0.25
15130,41.42,-0.94,42.14,0.14,0.25,42.00,-0.03,0.25
15140,42.02,0.92,41.91,0.14,0.25,41.78,-0.00,0.25
15150,40.48,-0.11,41.69,0.14,0.25,41.52,-0.00,0.25
15160,41.86,0.89,41.46,0.14,0.25,41.31,0.02,0.25
15170,41.45,-0.52,41.24,0.14,0.25,41.10,0.01,0.25
15180,42.22,0.06,41.01,0.14,0.25,40.92,0.01,0.25
15190,41.24,-0.80,40.79,0.14,0.25,40.71,-0.02,0.25
15200,41.71,0.14,40.56,0.14,0.25,40.53,-0.01,0.25
15210,40.09,-0.52,40.34,0.14,0.25,40.30,-0.03,0.25
15220,40.52,-0.05,40.11,0.14,0.25,40.09,-0.03,0.25
15230,40.14,-0.56,39.89,0.14,0.25,39.87,-0.04,0.25
15240,40.30,0.43,39.66,0.14,0.25,39.67,-0.03,0.25
15250,39.41,1.30,39.44,0.14,0.25,39.44,0.01,0.25
15260,39.01,-0.18,39.22,0.15,0.25,39.22,0.00,0.25
15270,40.15,-0.28,38.99,0.15,0.25,39.03,-0.00,0.25
15280,38.44,0.03,38.77,0.15,0.25,38.80,-0.00,0.25
15290,38.82,-0.80,38.54,0.15,0.25,38.58,-0.03,0.25
15300,39.11,-0.28,38.32,0.15,0.25,38.38,-0.04,0.25
15310,38.11,0.13,38.09,0.14,0.25,38.16,-0.03,0.25
15320,36.28,-0.20,37.87,0.14,0.25,37.88,-0.04,0.25
15330,37.05,-0.27,37.65,0.14,0.25,37.64,-0.05,0.25
15340,37.21,-0.46,37.42,0.14,0.25,37.41,-0.06,0.25
15350,37.60,0.74,37.20,0.14,0.26,37.20,-0.04,0.26
15360,37.27,0.66,36.97,0.14,0.26,36.98,-0.02,0.26
15370,38.09,-0.12,36.75,0.14,0.26,36.80,-0.02,0.26
15380,36.09,-0.85,36.52,0.14,0.26,36.57,-0.04,0.26
15390,36.18,0.22,36.30,0.14,0.26,36.34,-0.03,0.26
15400,35.65,0.54,36.07,0.15,0.26,36.10,-0.02,0.26
15410,35.84,-0.32,35.85,0.14,0.26,35.88,-0.03,0.26
15420,35.98,-0.44,35.62,0.15,0.26,35.66,-0.04,0.26
15430,35.02,-0.01,35.40,0.15,0.26,35.43,-0.04,0.26
15440,35.18,1.37,35.17,0.15,0.26,35.20,0.01,0.26
15450,34.52,0.26,34.95,0.15,0.26,34.97,0.01,0.26
15460,34.43,0.14,34.72,0.15,0.26,34.73,0.02,0.26
15470,34.97,0.03,34.50,0.15,0.26,34.52,0.02,0.26
15480,33.76,-1.01,34.27,0.15,0.26,34.28,-0.01,0.26
15490,32.52,-0.37,34.05,0.15,0.26,34.01,-0.02,0.26
15500,33.92,-0.95,33.83,0.15,0.26,33.79,-0.05,0.26
15510,33.83,-1.49,33.60,0.15,0.27,33.58,-0.10,0.27
15520,33.06,-0.35,33.38,0.15,0.27,33.35,-0.11,0.27
15530,32.70,0.29,33.15,0.15,0.27,33.11,-0.10,0.27
15540,32.43,-0.14,32.93,0.15,0.27,32.87,-0.10,0.27
15550,32.49,0.12,32.71,0.15,0.27,32.65,-0.09,0.27
15560,32.12,0.51,32.48,0.15,0.27,32.41,-0.07,0.27
15570,31.24,-0.14,32.26,0.15,0.27,32.16,-0.07,0.27
15580,30.32,-0.93,32.03,0.15,0.27,31.89,-0.10,0.27
15590,31.64,0.67,31.81,0.15,0.27,31.66,-0.08,0.27
15600,31.15,-0.80,31.59,0.15,0.27,31.43,-0.10,0.27
15610,32.14,0.37,31.36,0.15,0.27,31.23,-0.09,0.27
15620,30.56,0.66,31.14,0.15,0.27,30.99,-0.07,0.27
15630,30.43,-1.43,30.91,0.15,0.27,30.76,-0.11,0.27
15640,31.08,-0.29,30.68,0.15,0.27,30.55,-0.12,0.27
15650,30.21,-0.33,30.46,0.15,0.27,30.32,-0.12,0.27
15660,31.69,0.30,30.23,0.15,0.27,30.14,-0.11,0.27
15670,29.30,-0.14,30.01,0.15,0.27,29.90,-0.11,0.27
15680,30.70,-0.11,29.79,0.15,0.27,29.71,-0.11,0.27
15690,28.96,0.03,29.56,0.15,0.27,29.47,-0.11,0.27
15700,29.26,0.85,29.34,0.15,0.27,29.24,-0.08,0.27
15710,29.44,-0.06,29.11,0.15,0.27,29.03,-0.08,0.27
15720,29.15,0.74,28.89,0.15,0.27,28.82,-0.06,0.27
15730,29.09,0.63,28.66,0.15,0.27,28.61,-0.04,0.27
15740,28.26,-0.48,28.44,0.15,0.27,28.38,-0.05,0.27
15750,28.60,-0.13,28.21,0.15,0.27,28.17,-0.05,0.27
15760,27.96,-0.22,27.99,0.15,0.28,27.95,-0.06,0.28
15770,28.33,-0.91,27.76,0.15,0.27,27.74,-0.08,0.27
15780,27.49,-0.11,27.54,0.15,0.28,27.51,-0.08,0.28
15790,25.65,-0.27,27.31,0.15,0.28,27.24,-0.09,0.28
15800,26.25,0.14,27.09,0.15,0.28,26.99,-0.08,0.28
15810,26.94,-0.32,26.86,0.15,0.28,26.77,-0.09,0.28
15820,25.42,-0.00,26.64,0.15,0.28,26.51,-0.09,0.28
15830,25.64,-0.45,26.41,0.15,0.28,26.27,-0.10,0.28
15840,25.93,0.09,26.19,0.15,0.28,26.04,-0.10,0.28
15850,25.69,-0.40,25.96,0.15,0.28,25.81,-0.11,0.28
15860,24.84,-0.04,25.74,0.15,0.28,25.56,-0.10,0.28
15870,24.13,-0.04,25.51,0.15,0.28,25.30,-0.10,0.28
15880,24.48,-0.62,25.29,0.15,0.28,25.06,-0.12,0.28
15890,25.74,-0.18,25.06,0.15,0.28,24.86,-0.12,0.28
15900,24.81,-0.07,24.84,0.15,0.28,24.64,-0.12,0.28
15910,24.17,-1.03,24.61,0.15,0.28,24.40,-0.15,0.28
15920,23.13,0.49,24.39,0.15,0.28,24.15,-0.13,0.28
15930,23.87,-0.36,24.16,0.15,0.28,23.92,-0.14,0.28
15940,23.81,-0.24,23.94,0.15,0.28,23.70,-0.15,0.28
15950,23.95,-0.01,23.71,0.15,0.28,23.48,-0.14,0.28
15960,24.68,-0.08,23.49,0.15,0.28,23.30,-0.14,0.28
15970,22.37,-0.51,23.26,0.15,0.28,23.05,-0.16,0.28
15980,22.82,-0.36,23.04,0.15,0.28,22.83,-0.16,0.28
15990,23.12,0.08,22.81,0.15,0.28,22.62,-0.15,0.28
16000,22.41,1.21,22.59,0.15,0.28,22.39,-0.11,0.28
16010,21.28,0.23,22.36,0.15,0.28,22.14,-0.10,0.28
16020,21.54,0.62,22.14,0.15,0.28,21.90,-0.08,0.28
16030,21.97,0.00,21.91,0.15,0.28,21.68,-0.08,0.28
16040,22.30,0.39,21.69,0.15,0.28,21.49,-0.07,0.28
16050,21.28,0.58,21.46,0.15,0.29,21.26,-0.05,0.29
16060,20.14,0.85,21.24,0.15,0.29,21.01,-0.02,0.29
16070,20.55,-0.14,21.02,0.15,0.29,20.78,-0.02,0.29
16080,21.33,0.36,20.79,0.15,0.29,20.57,-0.01,0.29
16090,20.23,-0.91,20.57,0.15,0.29,20.34,-0.04,0.29
16100,20.52,-0.49,20.34,0.15,0.29,20.13,-0.05,0.29
16110,20.14,0.62,20.12,0.15,0.29,19.91,-0.03,0.29
16120,20.46,0.06,19.89,0.15,0.29,19.71,-0.03,0.29
16130,20.25,-0.44,19.67,0.15,0.29,19.51,-0.04,0.29
16140,17.89,0.57,19.45,0.15,0.29,19.24,-0.02,0.29
16150,17.94,-0.05,19.22,0.15,0.29,18.98,-0.02,0.29
16160,18.00,-0.09,19.00,0.15,0.29,18.74,-0.03,0.29
16170,19.57,-0.27,18.77,0.15,0.29,18.54,-0.03,0.29
16180,18.82,0.53,18.55,0.15,0.29,18.33,-0.02,0.29
16190,18.71,0.02,18.32,0.15,0.29,18.13,-0.01,0.29
16200,17.91,-0.32,18.10,0.15,0.29,17.90,-0.02,0.29
16210,17.28,-0.03,17.88,0.15,0.29,17.67,-0.02,0.29
16220,18.12,0.52,17.65,0.15,0.29,17.46,-0.01,0.29
16230,16.00,0.87,17.43,0.15,0.29,17.20,0.02,0.29
16240,16.30,0.62,17.20,0.15,0.29,16.95,0.04,0.29
16250,16.17,0.63,16.98,0.15,0.29,16.71,0.06,0.29
16260,16.91,0.13,16.75,0.15,0.29,16.50,0.06,0.29
16270,16.08,-0.74,16.53,0.15,0.29,16.26,0.04,0.29
16280,16.45,0.00,16.30,0.15,0.30,16.05,0.04,0.30
16290,15.90,-0.56,16.08,0.15,0.29,15.83,0.02,0.29
16300,15.35,-0.24,15.85,0.15,0.29,15.59,0.01,0.29
16310,15.62,1.00,15.63,0.15,0.30,15.37,0.04,0.30
16320,14.98,-0.19,15.40,0.15,0.30,15.14,0.04,0.30
16330,14.17,-0.62,15.18,0.15,0.30,14.90,0.02,0.30
16340,14.63,-0.62,14.95,0.15,0.30,14.67,-0.00,0.30
16350,13.97,0.50,14.73,0.15,0.30,14.43,0.01,0.30
16360,14.26,-1.02,14.51,0.15,0.30,14.20,-0.02,0.30
16370,13.85,-0.56,14.28,0.15,0.30,13.97,-0.03,0.30
16380,15.20,-1.40,14.06,0.15,0.30,13.79,-0.07,0.30
16390,11.81,0.03,13.83,0.15,0.30,13.51,-0.07,0.30
16400,13.35,-0.35,13.61,0.15,0.30,13.29,-0.08,0.30
16410,14.13,-0.89,13.38,0.15,0.30,13.09,-0.10,0.30
16420,12.65,0.09,13.16,0.16,0.30,12.86,-0.10,0.30
16430,13.20,0.19,12.93,0.16,0.30,12.65,-0.09,0.30
16440,12.46,-0.72,12.71,0.15,0.30,12.43,-0.11,0.30
16450,13.75,-0.96,12.48,0.15,0.30,12.25,-0.14,0.30
16460,12.58,-0.06,12.26,0.16,0.30,12.04,-0.14,0.30
16470,11.16,0.77,12.04,0.16,0.30,11.80,-0.11,0.30
16480,11.75,0.65,11.81,0.15,0.30,11.58,-0.09,0.30
16490,10.92,-0.36,11.58,0.15,0.30,11.34,-0.10,0.30
16500,11.92,-0.61,11.36,0.15,0.30,11.14,-0.11,0.30
16510,11.29,0.56,11.13,0.15,0.30,10.92,-0.09,0.30
16520,11.70,0.11,10.91,0.15,0.30,10.73,-0.09,0.30
16530,9.33,0.27,10.69,0.15,0.30,10.47,-0.08,0.30
16540,10.06,-0.11,10.46,0.16,0.30,10.24,-0.08,0.30
16550,9.70,0.04,10.24,0.15,0.30,10.00,-0.08,0.30
16560,10.21,-0.60,10.01,0.15,0.30,9.79,-0.09,0.30
16570,8.47,0.67,9.79,0.16,0.30,9.53,-0.07,0.30
16580,9.85,0.69,9.56,0.16,0.30,9.33,-0.04,0.30
16590,8.88,0.26,9.34,0.16,0.30,9.09,-0.03,0.30
16600,9.11,-0.12,9.12,0.16,0.30,8.88,-0.04,0.30
16610,9.44,-1.20,8.89,0.16,0.30,8.68,-0.07,0.30
16620,9.35,-0.22,8.67,0.16,0.30,8.48,-0.08,0.30
16630,8.64,-0.23,8.44,0.16,0.30,8.26,-0.08,0.30
16640,7.63,-0.09,8.22,0.16,0.30,8.03,-0.08,0.30
16650,8.33,-0.33,8.00,0.16,0.30,7.82,-0.09,0.30
16660,7.79,0.52,7.77,0.16,0.30,7.60,-0.07,0.30
16670,7.67,-0.89,7.55,0.16,0.31,7.39,-0.09,0.31
16680,7.18,0.59,7.32,0.16,0.31,7.16,-0.07,0.31
16690,7.46,0.86,7.10,0.16,0.31,6.96,-0.05,0.31
16700,6.04,-0.87,6.87,0.16,0.31,6.71,-0.07,0.31
16710,8.32,-0.12,6.65,0.16,0.31,6.54,-0.07,0.31
16720,6.54,0.19,6.42,0.16,0.31,6.32,-0.06,0.31
16730,5.56,-0.22,6.20,0.16,0.31,6.08,-0.07,0.31
16740,6.53,0.03,5.98,0.16,0.31,5.88,-0.07,0.31
16750,6.60,0.41,5.75,0.16,0.31,5.69,-0.05,0.31
16760,4.54,0.04,5.53,0.16,0.31,5.44,-0.05,0.31
16770,4.87,0.27,5.30,0.16,0.31,5.20,-0.04,0.31
16780,4.30,0.76,5.08,0.16,0.31,4.96,-0.02,0.31
16790,3.96,-0.29,4.85,0.16,0.31,4.71,-0.02,0.31
16800,4.70,0.24,4.63,0.17,0.31,4.49,-0.01,0.31
16810,4.64,0.87,4.40,0.17,0.31,4.28,0.01,0.31
16820,3.93,-0.34,4.18,0.17,0.31,4.05,0.00,0.31
16830,3.82,-1.20,3.96,0.17,0.31,3.83,-0.03,0.31
16840,3.13,1.04,3.73,0.17,0.31,3.59,0.00,0.31
16850,3.66,0.80,3.51,0.17,0.31,3.37,0.03,0.31
16860,4.23,0.33,3.28,0.17,0.31,3.18,0.04,0.31
16870,1.65,-0.59,3.06,0.17,0.31,2.92,0.02,0.31
16880,0.25,-0.19,2.83,0.17,0.31,2.62,0.01,0.31
16890,3.02,0.79,2.61,0.17,0.31,2.41,0.04,0.31
16900,2.25,-0.42,2.38,0.17,0.31,2.19,0.02,0.31
16910,0.73,-0.76,2.16,0.16,0.31,1.93,-0.00,0.31
16920,1.14,-1.03,1.93,0.16,0.32,1.68,-0.04,0.32
16930,2.18,-1.38,1.71,0.16,0.32,1.48,-0.08,0.32
16940,1.11,0.20,1.48,0.16,0.32,1.25,-0.07,0.32
16950,0.83,0.35,1.26,0.16,0.32,1.02,-0.06,0.32
16960,0.83,-0.72,1.04,0.16,0.32,0.80,-0.08,0.32
16970,0.27,0.07,0.81,0.16,0.32,0.56,-0.07,0.32
16980,-0.20,0.04,0.59,0.16,0.32,0.32,-0.07,0.32
16990,0.28,0.28,0.36,0.16,0.32,0.10,-0.06,0.32
17000,-0.22,0.01,0.25,0.16,0.32,-0.02,-0.06,0.32
17010,0.28,0.23,0.25,0.16,0.32,-0.01,-0.05,0.32
17020,-0.11,0.28,0.25,0.17,0.32,-0.01,-0.04,0.32
17030,0.24,0.09,0.25,0.17,0.32,-0.01,-0.03,0.32
17040,-0.45,0.44,0.25,0.17,0.32,-0.02,-0.02,0.32
17050,0.09,-0.02,0.25,0.17,0.32,-0.02,-0.02,0.32
17060,-0.51,0.05,0.25,0.17,0.32,-0.04,-0.01,0.32
17070,-0.19,-0.06,0.25,0.17,0.32,-0.04,-0.02,0.32
17080,-0.79,-0.01,0.25,0.17,0.32,-0.07,-0.02,0.32
17090,0.11,0.16,0.25,0.17,0.32,-0.06,-0.01,0.32
17100,0.04,0.42,0.25,0.17,0.32,-0.06,0.00,0.32
17110,-0.37,-0.08,0.25,0.17,0.32,-0.07,0.00,0.32
17120,0.24,0.27,0.25,0.17,0.33,-0.06,0.01,0.33
17130,-0.85,0.01,0.25,0.17,0.33,-0.09,0.01,0.33
17140,0.20,-0.40,0.25,0.17,0.33,-0.08,0.00,0.33
17150,-0.02,-0.13,0.25,0.17,0.33,-0.08,-0.00,0.33
17160,0.80,-0.04,0.25,0.17,0.33,-0.05,-0.00,0.33
17170,0.06,-0.20,0.25,0.17,0.33,-0.05,-0.01,0.33
17180,-0.21,0.27,0.25,0.17,0.33,-0.06,0.00,0.33
17190,0.26,-0.05,0.25,0.17,0.33,-0.05,-0.00,0.33
17200,0.10,0.02,0.25,0.17,0.33,-0.04,0.00,0.33
17210,0.38,0.11,0.25,0.17,0.33,-0.03,0.00,0.33
17220,-0.20,0.18,0.25,0.17,0.33,-0.04,0.01,0.33
17230,-0.22,-0.22,0.26,0.17,0.33,-0.04,0.00,0.33
17240,-0.33,-0.05,0.26,0.17,0.33,-0.05,0.00,0.33
17250,0.49,0.31,0.26,0.17,0.33,-0.03,0.01,0.33
17260,0.43,-0.21,0.26,0.18,0.33,-0.02,0.01,0.33
17270,-0.06,-0.25,0.26,0.18,0.33,-0.02,-0.00,0.33
17280,0.17,0.43,0.26,0.18,0.33,-0.02,0.01,0.33
17290,-0.08,0.39,0.26,0.18,0.33,-0.02,0.03,0.33
17300,0.30,-0.19,0.26,0.18,0.33,-0.01,0.02,0.33
17310,0.15,0.30,0.26,0.18,0.33,-0.01,0.03,0.33
17320,-0.06,-0.14,0.26,0.18,0.33,-0.01,0.03,0.33
17330,-0.52,-0.02,0.26,0.18,0.33,-0.02,0.02,0.33
17340,0.21,-0.03,0.26,0.18,0.33,-0.02,0.02,0.33
17350,-0.35,-0.02,0.26,0.18,0.33,-0.03,0.02,0.33
17360,-0.24,-0.54,0.26,0.18,0.33,-0.03,0.00,0.33
17370,-0.41,-0.07,0.26,0.18,0.33,-0.05,0.00,0.33
17380,0.05,0.08,0.26,0.18,0.33,-0.04,0.01,0.33
17390,0.58,0.20,0.26,0.18,0.33,-0.02,0.01,0.33
17400,0.00,0.52,0.26,0.18,0.33,-0.02,0.03,0.33
17410,0.39,-0.08,0.26,0.18,0.33,-0.01,0.02,0.33
17420,-0.06,-0.28,0.26,0.18,0.34,-0.01,0.02,0.34
17430,0.23,0.09,0.26,0.18,0.34,-0.01,0.02,0.34
17440,0.43,-0.06,0.26,0.18,0.34,0.01,0.02,0.34
17450,-0.16,-0.01,0.26,0.18,0.34,0.00,0.02,0.34
17460,-0.29,-0.26,0.26,0.18,0.34,-0.01,0.01,0.34
17470,0.46,0.17,0.26,0.18,0.34,0.00,0.01,0.34
17480,-0.05,-0.27,0.26,0.18,0.34,0.00,0.00,0.34
17490,0.20,0.12,0.26,0.18,0.34,0.01,0.01,0.34
17500,-0.04,-0.05,0.26,0.18,0.34,0.01,0.01,0.34
17510,0.30,0.10,0.26,0.18,0.34,0.02,0.01,0.34
17520,0.16,-0.02,0.26,0.18,0.34,0.02,0.01,0.34
17530,-0.44,-0.04,0.26,0.18,0.34,0.01,0.01,0.34
17540,-0.06,-0.07,0.26,0.18,0.34,0.00,0.01,0.34
17550,0.38,0.73,0.26,0.18,0.34,0.02,0.03,0.34
17560,-0.03,-0.25,0.26,0.18,0.34,0.01,0.02,0.34
17570,0.06,-0.16,0.27,0.18,0.34,0.02,0.02,0.34
17580,0.50,0.15,0.27,0.18,0.34,0.03,0.02,0.34
17590,-0.15,-0.10,0.27,0.18,0.34,0.03,0.02,0.34
17600,0.07,-0.03,0.27,0.18,0.34,0.03,0.02,0.34
17610,-0.21,0.20,0.27,0.18,0.34,0.02,0.02,0.34
17620,0.16,0.11,0.27,0.18,0.34,0.02,0.03,0.34
17630,-0.09,-0.11,0.27,0.19,0.34,0.02,0.02,0.34
17640,0.38,-0.23,0.27,0.19,0.34,0.03,0.02,0.34
17650,-0.31,0.24,0.27,0.19,0.34,0.02,0.02,0.34
17660,-0.10,0.11,0.27,0.19,0.34,0.02,0.03,0.34
17670,-0.26,-0.03,0.27,0.19,0.34,0.01,0.03,0.34
17680,0.30,0.33,0.27,0.19,0.34,0.02,0.04,0.34
17690,-0.60,-0.10,0.27,0.19,0.34,0.00,0.03,0.34
17700,-0.03,0.12,0.27,0.19,0.34,-0.00,0.04,0.34
17710,0.20,-0.38,0.27,0.19,0.35,0.01,0.02,0.35
17720,-0.32,0.44,0.27,0.19,0.35,-0.00,0.03,0.35
17730,0.20,-0.34,0.27,0.19,0.34,0.00,0.02,0.34
17740,-0.32,-0.14,0.27,0.19,0.35,-0.01,0.02,0.35
17750,-0.55,0.00,0.27,0.19,0.35,-0.03,0.02,0.35
17760,-0.82,-0.25,0.27,0.19,0.35,-0.05,0.01,0.35
17770,0.55,0.35,0.27,0.19,0.35,-0.03,0.02,0.35
17780,0.57,-0.60,0.27,0.19,0.35,-0.01,0.00,0.35
17790,-0.10,0.46,0.27,0.19,0.35,-0.02,0.02,0.35
17800,0.89,0.12,0.27,0.19,0.35,0.01,0.02,0.35
17810,-0.12,0.30,0.27,0.19,0.35,0.01,0.03,0.35
17820,0.12,0.05,0.27,0.19,0.35,0.01,0.03,0.35
17830,0.18,-0.02,0.27,0.19,0.35,0.01,0.03,0.35
17840,-0.27,0.13,0.27,0.19,0.35,0.00,0.03,0.35
17850,0.20,0.05,0.27,0.19,0.35,0.01,0.03,0.35
17860,0.66,0.04,0.27,0.19,0.35,0.03,0.03,0.35
17870,-0.22,0.29,0.27,0.19,0.35,0.02,0.04,0.35
17880,0.52,0.63,0.27,0.19,0.35,0.03,0.06,0.35
17890,0.17,-0.14,0.27,0.19,0.35,0.04,0.05,0.35
17900,-0.63,-0.20,0.27,0.19,0.35,0.02,0.05,0.35
17910,0.46,0.08,0.27,0.19,0.35,0.03,0.05,0.35
17920,0.06,0.13,0.27,0.19,0.35,0.03,0.05,0.35
17930,-0.07,-0.07,0.27,0.19,0.35,0.03,0.05,0.35
17940,0.01,-0.24,0.27,0.19,0.35,0.03,0.04,0.35
17950,0.06,0.36,0.27,0.19,0.35,0.03,0.05,0.35
17960,0.29,0.07,0.27,0.19,0.35,0.04,0.05,0.35
17970,0.22,-0.15,0.27,0.19,0.35,0.05,0.05,0.35
17980,0.54,-0.07,0.27,0.19,0.35,0.06,0.04,0.35
17990,-0.16,0.06,0.27,0.19,0.35,0.05,0.04,0.35
18000,-0.59,-0.28,0.27,0.19,0.35,0.04,0.03,0.35
18010,0.17,0.37,0.27,0.19,0.35,0.04,0.05,0.35
18020,-0.34,-0.40,0.28,0.19,0.35,0.03,0.03,0.35
18030,-0.06,-0.38,0.28,0.19,0.35,0.03,0.02,0.35
18040,-0.18,0.22,0.28,0.19,0.35,0.02,0.03,0.35
18050,-0.38,-0.15,0.28,0.19,0.35,0.01,0.02,0.35
18060,0.28,0.32,0.28,0.19,0.35,0.02,0.03,0.35
18070,0.55,-0.71,0.28,0.19,0.35,0.03,0.01,0.35
18080,0.25,0.14,0.28,0.19,0.35,0.04,0.01,0.35
18090,0.33,0.15,0.28,0.19,0.35,0.05,0.02,0.35
18100,-0.27,0.04,0.28,0.19,0.35,0.04,0.02,0.35
18110,0.14,-0.07,0.28,0.19,0.35,0.04,0.02,0.35
18120,0.49,-0.49,0.28,0.20,0.35,0.06,0.00,0.35
18130,-0.71,-0.30,0.28,0.19,0.36,0.04,-0.01,0.36
18140,0.38,-0.30,0.28,0.19,0.36,0.05,-0.02,0.36
18150,-0.26,0.02,0.28,0.19,0.36,0.04,-0.02,0.36
18160,0.19,0.24,0.28,0.20,0.36,0.04,-0.01,0.36
18170,0.04,-0.39,0.28,0.20,0.36,0.04,-0.02,0.36
18180,0.49,0.23,0.28,0.20,0.36,0.06,-0.01,0.36
18190,-0.23,-0.12,0.28,0.20,0.36,0.05,-0.02,0.36
18200,-0.12,-0.30,0.28,0.20,0.36,0.04,-0.02,0.36
18210,0.33,-0.16,0.28,0.20,0.36,0.05,-0.03,0.36
18220,-0.60,0.45,0.28,0.20,0.36,0.03,-0.01,0.36
18230,0.02,0.47,0.28,0.20,0.36,0.03,0.00,0.36
18240,-0.10,-0.09,0.28,0.20,0.36,0.03,-0.00,0.36
18250,0.53,0.24,0.28,0.20,0.36,0.04,0.01,0.36
18260,0.07,-0.11,0.28,0.20,0.36,0.04,0.00,0.36
18270,-0.21,-0.17,0.29,0.20,0.36,0.04,-0.00,0.36
18280,0.29,0.37,0.29,0.20,0.36,0.05,0.01,0.36
18290,0.03,0.08,0.28,0.20,0.36,0.04,0.01,0.36
18300,-0.23,-0.17,0.29,0.20,0.36,0.04,0.01,0.36
18310,-0.57,-0.06,0.29,0.20,0.36,0.02,0.00,0.36
18320,0.11,-0.10,0.29,0.20,0.36,0.02,0.00,0.36
18330,-0.00,-0.50,0.29,0.20,0.36,0.02,-0.01,0.36
18340,0.16,-0.02,0.29,0.21,0.36,0.03,-0.01,0.36
18350,0.21,0.14,0.29,0.20,0.36,0.03,-0.01,0.36
18360,0.45,-0.06,0.29,0.20,0.37,0.05,-0.01,0.37
18370,0.08,-0.56,0.29,0.20,0.36,0.05,-0.03,0.36
18380,-0.35,0.08,0.29,0.21,0.36,0.04,-0.02,0.36
18390,-0.09,0.13,0.29,0.21,0.36,0.03,-0.02,0.36
18400,-0.36,-0.20,0.29,0.21,0.37,0.02,-0.03,0.37
18410,-0.35,-0.08,0.29,0.21,0.36,0.01,-0.03,0.36
18420,0.63,-0.01,0.30,0.21,0.36,0.03,-0.02,0.36
18430,-0.24,-0.47,0.30,0.21,0.37,0.02,-0.04,0.37
18440,-0.43,0.13,0.30,0.21,0.37,0.01,-0.03,0.37
18450,0.12,-0.26,0.30,0.21,0.37,0.01,-0.04,0.37
18460,0.65,0.52,0.30,0.21,0.37,0.03,-0.02,0.37
18470,-0.49,-0.00,0.30,0.21,0.37,0.02,-0.02,0.37
18480,-0.15,0.56,0.30,0.21,0.37,0.01,-0.00,0.37
18490,-0.35,0.03,0.30,0.21,0.37,0.00,-0.00,0.37
18500,0.19,0.22,0.30,0.21,0.37,0.01,0.00,0.37
18510,-0.19,0.85,0.30,0.21,0.37,0.00,0.03,0.37
18520,0.18,0.38,0.30,0.21,0.37,0.01,0.04,0.37
18530,-0.09,-0.51,0.30,0.21,0.37,0.00,0.02,0.37
18540,-0.37,-0.03,0.30,0.21,0.37,-0.01,0.02,0.37
18550,-0.01,0.12,0.30,0.21,0.37,-0.01,0.02,0.37
18560,-0.81,-0.22,0.30,0.21,0.37,-0.04,0.02,0.37
18570,0.19,-0.06,0.30,0.21,0.37,-0.03,0.01,0.37
18580,0.30,0.13,0.30,0.21,0.37,-0.02,0.02,0.37
18590,0.14,-0.13,0.30,0.21,0.37,-0.01,0.01,0.37
18600,-0.26,-0.05,0.30,0.21,0.37,-0.02,0.01,0.37
18610,-0.51,-0.10,0.31,0.21,0.37,-0.04,0.01,0.37
18620,-0.14,-0.06,0.31,0.21,0.37,-0.04,0.01,0.37
18630,0.18,0.10,0.31,0.21,0.37,-0.03,0.01,0.37
18640,0.18,-0.24,0.31,0.21,0.37,-0.03,-0.00,0.37
18650,0.39,0.38,0.31,0.21,0.37,-0.02,0.01,0.37
18660,0.53,-0.28,0.31,0.21,0.38,0.00,0.00,0.38
18670,0.41,-0.06,0.31,0.22,0.38,0.01,0.00,0.38
18680,-0.48,0.04,0.31,0.22,0.38,-0.00,0.00,0.38
18690,-0.80,0.02,0.31,0.22,0.38,-0.03,0.01,0.38
18700,0.40,0.46,0.31,0.22,0.38,-0.01,0.02,0.38
18710,0.22,-0.09,0.31,0.22,0.38,-0.01,0.02,0.38
18720,0.31,-0.08,0.31,0.22,0.38,-0.00,0.01,0.38
18730,-0.41,-0.28,0.31,0.22,0.38,-0.01,0.01,0.38
18740,-0.28,-0.54,0.31,0.22,0.38,-0.02,-0.01,0.38
18750,-0.30,-0.19,0.31,0.22,0.38,-0.03,-0.02,0.38
18760,0.27,-0.20,0.31,0.22,0.38,-0.02,-0.02,0.38
18770,-0.33,-0.33,0.31,0.22,0.38,-0.03,-0.03,0.38
18780,0.19,0.07,0.31,0.22,0.38,-0.02,-0.03,0.38
18790,-0.15,0.19,0.31,0.22,0.38,-0.03,-0.02,0.38
18800,0.22,0.03,0.31,0.22,0.38,-0.02,-0.02,0.38
18810,0.11,-0.15,0.31,0.22,0.38,-0.02,-0.02,0.38
18820,-0.02,0.04,0.31,0.22,0.38,-0.02,-0.02,0.38
18830,-0.72,-0.26,0.31,0.22,0.38,-0.04,-0.03,0.38
18840,0.23,0.14,0.31,0.22,0.38,-0.03,-0.03,0.38
18850,-0.11,0.23,0.31,0.22,0.38,-0.04,-0.02,0.38
18860,-0.10,0.17,0.31,0.22,0.38,-0.04,-0.01,0.38
18870,-0.02,0.12,0.31,0.22,0.38,-0.04,-0.01,0.38
18880,-0.25,-0.11,0.31,0.22,0.38,-0.05,-0.01,0.38
18890,-0.06,-0.12,0.31,0.22,0.39,-0.05,-0.02,0.39
18900,0.09,-0.04,0.31,0.22,0.39,-0.04,-0.02,0.39
18910,0.35,-0.04,0.31,0.22,0.39,-0.03,-0.02,0.39
18920,-0.28,-0.08,0.31,0.22,0.39,-0.04,-0.02,0.39
18930,-0.36,0.43,0.31,0.22,0.39,-0.05,-0.01,0.39
18940,-0.06,-0.05,0.31,0.22,0.39,-0.05,-0.01,0.39
18950,0.19,-0.11,0.31,0.22,0.39,-0.05,-0.01,0.39
18960,0.27,-0.15,0.31,0.22,0.39,-0.04,-0.02,0.39
18970,-0.28,-0.03,0.31,0.22,0.39,-0.04,-0.02,0.39
18980,0.28,0.11,0.31,0.22,0.39,-0.03,-0.02,0.39
18990,0.21,0.20,0.31,0.22,0.39,-0.03,-0.01,0.39
19000,0.01,-0.59,0.31,0.22,0.39,-0.03,-0.03,0.39
19010,0.06,-0.36,0.31,0.22,0.39,-0.02,-0.04,0.39
19020,-0.25,0.41,0.32,0.22,0.39,-0.03,-0.02,0.39
19030,0.14,-0.53,0.32,0.22,0.39,-0.03,-0.04,0.39
19040,0.04,0.11,0.32,0.22,0.39,-0.02,-0.04,0.39
19050,0.02,0.08,0.32,0.22,0.39,-0.02,-0.03,0.39
19060,-0.36,-0.18,0.32,0.22,0.39,-0.03,-0.04,0.39
19070,0.36,0.19,0.32,0.22,0.39,-0.02,-0.03,0.39
19080,-0.62,0.57,0.32,0.22,0.40,-0.04,-0.01,0.40
19090,-0.22,-0.03,0.32,0.22,0.40,-0.04,-0.01,0.40
19100,-0.12,-0.13,0.32,0.22,0.40,-0.05,-0.02,0.40
19110,0.74,0.03,0.32,0.22,0.40,-0.02,-0.02,0.40
19120,-0.08,0.64,0.32,0.22,0.40,-0.02,0.00,0.40
19130,0.34,-0.09,0.32,0.22,0.40,-0.01,0.00,0.40
19140,-0.34,-0.37,0.32,0.22,0.40,-0.02,-0.01,0.40
19150,0.27,-0.32,0.32,0.22,0.40,-0.01,-0.02,0.40
19160,-0.54,-0.56,0.32,0.22,0.40,-0.03,-0.04,0.40
19170,0.06,0.12,0.32,0.22,0.40,-0.03,-0.03,0.40
19180,-0.07,-0.27,0.33,0.22,0.40,-0.03,-0.04,0.40
19190,-0.19,0.14,0.33,0.22,0.40,-0.03,-0.04,0.40
19200,-0.47,-0.26,0.33,0.23,0.40,-0.05,-0.04,0.40
19210,-0.38,-0.21,0.33,0.23,0.40,-0.05,-0.05,0.40
19220,0.20,0.08,0.33,0.23,0.40,-0.05,-0.04,0.40
19230,0.03,-0.09,0.33,0.23,0.41,-0.04,-0.05,0.41
19240,-0.29,-0.50,0.33,0.22,0.41,-0.05,-0.06,0.41
19250,-0.20,0.00,0.33,0.23,0.41,-0.06,-0.06,0.41
19260,0.66,-0.03,0.33,0.23,0.41,-0.04,-0.06,0.41
19270,0.12,-0.15,0.33,0.22,0.41,-0.03,-0.06,0.41
19280,0.27,-0.01,0.33,0.22,0.41,-0.02,-0.06,0.41
19290,0.03,-0.15,0.33,0.23,0.41,-0.02,-0.06,0.41
19300,0.38,-0.22,0.33,0.23,0.41,-0.01,-0.07,0.41
19310,-0.07,0.55,0.33,0.23,0.41,-0.01,-0.05,0.41
19320,-0.26,0.00,0.33,0.22,0.41,-0.02,-0.05,0.41
19330,0.45,0.24,0.33,0.22,0.41,-0.01,-0.04,0.41
19340,0.38,-0.29,0.34,0.22,0.41,0.01,-0.05,0.41
19350,-0.11,-0.04,0.34,0.22,0.41,0.00,-0.05,0.41
19360,-0.97,0.44,0.34,0.22,0.41,-0.03,-0.04,0.41
19370,-0.04,-0.23,0.34,0.22,0.41,-0.03,-0.04,0.41
19380,0.08,-0.22,0.34,0.22,0.41,-0.02,-0.05,0.41
19390,-0.36,0.43,0.34,0.22,0.41,-0.03,-0.04,0.41
19400,-0.10,0.22,0.34,0.22,0.41,-0.03,-0.03,0.41
19410,0.07,-0.08,0.34,0.22,0.41,-0.03,-0.03,0.41
19420,-0.01,-0.01,0.34,0.22,0.41,-0.03,-0.03,0.41
19430,0.68,-0.24,0.34,0.22,0.41,-0.01,-0.04,0.41
19440,-0.15,0.92,0.34,0.23,0.41,-0.01,-0.01,0.41
19450,0.12,-0.26,0.34,0.23,0.41,-0.01,-0.01,0.41
19460,-0.81,0.34,0.34,0.23,0.41,-0.03,-0.00,0.41
19470,0.29,-0.39,0.34,0.23,0.41,-0.03,-0.01,0.41
19480,-0.09,-0.17,0.34,0.23,0.41,-0.03,-0.02,0.41
19490,0.14,-0.36,0.34,0.23,0.41,-0.02,-0.03,0.41
19500,0.27,-0.21,0.34,0.23,0.41,-0.01,-0.03,0.41
19510,0.75,-0.07,0.34,0.23,0.41,0.01,-0.04,0.41
19520,-0.07,0.04,0.34,0.23,0.41,0.00,-0.03,0.41
19530,0.28,-0.18,0.34,0.23,0.41,0.01,-0.04,0.41
19540,0.31,0.25,0.34,0.23,0.41,0.02,-0.03,0.41
19550,-0.35,-0.03,0.34,0.23,0.41,0.01,-0.03,0.41
19560,-0.11,0.02,0.34,0.23,0.41,0.01,-0.03,0.41
19570,-0.25,0.19,0.34,0.23,0.41,0.00,-0.02,0.41
19580,0.53,0.17,0.34,0.23,0.42,0.02,-0.02,0.42
19590,0.08,0.28,0.35,0.23,0.42,0.02,-0.01,0.42
19600,-0.31,-0.49,0.35,0.23,0.42,0.01,-0.02,0.42
19610,-0.00,-0.43,0.35,0.23,0.42,0.01,-0.03,0.42
19620,-0.14,-0.09,0.35,0.23,0.42,0.01,-0.04,0.42
19630,0.11,-0.09,0.35,0.23,0.42,0.01,-0.04,0.42
19640,0.64,-0.06,0.35,0.23,0.42,0.03,-0.04,0.42
19650,-0.48,0.25,0.35,0.23,0.42,0.01,-0.03,0.42
19660,0.26,0.47,0.35,0.23,0.42,0.02,-0.02,0.42
19670,-0.44,-0.23,0.35,0.23,0.42,0.01,-0.02,0.42
19680,-0.52,0.02,0.35,0.23,0.42,-0.01,-0.02,0.42
19690,0.23,-0.06,0.35,0.23,0.42,-0.00,-0.02,0.42
19700,0.30,0.02,0.35,0.23,0.42,0.00,-0.02,0.42
19710,-0.07,0.60,0.35,0.23,0.42,0.00,-0.01,0.42
19720,-0.17,0.78,0.35,0.23,0.42,-0.00,0.02,0.42
19730,-0.01,-0.08,0.35,0.23,0.42,-0.01,0.02,0.42
19740,-0.33,0.36,0.35,0.23,0.42,-0.02,0.03,0.42
19750,-0.28,0.02,0.35,0.23,0.42,-0.02,0.03,0.42
19760,-0.21,-0.22,0.34,0.23,0.42,-0.03,0.02,0.42
19770,-0.37,0.05,0.34,0.23,0.42,-0.04,0.02,0.42
19780,0.31,-0.07,0.34,0.23,0.42,-0.03,0.02,0.42
19790,0.19,0.07,0.34,0.23,0.43,-0.03,0.03,0.43
19800,-0.58,0.07,0.35,0.23,0.43,-0.04,0.03,0.43
19810,-0.26,0.14,0.35,0.23,0.43,-0.05,0.03,0.43
19820,-0.11,0.05,0.35,0.23,0.43,-0.05,0.03,0.43
19830,-0.11,0.03,0.35,0.24,0.43,-0.06,0.03,0.43
19840,-0.23,0.39,0.34,0.24,0.43,-0.06,0.05,0.43
19850,-0.10,-0.00,0.35,0.24,0.43,-0.06,0.05,0.43
19860,0.34,0.44,0.35,0.24,0.43,-0.05,0.06,0.43
19870,-0.24,-0.09,0.35,0.24,0.43,-0.06,0.06,0.43
19880,-0.23,0.22,0.35,0.24,0.43,-0.06,0.06,0.43
19890,0.52,0.34,0.35,0.24,0.43,-0.05,0.07,0.43
19900,-0.36,-0.14,0.35,0.24,0.43,-0.06,0.06,0.43
19910,-0.07,0.27,0.35,0.24,0.43,-0.06,0.07,0.43
19920,0.54,0.23,0.35,0.24,0.43,-0.04,0.08,0.43
19930,0.47,-0.10,0.35,0.24,0.43,-0.02,0.07,0.43
19940,-0.00,0.44,0.35,0.24,0.43,-0.02,0.09,0.43
19950,-0.03,-0.49,0.35,0.24,0.43,-0.02,0.07,0.43
19960,-0.10,0.06,0.35,0.24,0.43,-0.03,0.07,0.43
19970,0.14,-0.01,0.35,0.24,0.43,-0.02,0.07,0.43
19980,-0.30,0.41,0.35,0.24,0.43,-0.03,0.08,0.43
19990,-0.79,-0.30,0.35,0.24,0.43,-0.05,0.07,0.43
20000,0.96,-0.26,0.35,0.32,0.43,-0.02,0.13,0.43
20010,0.36,0.75,0.35,0.47,0.43,-0.01,0.30,0.43
20020,-1.34,-0.06,0.35,0.62,0.43,-0.05,0.43,0.43
20030,0.15,0.16,0.35,0.77,0.43,-0.05,0.57,0.43
20040,0.12,0.58,0.35,0.92,0.44,-0.04,0.72,0.44
20050,-0.67,1.20,0.35,1.07,0.44,-0.06,0.88,0.44
20060,0.94,1.16,0.35,1.22,0.44,-0.03,1.03,0.44
20070,0.14,0.13,0.35,1.37,0.44,-0.03,1.15,0.44
20080,0.22,1.67,0.35,1.52,0.44,-0.02,1.31,0.44
20090,-0.22,1.33,0.35,1.67,0.44,-0.03,1.46,0.44
20100,0.10,1.50,0.35,1.82,0.44,-0.02,1.60,0.44
20110,0.14,1.71,0.35,1.97,0.44,-0.02,1.75,0.44
20120,0.02,2.19,0.35,2.12,0.44,-0.02,1.91,0.44
20130,0.16,1.95,0.35,2.27,0.44,-0.01,2.06,0.44
20140,-0.81,2.91,0.35,2.42,0.44,-0.03,2.23,0.44
20150,-0.37,2.07,0.35,2.57,0.44,-0.04,2.37,0.44
20160,-0.22,1.88,0.36,2.72,0.44,-0.05,2.50,0.44
20170,-0.78,2.49,0.36,2.87,0.44,-0.07,2.65,0.44
20180,0.12,3.46,0.36,3.02,0.44,-0.06,2.82,0.44
20190,-0.30,3.57,0.36,3.17,0.44,-0.07,2.99,0.44
20200,0.52,3.36,0.36,3.32,0.44,-0.05,3.14,0.44
20210,0.73,3.48,0.36,3.47,0.44,-0.03,3.30,0.44
20220,0.37,2.95,0.36,3.62,0.44,-0.02,3.44,0.44
20230,0.57,3.83,0.36,3.77,0.44,0.00,3.59,0.44
20240,0.79,3.70,0.36,3.92,0.44,0.03,3.74,0.44
20250,-0.58,3.09,0.36,4.07,0.45,0.01,3.87,0.45
20260,-0.56,4.10,0.36,4.22,0.45,-0.01,4.02,0.45
20270,0.10,3.48,0.36,4.37,0.45,-0.01,4.15,0.45
20280,0.60,4.00,0.36,4.52,0.45,0.01,4.29,0.45
20290,-0.04,3.78,0.37,4.67,0.45,0.01,4.42,0.45
20300,1.04,4.58,0.37,4.82,0.45,0.04,4.57,0.45
20310,0.73,4.41,0.37,4.97,0.45,0.07,4.71,0.45
20320,-0.55,4.11,0.37,5.12,0.45,0.05,4.83,0.45
20330,0.53,4.79,0.37,5.27,0.45,0.06,4.98,0.45
20340,-0.61,5.29,0.37,5.42,0.45,0.05,5.13,0.45
20350,-0.34,6.28,0.37,5.57,0.45,0.04,5.31,0.45
20360,-0.08,5.56,0.37,5.72,0.45,0.03,5.47,0.45
20370,1.16,6.01,0.37,5.87,0.45,0.07,5.63,0.45
20380,0.27,5.77,0.37,6.02,0.45,0.08,5.78,0.45
20390,-0.59,6.57,0.38,6.18,0.45,0.06,5.95,0.45
20400,-0.03,6.36,0.37,6.32,0.45,0.05,6.11,0.45
20410,0.74,5.80,0.37,6.48,0.45,0.08,6.24,0.45
20420,-0.43,6.28,0.37,6.63,0.46,0.06,6.39,0.46
20430,-0.54,5.85,0.37,6.78,0.46,0.04,6.52,0.46
20440,0.13,6.19,0.37,6.93,0.45,0.04,6.66,0.45
20450,0.29,6.55,0.37,7.08,0.46,0.05,6.80,0.46
20460,0.11,6.84,0.37,7.23,0.46,0.05,6.95,0.46
20470,-0.07,6.43,0.37,7.38,0.46,0.05,7.07,0.46
20480,0.07,7.09,0.37,7.53,0.46,0.05,7.22,0.46
20490,-0.00,8.32,0.37,7.68,0.46,0.05,7.40,0.46
20500,-0.66,7.23,0.37,7.83,0.46,0.03,7.54,0.46
20510,-0.58,8.15,0.37,7.98,0.46,0.01,7.70,0.46
20520,-0.13,8.68,0.37,8.13,0.46,0.01,7.88,0.46
20530,1.00,7.62,0.38,8.28,0.46,0.04,8.01,0.46
20540,0.05,8.86,0.38,8.43,0.46,0.04,8.19,0.46
20550,0.56,8.83,0.38,8.58,0.46,0.05,8.35,0.46
20560,-0.66,8.70,0.38,8.73,0.46,0.03,8.51,0.46
20570,-0.24,8.03,0.38,8.88,0.46,0.03,8.64,0.46
20580,-0.12,9.09,0.38,9.03,0.46,0.02,8.80,0.46
20590,-0.08,8.31,0.38,9.18,0.46,0.02,8.93,0.46
20600,0.29,9.02,0.38,9.33,0.46,0.03,9.08,0.46
20610,-0.41,9.24,0.38,9.48,0.46,0.01,9.23,0.46
20620,0.31,9.28,0.38,9.63,0.46,0.02,9.37,0.46
20630,-0.31,8.96,0.38,9.78,0.46,0.01,9.51,0.46
20640,1.00,9.00,0.38,9.93,0.46,0.04,9.64,0.46
20650,-0.01,9.72,0.38,10.08,0.47,0.04,9.78,0.47
20660,-1.05,10.17,0.38,10.23,0.47,0.01,9.94,0.47
20670,0.28,10.15,0.38,10.38,0.47,0.02,10.09,0.47
20680,0.62,9.82,0.38,10.53,0.47,0.03,10.23,0.47
20690,0.43,9.73,0.38,10.69,0.47,0.05,10.36,0.47
20700,-0.16,10.91,0.38,10.84,0.47,0.04,10.52,0.47
20710,-0.54,10.28,0.38,10.99,0.47,0.02,10.66,0.47
20720,0.67,11.47,0.38,11.13,0.47,0.04,10.83,0.47
20730,0.68,10.38,0.38,11.28,0.47,0.06,10.96,0.47
20740,0.34,11.35,0.38,11.43,0.47,0.07,11.11,0.47
20750,1.27,12.03,0.38,11.59,0.47,0.11,11.29,0.47
20760,0.25,11.65,0.38,11.74,0.47,0.11,11.44,0.47
20770,0.22,12.11,0.38,11.89,0.47,0.12,11.61,0.47
20780,0.07,11.61,0.38,12.04,0.47,0.12,11.76,0.47
20790,-0.41,10.98,0.38,12.19,0.47,0.10,11.88,0.47
20800,-0.31,11.13,0.38,12.34,0.47,0.09,12.00,0.47
20810,1.16,12.91,0.38,12.49,0.47,0.12,12.17,0.47
20820,0.91,12.69,0.38,12.64,0.47,0.15,12.33,0.47
20830,-0.02,12.07,0.38,12.79,0.47,0.14,12.47,0.47
20840,-0.53,13.57,0.38,12.94,0.47,0.12,12.65,0.47
20850,-0.49,13.12,0.38,13.09,0.47,0.10,12.81,0.47
20860,-0.05,12.86,0.38,13.24,0.47,0.10,12.96,0.47
20870,-0.31,13.02,0.38,13.39,0.47,0.09,13.10,0.47
20880,-0.08,13.50,0.38,13.54,0.47,0.09,13.26,0.47
20890,-0.76,13.52,0.38,13.69,0.47,0.06,13.41,0.47
20900,0.26,13.94,0.38,13.84,0.47,0.07,13.58,0.47
20910,-0.42,12.97,0.38,13.99,0.48,0.05,13.70,0.48
20920,0.06,14.19,0.38,14.14,0.48,0.05,13.86,0.48
20930,0.34,13.74,0.38,14.30,0.48,0.06,14.01,0.48
20940,0.01,13.72,0.38,14.45,0.48,0.06,14.14,0.48
20950,-0.25,13.85,0.38,14.60,0.48,0.05,14.28,0.48
20960,-0.28,13.63,0.38,14.75,0.48,0.04,14.40,0.48
20970,0.04,14.59,0.38,14.90,0.48,0.04,14.55,0.48
20980,0.04,14.54,0.38,15.05,0.48,0.04,14.70,0.48
20990,0.53,14.41,0.38,15.20,0.48,0.06,14.83,0.48
21000,-0.07,14.58,0.39,15.35,0.48,0.06,14.97,0.48
21010,0.41,15.31,0.39,15.49,0.48,0.07,15.12,0.48
21020,-0.40,15.03,0.39,15.65,0.48,0.05,15.26,0.48
21030,-1.03,16.06,0.39,15.80,0.48,0.02,15.44,0.48
21040,-0.80,15.38,0.39,15.95,0.48,-0.01,15.58,0.48
21050,0.32,14.85,0.39,16.10,0.48,0.00,15.70,0.48
21060,0.44,15.68,0.39,16.25,0.48,0.02,15.85,0.48
21070,-0.06,17.15,0.39,16.40,0.48,0.02,16.03,0.48
21080,-0.34,16.23,0.39,16.55,0.48,0.00,16.18,0.48
21090,-0.44,16.32,0.39,16.70,0.48,-0.01,16.33,0.48
21100,0.65,17.06,0.39,16.85,0.48,0.01,16.50,0.48
21110,0.42,16.69,0.39,17.00,0.48,0.02,16.65,0.48
21120,-0.26,16.64,0.39,17.15,0.48,0.01,16.79,0.48
21130,0.75,16.79,0.39,17.30,0.48,0.04,16.94,0.48
21140,-0.06,17.41,0.39,17.45,0.48,0.03,17.10,0.48
21150,0.09,18.27,0.39,17.60,0.48,0.04,17.28,0.48
21160,0.60,17.08,0.39,17.75,0.48,0.05,17.42,0.48
21170,0.01,17.14,0.39,17.90,0.49,0.05,17.55,0.49
21180,0.58,17.63,0.39,18.06,0.49,0.07,17.70,0.49
21190,-0.32,17.43,0.40,18.21,0.49,0.06,17.84,0.49
21200,0.57,18.82,0.40,18.36,0.49,0.08,18.01,0.49
21210,0.63,17.41,0.40,18.51,0.49,0.09,18.14,0.49
21220,0.05,17.95,0.40,18.66,0.49,0.09,18.28,0.49
21230,0.42,18.01,0.40,18.81,0.49,0.10,18.42,0.49
21240,0.03,17.77,0.40,18.96,0.49,0.10,18.54,0.49
21250,-0.42,18.61,0.40,19.11,0.49,0.08,18.69,0.49
21260,0.24,19.01,0.40,19.26,0.49,0.09,18.84,0.49
21270,-0.35,19.05,0.40,19.41,0.49,0.08,18.99,0.49
21280,0.59,19.32,0.40,19.56,0.49,0.09,19.15,0.49
21290,0.08,18.90,0.40,19.71,0.49,0.09,19.28,0.49
21300,-0.36,20.51,0.40,19.86,0.49,0.08,19.46,0.49
21310,-0.37,19.50,0.40,20.01,0.49,0.07,19.61,0.49
21320,-0.70,19.31,0.40,20.16,0.49,0.04,19.75,0.49
21330,0.32,20.62,0.40,20.31,0.49,0.05,19.92,0.49
21340,-1.08,19.97,0.40,20.46,0.49,0.02,20.06,0.49
21350,0.18,20.65,0.40,20.61,0.49,0.02,20.23,0.49
21360,-0.51,20.30,0.40,20.76,0.49,0.01,20.37,0.49
21370,0.45,20.24,0.40,20.91,0.49,0.02,20.51,0.49
21380,-0.17,21.55,0.40,21.06,0.49,0.01,20.69,0.49
21390,0.77,20.56,0.40,21.21,0.49,0.04,20.83,0.49
21400,0.30,21.13,0.40,21.36,0.49,0.05,20.98,0.49
21410,0.27,21.33,0.40,21.51,0.49,0.05,21.14,0.49
21420,0.11,20.68,0.40,21.66,0.49,0.05,21.27,0.49
21430,-0.63,21.17,0.40,21.81,0.49,0.03,21.41,0.49
21440,0.88,22.06,0.40,21.96,0.49,0.06,21.58,0.49
21450,-0.37,21.87,0.40,22.11,0.49,0.05,21.73,0.49
21460,-0.26,21.54,0.40,22.26,0.49,0.04,21.87,0.49
21470,-0.21,21.65,0.40,22.41,0.49,0.03,22.01,0.49
21480,-1.19,22.01,0.41,22.56,0.50,-0.01,22.15,0.50
21490,-0.37,22.14,0.40,22.71,0.50,-0.02,22.29,0.50
21500,0.22,21.81,0.40,22.86,0.50,-0.01,22.42,0.50
21510,0.11,22.30,0.40,23.01,0.50,-0.01,22.56,0.50
21520,0.17,23.38,0.41,23.16,0.50,-0.00,22.73,0.50
21530,0.25,22.95,0.41,23.31,0.50,0.00,22.88,0.50
21540,0.50,23.11,0.41,23.46,0.50,0.02,23.03,0.50
21550,1.32,23.15,0.41,23.61,0.50,0.06,23.18,0.50
21560,0.87,23.60,0.41,23.76,0.50,0.08,23.34,0.50
21570,-0.20,24.25,0.41,23.91,0.50,0.08,23.51,0.50
21580,-0.66,23.73,0.41,24.06,0.50,0.05,23.67,0.50
21590,-0.15,24.82,0.41,24.21,0.50,0.05,23.85,0.50
21600,0.21,23.82,0.41,24.37,0.50,0.05,23.99,0.50
21610,0.29,24.35,0.41,24.51,0.50,0.06,24.15,0.50
21620,0.28,24.90,0.41,24.66,0.50,0.07,24.31,0.50
21630,-0.41,24.19,0.41,24.81,0.50,0.05,24.45,0.50
21640,-1.38,24.49,0.41,24.96,0.50,0.01,24.60,0.50
21650,-0.19,25.00,0.41,25.11,0.50,0.00,24.76,0.50
21660,-0.44,25.03,0.41,25.27,0.51,-0.01,24.91,0.51
21670,0.86,25.07,0.41,25.42,0.51,0.01,25.06,0.51
21680,-0.41,25.71,0.41,25.57,0.51,0.00,25.23,0.51
21690,0.07,25.99,0.41,25.72,0.51,0.00,25.40,0.51
21700,0.97,25.33,0.41,25.87,0.51,0.03,25.54,0.51
21710,0.17,25.59,0.41,26.02,0.51,0.04,25.69,0.51
21720,0.31,25.62,0.41,26.17,0.51,0.04,25.83,0.51
21730,0.30,26.06,0.41,26.32,0.51,0.05,25.98,0.51
21740,0.46,27.00,0.41,26.47,0.51,0.07,26.16,0.51
21750,-0.43,25.64,0.41,26.62,0.51,0.05,26.29,0.51
21760,-0.78,26.60,0.41,26.77,0.51,0.03,26.44,0.51
21770,-0.50,26.24,0.41,26.92,0.51,0.01,26.58,0.51
21780,0.39,25.93,0.41,27.07,0.51,0.02,26.71,0.51
21790,-0.03,26.91,0.42,27.22,0.51,0.02,26.86,0.51
21800,-0.14,27.02,0.42,27.37,0.51,0.02,27.01,0.51
21810,0.29,26.77,0.42,27.52,0.51,0.02,27.15,0.51
21820,0.89,27.45,0.42,27.67,0.51,0.05,27.30,0.51
21830,0.03,27.11,0.42,27.82,0.52,0.05,27.44,0.52
21840,-0.23,28.09,0.42,27.97,0.52,0.04,27.61,0.52
21850,-0.60,27.31,0.42,28.12,0.52,0.02,27.74,0.52
21860,-0.01,28.35,0.42,28.27,0.52,0.02,27.91,0.52
21870,1.47,28.62,0.42,28.42,0.52,0.06,28.08,0.52
21880,-0.88,28.58,0.42,28.57,0.52,0.04,28.24,0.52
21890,0.12,29.21,0.42,28.73,0.52,0.04,28.41,0.52
21900,0.50,29.69,0.42,28.88,0.52,0.05,28.60,0.52
21910,1.28,29.04,0.42,29.03,0.52,0.09,28.76,0.52
21920,-0.34,28.87,0.42,29.18,0.52,0.08,28.91,0.52
21930,-0.33,29.25,0.42,29.33,0.52,0.07,29.07,0.52
21940,0.03,29.81,0.42,29.48,0.52,0.07,29.23,0.52
21950,0.08,28.55,0.42,29.63,0.52,0.07,29.36,0.52
21960,-0.54,28.63,0.42,29.77,0.52,0.05,29.48,0.52
21970,0.17,29.57,0.42,29.93,0.52,0.05,29.63,0.52
21980,0.40,29.02,0.42,30.08,0.52,0.06,29.76,0.52
21990,0.29,29.81,0.42,30.23,0.52,0.07,29.91,0.52
22000,0.05,29.64,0.42,30.30,0.52,0.07,29.97,0.52
22010,-0.37,30.35,0.42,30.30,0.52,0.05,29.98,0.52
22020,0.09,30.29,0.42,30.30,0.52,0.05,29.99,0.52
22030,0.13,29.61,0.42,30.31,0.52,0.06,29.98,0.52
22040,-0.18,30.08,0.42,30.31,0.52,0.05,29.99,0.52
22050,0.03,29.95,0.42,30.31,0.52,0.05,29.99,0.52
22060,0.31,30.02,0.42,30.31,0.52,0.06,29.99,0.52
22070,0.11,30.27,0.42,30.31,0.52,0.06,30.00,0.52
22080,-0.03,30.40,0.42,30.31,0.52,0.06,30.01,0.52
22090,0.10,29.75,0.42,30.31,0.52,0.06,30.00,0.52
22100,0.22,29.23,0.42,30.31,0.52,0.06,29.98,0.52
22110,-0.18,29.66,0.42,30.31,0.52,0.06,29.97,0.52
22120,0.22,29.58,0.42,30.31,0.52,0.06,29.96,0.52
22130,0.17,29.73,0.42,30.31,0.52,0.06,29.95,0.52
22140,-0.00,30.25,0.42,30.31,0.52,0.06,29.96,0.52
22150,-0.06,29.97,0.42,30.31,0.53,0.06,29.96,0.53
22160,-0.27,29.85,0.42,30.31,0.53,0.05,29.96,0.53
22170,0.15,30.37,0.43,30.31,0.53,0.05,29.97,0.53
22180,-0.14,30.74,0.43,30.31,0.53,0.05,29.99,0.53
22190,-0.59,29.96,0.43,30.31,0.53,0.03,29.99,0.53
22200,-0.14,30.11,0.43,30.31,0.53,0.02,30.00,0.53
22210,-0.23,30.11,0.43,30.31,0.53,0.02,30.00,0.53
22220,-0.07,30.03,0.43,30.31,0.53,0.01,30.00,0.53
22230,-0.59,30.15,0.43,30.31,0.53,-0.01,30.01,0.53
22240,-0.02,30.24,0.43,30.31,0.53,-0.01,30.01,0.53
22250,0.63,29.78,0.43,30.31,0.53,0.01,30.01,0.53
22260,-0.01,29.51,0.43,30.31,0.53,0.01,29.99,0.53
22270,-0.47,29.90,0.43,30.31,0.53,-0.00,29.99,0.53
22280,-0.16,30.08,0.43,30.32,0.53,-0.01,30.00,0.53
22290,-0.05,30.01,0.43,30.32,0.53,-0.01,30.00,0.53
22300,-0.13,30.43,0.43,30.32,0.53,-0.01,30.01,0.53
22310,-0.23,29.51,0.43,30.32,0.53,-0.02,29.99,0.53
22320,-0.22,30.25,0.43,30.32,0.53,-0.03,30.00,0.53
22330,0.52,29.90,0.43,30.32,0.53,-0.01,30.00,0.53
22340,0.48,29.92,0.43,30.32,0.53,0.00,30.00,0.53
22350,0.98,29.84,0.43,30.32,0.53,0.03,29.99,0.53
22360,0.48,30.07,0.43,30.32,0.53,0.05,30.00,0.53
22370,0.48,30.75,0.43,30.32,0.53,0.06,30.02,0.53
22380,0.08,30.63,0.43,30.32,0.53,0.06,30.04,0.53
22390,-0.13,30.17,0.44,30.32,0.53,0.06,30.04,0.53
22400,0.33,30.41,0.44,30.32,0.53,0.07,30.06,0.53
22410,0.32,29.67,0.44,30.32,0.54,0.08,30.04,0.54
22420,0.57,30.36,0.44,30.32,0.54,0.09,30.05,0.54
22430,0.39,29.57,0.44,30.32,0.54,0.10,30.04,0.54
22440,0.18,29.73,0.44,30.32,0.54,0.11,30.03,0.54
22450,0.42,29.84,0.44,30.32,0.54,0.12,30.03,0.54
22460,-0.38,30.27,0.44,30.32,0.54,0.10,30.03,0.54
22470,-0.37,30.25,0.44,30.32,0.54,0.09,30.04,0.54
22480,-0.09,29.33,0.45,30.32,0.54,0.09,30.02,0.54
22490,-0.17,30.23,0.45,30.32,0.54,0.08,30.03,0.54
22500,-0.25,29.71,0.45,30.32,0.54,0.07,30.02,0.54
22510,0.29,30.12,0.45,30.32,0.54,0.08,30.02,0.54
22520,-0.13,30.21,0.45,30.32,0.54,0.07,30.03,0.54
22530,0.06,29.32,0.45,30.33,0.54,0.07,30.01,0.54
22540,-0.17,30.00,0.45,30.33,0.54,0.06,30.01,0.54
22550,-0.10,29.30,0.45,30.33,0.54,0.06,29.99,0.54
22560,-0.31,29.50,0.45,30.33,0.54,0.05,29.97,0.54
22570,0.16,29.97,0.45,30.33,0.54,0.05,29.97,0.54
22580,-0.26,29.72,0.45,30.33,0.54,0.04,29.97,0.54
22590,-0.29,29.58,0.45,30.33,0.54,0.03,29.95,0.54
22600,-0.09,29.67,0.45,30.33,0.54,0.03,29.94,0.54
22610,0.14,29.96,0.46,30.33,0.54,0.04,29.94,0.54
22620,0.18,30.25,0.46,30.33,0.54,0.04,29.95,0.54
22630,-0.23,30.33,0.46,30.33,0.54,0.03,29.97,0.54
22640,-0.26,30.01,0.46,30.33,0.54,0.02,29.97,0.54
22650,0.21,29.89,0.46,30.33,0.54,0.03,29.97,0.54
22660,0.17,30.19,0.46,30.33,0.54,0.03,29.97,0.54
22670,0.22,30.15,0.46,30.33,0.54,0.04,29.98,0.54
22680,-0.27,30.09,0.46,30.33,0.54,0.03,29.98,0.54
22690,0.23,29.70,0.46,30.33,0.55,0.03,29.97,0.55
22700,-0.15,30.35,0.46,30.33,0.55,0.03,29.98,0.55
22710,-1.17,29.68,0.46,30.34,0.55,-0.01,29.98,0.55
22720,0.38,30.45,0.46,30.34,0.55,0.00,29.99,0.55
22730,-0.30,30.17,0.46,30.34,0.55,-0.01,30.00,0.55
22740,0.84,30.06,0.46,30.34,0.55,0.02,30.00,0.55
22750,0.28,30.09,0.46,30.34,0.55,0.03,30.00,0.55
22760,-0.75,30.16,0.46,30.34,0.55,0.00,30.01,0.55
22770,-0.50,29.80,0.46,30.34,0.55,-0.01,30.00,0.55
22780,-0.13,30.08,0.46,30.34,0.55,-0.02,30.00,0.55
22790,-0.14,29.97,0.46,30.34,0.55,-0.02,30.00,0.55
22800,-0.24,29.91,0.46,30.34,0.55,-0.03,30.00,0.55
22810,-0.47,30.01,0.46,30.34,0.55,-0.04,30.00,0.55
22820,-0.34,29.78,0.46,30.34,0.55,-0.05,30.00,0.55
22830,-0.11,30.28,0.46,30.34,0.55,-0.06,30.00,0.55
22840,-0.40,29.81,0.46,30.34,0.55,-0.07,30.00,0.55
22850,-0.30,29.88,0.46,30.34,0.56,-0.08,30.00,0.56
22860,0.14,30.33,0.46,30.35,0.56,-0.07,30.01,0.56
22870,-0.19,30.09,0.46,30.35,0.56,-0.08,30.01,0.56
22880,0.22,30.48,0.46,30.35,0.56,-0.07,30.02,0.56
22890,0.00,29.74,0.46,30.35,0.56,-0.07,30.02,0.56
22900,-0.86,29.94,0.46,30.35,0.56,-0.09,30.02,0.56
22910,0.28,29.78,0.46,30.35,0.56,-0.08,30.01,0.56
22920,0.38,29.89,0.46,30.35,0.56,-0.07,30.01,0.56
22930,0.04,30.27,0.46,30.35,0.56,-0.07,30.01,0.56
22940,-0.47,30.14,0.46,30.35,0.56,-0.08,30.02,0.56
22950,-0.58,30.08,0.47,30.35,0.56,-0.10,30.02,0.56
22960,0.24,30.14,0.47,30.35,0.56,-0.09,30.02,0.56
22970,0.17,30.05,0.46,30.35,0.56,-0.08,30.02,0.56
22980,0.48,30.59,0.47,30.35,0.56,-0.07,30.04,0.56
22990,-0.59,29.92,0.47,30.35,0.56,-0.08,30.04,0.56
23000,-0.06,30.15,0.47,30.35,0.57,-0.08,30.04,0.57
23010,-0.38,29.75,0.47,30.35,0.57,-0.09,30.03,0.57
23020,-0.76,30.42,0.47,30.35,0.57,-0.12,30.04,0.57
23030,-0.09,30.43,0.47,30.35,0.57,-0.12,30.06,0.57
23040,-0.09,30.26,0.47,30.35,0.57,-0.12,30.07,0.57
23050,0.40,30.06,0.47,30.35,0.57,-0.10,30.06,0.57
23060,0.20,30.13,0.47,30.35,0.57,-0.09,30.07,0.57
23070,-0.39,30.08,0.47,30.35,0.57,-0.10,30.07,0.57
23080,0.34,29.82,0.47,30.35,0.57,-0.09,30.06,0.57
23090,0.11,29.86,0.47,30.35,0.57,-0.09,30.06,0.57
23100,0.14,30.10,0.47,30.35,0.57,-0.08,30.06,0.57
23110,-0.36,30.09,0.47,30.35,0.57,-0.09,30.06,0.57
23120,0.22,30.11,0.47,30.35,0.57,-0.08,30.06,0.57
23130,0.43,29.98,0.47,30.35,0.57,-0.07,30.06,0.57
23140,0.12,29.57,0.47,30.35,0.57,-0.06,30.05,0.57
23150,-0.21,30.13,0.47,30.35,0.58,-0.07,30.05,0.58
23160,-0.26,30.37,0.47,30.35,0.58,-0.07,30.06,0.58
23170,-0.08,30.21,0.47,30.35,0.58,-0.08,30.06,0.58
23180,0.41,30.10,0.47,30.35,0.58,-0.06,30.06,0.58
23190,0.04,30.32,0.47,30.35,0.58,-0.06,30.07,0.58
23200,-0.46,30.02,0.47,30.35,0.58,-0.07,30.07,0.58
23210,-0.38,30.07,0.47,30.35,0.58,-0.08,30.07,0.58
23220,0.67,30.33,0.47,30.35,0.58,-0.06,30.08,0.58
23230,-0.60,29.80,0.47,30.35,0.58,-0.08,30.07,0.58
23240,-0.04,29.60,0.47,30.35,0.58,-0.08,30.06,0.58
23250,0.36,29.82,0.47,30.35,0.58,-0.07,30.05,0.58
23260,-0.04,29.99,0.47,30.35,0.58,-0.06,30.05,0.58
23270,0.36,29.99,0.47,30.35,0.58,-0.05,30.05,0.58
23280,-0.50,30.11,0.47,30.35,0.58,-0.07,30.05,0.58
23290,0.57,30.11,0.47,30.35,0.58,-0.05,30.05,0.58
23300,0.03,30.06,0.47,30.35,0.58,-0.05,30.05,0.58
23310,-0.43,30.24,0.47,30.35,0.58,-0.06,30.06,0.58
23320,0.08,30.23,0.47,30.35,0.58,-0.05,30.06,0.58
23330,-0.10,29.91,0.47,30.35,0.58,-0.06,30.06,0.58
23340,0.17,29.77,0.47,30.35,0.58,-0.05,30.05,0.58
23350,-0.34,29.73,0.47,30.36,0.58,-0.06,30.04,0.58
23360,0.06,29.89,0.48,30.36,0.58,-0.06,30.04,0.58
23370,-0.18,30.01,0.48,30.36,0.58,-0.06,30.04,0.58
23380,-0.00,29.76,0.48,30.36,0.58,-0.06,30.03,0.58
23390,-0.31,30.00,0.48,30.36,0.58,-0.07,30.03,0.58
23400,0.12,29.73,0.48,30.36,0.59,-0.06,30.02,0.59
23410,-0.22,29.50,0.48,30.36,0.59,-0.07,30.00,0.59
23420,0.43,30.20,0.48,30.36,0.59,-0.05,30.01,0.59
23430,-0.08,29.85,0.48,30.36,0.59,-0.05,30.01,0.59
23440,-0.17,29.94,0.48,30.36,0.59,-0.06,30.00,0.59
23450,-0.12,30.18,0.48,30.36,0.59,-0.06,30.01,0.59
23460,-0.18,30.08,0.48,30.36,0.59,-0.06,30.01,0.59
23470,-0.12,30.07,0.48,30.36,0.59,-0.07,30.02,0.59
23480,0.21,30.28,0.48,30.37,0.59,-0.06,30.02,0.59
23490,-0.15,29.79,0.48,30.36,0.60,-0.06,30.02,0.60
23500,0.69,30.12,0.48,30.36,0.60,-0.04,30.02,0.60
23510,0.33,29.84,0.48,30.37,0.60,-0.03,30.02,0.60
23520,0.87,30.46,0.48,30.37,0.60,0.00,30.03,0.60
23530,-0.07,29.85,0.48,30.37,0.60,0.00,30.02,0.60
23540,-0.15,30.29,0.49,30.37,0.60,-0.00,30.03,0.60
23550,-0.28,29.66,0.49,30.37,0.60,-0.01,30.02,0.60
23560,0.14,29.85,0.49,30.37,0.60,-0.01,30.01,0.60
23570,-0.09,30.11,0.49,30.37,0.60,-0.01,30.02,0.60
23580,0.20,30.12,0.49,30.37,0.60,-0.00,30.02,0.60
23590,0.83,29.83,0.49,30.37,0.60,0.02,30.01,0.60
23600,0.01,29.85,0.49,30.37,0.60,0.02,30.01,0.60
23610,-0.39,30.59,0.49,30.37,0.60,0.01,30.03,0.60
23620,0.07,30.17,0.49,30.37,0.60,0.01,30.03,0.60
23630,-0.20,29.84,0.49,30.37,0.60,0.01,30.03,0.60
23640,-0.45,29.63,0.49,30.37,0.60,-0.01,30.01,0.60
23650,0.48,29.87,0.49,30.37,0.60,0.01,30.01,0.60
23660,0.28,29.88,0.49,30.37,0.60,0.02,30.00,0.60
23670,-0.38,29.61,0.49,30.37,0.60,0.00,29.99,0.60
23680,-0.13,29.99,0.49,30.37,0.61,-0.00,29.99,0.61
23690,-0.04,30.04,0.49,30.37,0.61,-0.00,29.99,0.61
23700,-0.20,30.55,0.49,30.37,0.61,-0.01,30.01,0.61
23710,-0.01,30.22,0.49,30.37,0.61,-0.01,30.02,0.61
23720,0.23,30.00,0.49,30.37,0.61,-0.00,30.02,0.61
23730,0.06,29.77,0.49,30.37,0.61,0.00,30.01,0.61
23740,-0.62,29.92,0.49,30.37,0.61,-0.02,30.01,0.61
23750,-0.14,29.91,0.49,30.37,0.61,-0.02,30.00,0.61
23760,-0.50,29.64,0.49,30.37,0.61,-0.03,29.99,0.61
23770,-0.17,30.14,0.49,30.37,0.61,-0.04,30.00,0.61
23780,-0.22,30.58,0.50,30.37,0.62,-0.04,30.02,0.62
23790,0.04,30.01,0.50,30.38,0.62,-0.04,30.02,0.62
23800,-0.30,30.59,0.50,30.37,0.62,-0.05,30.03,0.62
23810,0.13,30.32,0.50,30.37,0.62,-0.04,30.04,0.62
23820,0.25,29.94,0.50,30.37,0.62,-0.04,30.04,0.62
23830,0.15,30.05,0.50,30.37,0.62,-0.03,30.04,0.62
23840,0.14,29.91,0.50,30.37,0.62,-0.03,30.03,0.62
23850,0.31,29.78,0.50,30.37,0.62,-0.02,30.03,0.62
23860,-0.06,30.12,0.50,30.37,0.62,-0.02,30.03,0.62
23870,-0.25,30.33,0.50,30.37,0.62,-0.02,30.04,0.62
23880,0.76,29.92,0.50,30.37,0.62,-0.00,30.03,0.62
23890,-0.03,30.11,0.50,30.37,0.62,-0.00,30.04,0.62
23900,0.38,29.70,0.50,30.37,0.62,0.01,30.02,0.62
23910,0.16,30.38,0.50,30.37,0.62,0.02,30.04,0.62
23920,0.35,29.70,0.50,30.37,0.62,0.03,30.02,0.62
23930,0.24,30.15,0.50,30.37,0.62,0.03,30.03,0.62
23940,-0.00,30.33,0.50,30.37,0.62,0.03,30.04,0.62
23950,-0.02,30.41,0.50,30.37,0.62,0.03,30.05,0.62
23960,-0.44,29.78,0.50,30.37,0.62,0.02,30.04,0.62
23970,-0.43,30.14,0.50,30.37,0.62,0.00,30.04,0.62
23980,-0.35,30.26,0.50,30.37,0.63,-0.01,30.05,0.63
23990,-0.13,30.35,0.50,30.37,0.63,-0.01,30.06,0.63
24000,0.30,29.83,0.50,30.37,0.63,-0.00,30.05,0.63
24010,0.50,30.22,0.50,30.37,0.63,0.01,30.06,0.63
24020,0.19,29.64,0.50,30.37,0.63,0.02,30.04,0.63
24030,0.07,30.67,0.50,30.37,0.63,0.02,30.06,0.63
24040,0.18,29.57,0.50,30.37,0.63,0.03,30.05,0.63
24050,-0.29,30.21,0.51,30.37,0.63,0.02,30.05,0.63
24060,-1.04,30.22,0.51,30.37,0.63,-0.01,30.06,0.63
24070,0.58,29.76,0.51,30.37,0.63,0.00,30.05,0.63
24080,0.27,29.50,0.51,30.37,0.63,0.01,30.04,0.63
24090,-0.38,30.10,0.51,30.37,0.63,0.00,30.04,0.63
24100,-0.09,29.61,0.51,30.38,0.63,-0.00,30.03,0.63
24110,0.32,29.96,0.51,30.38,0.64,0.01,30.02,0.64
24120,0.47,29.71,0.51,30.38,0.64,0.02,30.01,0.64
24130,0.30,30.37,0.51,30.37,0.64,0.03,30.02,0.64
24140,-0.34,29.93,0.51,30.37,0.64,0.02,30.02,0.64
24150,0.25,30.20,0.51,30.37,0.64,0.03,30.03,0.64
24160,-0.34,29.94,0.51,30.37,0.64,0.02,30.02,0.64
24170,-0.18,30.18,0.51,30.37,0.64,0.01,30.03,0.64
24180,0.38,30.00,0.51,30.38,0.64,0.02,30.03,0.64
24190,-0.24,29.47,0.51,30.38,0.64,0.02,30.01,0.64
24200,0.08,30.40,0.51,30.38,0.64,0.02,30.02,0.64
24210,0.07,29.59,0.51,30.38,0.64,0.02,30.01,0.64
24220,-0.33,29.88,0.51,30.38,0.64,0.01,30.00,0.64
24230,-0.53,30.46,0.51,30.38,0.64,-0.01,30.02,0.64
24240,0.09,29.79,0.51,30.38,0.64,-0.01,30.01,0.64
24250,-0.12,29.56,0.51,30.38,0.64,-0.01,30.00,0.64
24260,0.26,29.98,0.51,30.38,0.65,0.00,30.00,0.65
24270,-0.07,29.68,0.51,30.38,0.65,-0.00,29.99,0.65
24280,-0.44,29.73,0.51,30.38,0.65,-0.02,29.98,0.65
24290,-0.34,29.64,0.52,30.38,0.65,-0.03,29.97,0.65
24300,-0.37,30.01,0.52,30.38,0.65,-0.04,29.97,0.65
24310,-0.16,30.24,0.52,30.38,0.65,-0.04,29.98,0.65
24320,-0.05,29.91,0.52,30.38,0.65,-0.04,29.97,0.65
24330,-0.18,29.93,0.52,30.38,0.65,-0.05,29.97,0.65
24340,0.24,29.98,0.52,30.38,0.65,-0.04,29.97,0.65
24350,-0.28,29.48,0.52,30.38,0.65,-0.05,29.96,0.65
24360,-0.51,29.90,0.52,30.38,0.65,-0.06,29.96,0.65
24370,-0.35,29.91,0.52,30.38,0.65,-0.07,29.95,0.65
24380,-0.56,29.92,0.52,30.38,0.65,-0.09,29.95,0.65
24390,-0.35,30.08,0.52,30.38,0.65,-0.09,29.96,0.65
24400,0.11,30.08,0.52,30.38,0.65,-0.09,29.96,0.65
24410,-0.11,29.64,0.52,30.38,0.65,-0.09,29.95,0.65
24420,0.27,30.15,0.52,30.38,0.65,-0.08,29.95,0.65
24430,0.00,29.84,0.52,30.38,0.65,-0.08,29.95,0.65
24440,-0.31,30.40,0.52,30.38,0.65,-0.08,29.96,0.65
24450,-0.61,30.25,0.52,30.38,0.65,-0.10,29.97,0.65
24460,-0.03,30.00,0.52,30.39,0.65,-0.10,29.97,0.65
24470,-0.25,30.44,0.52,30.39,0.65,-0.11,29.99,0.65
24480,0.10,30.18,0.52,30.39,0.66,-0.10,29.99,0.66
24490,-0.25,29.47,0.52,30.39,0.65,-0.11,29.98,0.65
24500,0.09,30.14,0.52,30.39,0.66,-0.10,29.98,0.66
24510,0.10,30.64,0.52,30.39,0.66,-0.10,30.00,0.66
24520,-0.08,30.25,0.52,30.39,0.66,-0.10,30.01,0.66
24530,-0.24,29.23,0.52,30.39,0.66,-0.10,29.99,0.66
24540,0.40,29.85,0.52,30.39,0.66,-0.09,29.99,0.66
24550,0.30,29.86,0.52,30.39,0.66,-0.08,29.98,0.66
24560,0.13,30.26,0.52,30.39,0.66,-0.07,29.99,0.66
24570,-0.30,30.37,0.52,30.40,0.66,-0.08,30.00,0.66
24580,-0.51,29.95,0.52,30.40,0.66,-0.10,30.00,0.66
24590,-0.20,29.72,0.52,30.40,0.66,-0.10,29.99,0.66
24600,-0.22,30.06,0.52,30.40,0.66,-0.10,29.99,0.66
24610,0.06,30.13,0.52,30.40,0.66,-0.10,30.00,0.66
24620,-0.38,30.82,0.52,30.40,0.66,-0.11,30.02,0.66
24630,-0.41,30.66,0.53,30.40,0.66,-0.12,30.04,0.66
24640,0.35,29.79,0.53,30.39,0.66,-0.10,30.03,0.66
24650,-0.02,29.94,0.53,30.40,0.67,-0.10,30.03,0.67
24660,0.32,29.49,0.53,30.39,0.67,-0.09,30.01,0.67
24670,0.30,29.81,0.53,30.40,0.67,-0.08,30.01,0.67
24680,0.43,29.72,0.53,30.40,0.67,-0.06,30.00,0.67
24690,0.48,30.63,0.53,30.40,0.67,-0.05,30.02,0.67
24700,0.03,29.99,0.53,30.40,0.67,-0.04,30.02,0.67
24710,-0.88,30.52,0.53,30.40,0.67,-0.07,30.03,0.67
24720,0.19,30.04,0.53,30.40,0.67,-0.06,30.04,0.67
24730,-0.25,29.49,0.53,30.40,0.67,-0.07,30.02,0.67
24740,0.41,29.68,0.53,30.40,0.67,-0.05,30.01,0.67
24750,0.18,29.89,0.53,30.40,0.67,-0.05,30.01,0.67
24760,-0.40,29.77,0.53,30.40,0.67,-0.06,30.00,0.67
24770,0.16,30.07,0.53,30.41,0.67,-0.05,30.00,0.67
24780,-0.22,30.01,0.53,30.41,0.68,-0.06,30.01,0.68
24790,0.53,30.26,0.53,30.41,0.68,-0.04,30.01,0.68
24800,-0.15,29.94,0.53,30.41,0.68,-0.04,30.01,0.68
24810,-0.57,29.69,0.53,30.41,0.68,-0.06,30.00,0.68
24820,-0.17,30.03,0.53,30.41,0.68,-0.06,30.01,0.68
24830,0.54,30.07,0.53,30.41,0.68,-0.04,30.01,0.68
24840,0.29,30.29,0.54,30.41,0.68,-0.03,30.02,0.68
24850,-0.23,30.06,0.54,30.41,0.68,-0.04,30.02,0.68
24860,-0.47,30.58,0.54,30.41,0.68,-0.05,30.03,0.68
24870,0.48,29.87,0.54,30.41,0.68,-0.03,30.03,0.68
24880,0.09,30.17,0.54,30.41,0.68,-0.03,30.03,0.68
24890,-0.10,30.01,0.54,30.41,0.68,-0.03,30.03,0.68
24900,0.12,29.98,0.54,30.41,0.68,-0.03,30.03,0.68
24910,-0.10,30.31,0.54,30.41,0.68,-0.03,30.04,0.68
24920,0.20,30.12,0.54,30.41,0.68,-0.02,30.04,0.68
24930,-0.55,30.15,0.54,30.41,0.68,-0.04,30.04,0.68
24940,0.45,30.18,0.54,30.41,0.68,-0.02,30.05,0.68
24950,-0.23,29.77,0.54,30.41,0.68,-0.03,30.04,0.68
24960,-0.24,29.83,0.55,30.41,0.69,-0.03,30.03,0.69
24970,-0.10,29.74,0.55,30.41,0.69,-0.03,30.03,0.69
24980,0.42,30.65,0.55,30.41,0.69,-0.02,30.04,0.69
24990,0.05,30.05,0.55,30.41,0.69,-0.02,30.04,0.69
25000,-0.24,29.95,0.55,30.41,0.69,-0.02,30.04,0.69
25010,0.67,29.74,0.55,30.41,0.69,-0.00,30.03,0.69
25020,-0.25,30.17,0.55,30.42,0.69,-0.01,30.04,0.69
25030,-0.23,30.04,0.55,30.42,0.69,-0.02,30.04,0.69
25040,-0.26,29.67,0.55,30.42,0.69,-0.02,30.03,0.69
25050,-0.36,29.88,0.55,30.42,0.69,-0.03,30.02,0.69
25060,-0.17,29.81,0.55,30.42,0.69,-0.04,30.02,0.69
25070,-0.08,30.07,0.55,30.42,0.69,-0.04,30.02,0.69
25080,-0.22,29.98,0.55,30.42,0.69,-0.04,30.02,0.69
25090,0.34,29.93,0.55,30.42,0.69,-0.03,30.01,0.69
25100,-0.50,30.28,0.56,30.42,0.69,-0.05,30.02,0.69
25110,0.14,30.44,0.56,30.42,0.69,-0.04,30.04,0.69
25120,-0.43,29.70,0.56,30.42,0.69,-0.05,30.02,0.69
25130,-0.14,30.56,0.56,30.42,0.70,-0.05,30.04,0.70
25140,-0.29,30.56,0.56,30.42,0.70,-0.06,30.06,0.70
25150,0.65,29.60,0.56,30.42,0.70,-0.04,30.04,0.70
25160,-0.54,30.07,0.56,30.42,0.70,-0.05,30.05,0.70
25170,-0.29,30.17,0.56,30.42,0.70,-0.06,30.05,0.70
25180,0.24,30.30,0.56,30.42,0.70,-0.05,30.06,0.70
25190,-0.70,30.41,0.56,30.42,0.70,-0.07,30.07,0.70
25200,0.01,29.85,0.56,30.42,0.70,-0.07,30.06,0.70
25210,0.06,29.80,0.56,30.42,0.70,-0.07,30.06,0.70
25220,0.31,30.54,0.56,30.42,0.70,-0.06,30.07,0.70
25230,-0.30,30.58,0.56,30.42,0.70,-0.06,30.09,0.70
25240,-0.11,30.27,0.56,30.43,0.70,-0.06,30.10,0.70
25250,-0.50,30.24,0.57,30.43,0.70,-0.08,30.10,0.70
25260,0.41,30.19,0.57,30.43,0.70,-0.06,30.10,0.70
25270,-0.23,30.27,0.57,30.43,0.70,-0.07,30.11,0.70
25280,-0.77,29.92,0.57,30.43,0.70,-0.09,30.10,0.70
25290,0.08,29.89,0.57,30.43,0.70,-0.09,30.10,0.70
25300,-0.00,29.53,0.57,30.43,0.70,-0.08,30.08,0.70
25310,-0.06,30.39,0.57,30.43,0.70,-0.08,30.09,0.70
25320,-0.56,30.41,0.57,30.43,0.70,-0.10,30.10,0.70
25330,-0.48,29.74,0.57,30.43,0.70,-0.11,30.09,0.70
25340,-0.27,30.14,0.57,30.43,0.70,-0.11,30.09,0.70
25350,-0.13,29.94,0.57,30.43,0.70,-0.11,30.09,0.70
25360,-0.15,29.79,0.57,30.43,0.70,-0.12,30.08,0.70
25370,-0.59,30.09,0.57,30.43,0.70,-0.13,30.08,0.70
25380,0.19,29.54,0.57,30.43,0.71,-0.12,30.07,0.71
25390,0.05,30.27,0.57,30.43,0.71,-0.12,30.07,0.71
25400,0.27,29.77,0.58,30.43,0.71,-0.11,30.06,0.71
25410,0.11,29.95,0.58,30.43,0.71,-0.10,30.06,0.71
25420,0.72,30.38,0.58,30.43,0.71,-0.07,30.07,0.71
25430,0.11,30.22,0.58,30.43,0.71,-0.07,30.07,0.71
25440,0.34,30.79,0.58,30.43,0.71,-0.06,30.10,0.71
25450,0.51,30.07,0.58,30.43,0.71,-0.04,30.10,0.71
25460,0.10,30.17,0.58,30.43,0.71,-0.04,30.10,0.71
25470,-0.09,29.97,0.58,30.43,0.71,-0.04,30.10,0.71
25480,0.21,29.99,0.58,30.43,0.71,-0.03,30.09,0.71
25490,-0.25,29.93,0.58,30.43,0.71,-0.04,30.09,0.71
25500,-0.50,29.92,0.58,30.43,0.71,-0.05,30.08,0.71
25510,-0.13,30.24,0.58,30.44,0.71,-0.05,30.09,0.71
25520,0.06,29.90,0.58,30.43,0.71,-0.05,30.08,0.71
25530,0.04,30.32,0.58,30.44,0.71,-0.05,30.09,0.71
25540,-0.22,29.62,0.59,30.44,0.72,-0.05,30.08,0.72
25550,-0.32,29.98,0.59,30.43,0.72,-0.06,30.07,0.72
25560,-0.51,30.97,0.59,30.44,0.72,-0.07,30.10,0.72
25570,0.09,29.70,0.59,30.44,0.72,-0.07,30.09,0.72
25580,0.38,29.95,0.59,30.44,0.72,-0.05,30.09,0.72
25590,0.45,29.95,0.59,30.44,0.72,-0.04,30.08,0.72
25600,0.49,29.97,0.59,30.44,0.72,-0.02,30.08,0.72
25610,-0.50,30.18,0.59,30.44,0.72,-0.04,30.08,0.72
25620,-0.15,30.10,0.59,30.44,0.72,-0.04,30.09,0.72
25630,0.19,30.34,0.59,30.44,0.72,-0.03,30.09,0.72
25640,-0.06,29.71,0.59,30.44,0.72,-0.03,30.08,0.72
25650,-0.02,30.10,0.59,30.44,0.72,-0.03,30.08,0.72
25660,-0.06,30.20,0.59,30.44,0.72,-0.03,30.09,0.72
25670,0.03,29.94,0.59,30.44,0.72,-0.03,30.08,0.72
25680,-0.16,30.06,0.60,30.44,0.72,-0.03,30.08,0.72
25690,-0.63,30.18,0.60,30.44,0.73,-0.05,30.09,0.73
25700,-0.34,30.09,0.60,30.44,0.73,-0.06,30.09,0.73
25710,0.71,29.76,0.60,30.44,0.73,-0.04,30.08,0.73
25720,-0.43,29.88,0.60,30.45,0.73,-0.05,30.07,0.73
25730,0.22,29.50,0.60,30.45,0.73,-0.04,30.06,0.73
25740,0.05,30.52,0.60,30.45,0.73,-0.04,30.07,0.73
25750,0.05,30.38,0.60,30.45,0.73,-0.04,30.08,0.73
25760,-0.47,30.02,0.60,30.45,0.73,-0.05,30.08,0.73
25770,0.38,30.09,0.60,30.45,0.73,-0.04,30.08,0.73
25780,0.07,29.92,0.60,30.45,0.73,-0.03,30.07,0.73
25790,0.58,29.84,0.60,30.45,0.73,-0.02,30.07,0.73
25800,0.47,29.96,0.60,30.45,0.73,-0.00,30.06,0.73
25810,-0.70,29.88,0.60,30.45,0.73,-0.02,30.06,0.73
25820,0.21,30.47,0.60,30.45,0.73,-0.02,30.07,0.73
25830,0.30,30.22,0.60,30.45,0.73,-0.01,30.08,0.73
25840,-0.34,29.61,0.60,30.45,0.73,-0.01,30.06,0.73
25850,-0.11,29.75,0.60,30.45,0.73,-0.02,30.05,0.73
25860,0.22,30.14,0.60,30.45,0.73,-0.01,30.06,0.73
25870,0.06,30.48,0.60,30.45,0.73,-0.01,30.07,0.73
25880,-0.32,29.91,0.60,30.45,0.73,-0.02,30.07,0.73
25890,-0.15,29.83,0.60,30.45,0.74,-0.02,30.06,0.74
25900,0.28,30.05,0.60,30.45,0.74,-0.01,30.06,0.74
25910,-0.08,29.97,0.60,30.46,0.74,-0.02,30.06,0.74
25920,0.25,30.28,0.60,30.46,0.74,-0.01,30.06,0.74
25930,-0.94,29.85,0.60,30.46,0.74,-0.03,30.06,0.74
25940,-0.41,29.90,0.60,30.46,0.74,-0.05,30.05,0.74
25950,0.54,30.12,0.60,30.46,0.74,-0.03,30.05,0.74
25960,-0.02,30.21,0.60,30.46,0.74,-0.03,30.06,0.74
25970,0.22,30.01,0.61,30.46,0.74,-0.02,30.06,0.74
25980,0.41,30.46,0.60,30.46,0.74,-0.01,30.07,0.74
25990,-0.52,30.47,0.61,30.46,0.74,-0.02,30.08,0.74
26000,-0.14,29.67,0.61,30.46,0.74,-0.03,30.07,0.74
26010,0.45,30.44,0.61,30.46,0.74,-0.01,30.08,0.74
26020,0.17,29.90,0.61,30.46,0.75,-0.01,30.08,0.75
26030,-0.29,29.93,0.61,30.46,0.75,-0.01,30.07,0.75
26040,0.14,30.37,0.61,30.46,0.75,-0.01,30.08,0.75
26050,0.18,29.99,0.61,30.46,0.75,-0.00,30.08,0.75
26060,-0.36,29.98,0.61,30.46,0.75,-0.01,30.07,0.75
26070,-0.54,30.13,0.61,30.46,0.75,-0.03,30.08,0.75
26080,0.26,29.64,0.61,30.46,0.75,-0.02,30.06,0.75
26090,0.09,29.75,0.61,30.46,0.75,-0.02,30.05,0.75
26100,-0.30,29.98,0.61,30.46,0.75,-0.02,30.05,0.75
26110,0.36,29.92,0.61,30.46,0.75,-0.01,30.05,0.75
26120,0.02,29.37,0.61,30.46,0.75,-0.01,30.02,0.75
26130,-0.50,30.10,0.61,30.46,0.75,-0.03,30.03,0.75
26140,0.11,30.02,0.61,30.46,0.75,-0.02,30.03,0.75
26150,0.00,29.90,0.61,30.46,0.75,-0.03,30.02,0.75
26160,-0.57,29.41,0.61,30.46,0.75,-0.04,30.00,0.75
26170,0.50,29.98,0.61,30.46,0.75,-0.02,30.00,0.75
26180,-0.78,30.17,0.61,30.46,0.76,-0.05,30.01,0.76
26190,0.34,30.47,0.61,30.46,0.76,-0.03,30.02,0.76
26200,0.08,30.12,0.62,30.46,0.76,-0.03,30.02,0.76
26210,-0.35,29.99,0.62,30.46,0.76,-0.04,30.02,0.76
26220,-0.09,29.82,0.62,30.46,0.76,-0.04,30.02,0.76
26230,0.09,29.83,0.62,30.47,0.76,-0.04,30.01,0.76
26240,-0.49,29.41,0.62,30.47,0.76,-0.05,29.99,0.76
26250,-0.23,29.95,0.62,30.47,0.76,-0.06,29.99,0.76
26260,-0.24,29.53,0.62,30.47,0.76,-0.06,29.98,0.76
26270,-0.27,29.59,0.62,30.47,0.76,-0.07,29.96,0.76
26280,-0.01,29.77,0.62,30.47,0.76,-0.07,29.96,0.76
26290,-0.40,29.58,0.62,30.47,0.76,-0.08,29.95,0.76
26300,-0.21,30.36,0.62,30.47,0.76,-0.08,29.96,0.76
26310,0.72,30.02,0.62,30.47,0.76,-0.06,29.96,0.76
26320,-0.16,29.74,0.62,30.47,0.76,-0.06,29.95,0.76
26330,0.19,30.36,0.62,30.47,0.76,-0.05,29.96,0.76
26340,-0.31,29.47,0.62,30.47,0.76,-0.06,29.95,0.76
26350,-0.02,29.78,0.62,30.47,0.76,-0.06,29.94,0.76
26360,-0.86,29.66,0.63,30.47,0.76,-0.09,29.93,0.76
26370,0.40,30.63,0.62,30.47,0.76,-0.07,29.95,0.76
26380,-0.24,29.90,0.62,30.47,0.76,-0.08,29.95,0.76
26390,-0.53,30.08,0.62,30.47,0.76,-0.10,29.95,0.76
26400,-0.58,30.47,0.62,30.47,0.76,-0.11,29.96,0.76
26410,0.32,29.61,0.62,30.47,0.76,-0.10,29.95,0.76
26420,-0.64,30.15,0.62,30.47,0.77,-0.12,29.96,0.77
26430,0.00,29.87,0.62,30.47,0.77,-0.11,29.95,0.77
26440,0.25,29.94,0.62,30.47,0.77,-0.10,29.95,0.77
26450,-0.04,30.02,0.62,30.47,0.77,-0.10,29.96,0.77
26460,0.24,30.45,0.62,30.47,0.77,-0.09,29.97,0.77
26470,-0.11,29.82,0.63,30.47,0.77,-0.09,29.96,0.77
26480,-0.18,30.12,0.62,30.47,0.77,-0.10,29.97,0.77
26490,0.07,30.31,0.63,30.48,0.77,-0.09,29.98,0.77
26500,0.53,30.08,0.63,30.48,0.77,-0.07,29.98,0.77
26510,-0.04,29.85,0.63,30.47,0.77,-0.07,29.98,0.77
26520,-0.08,30.00,0.63,30.48,0.77,-0.07,29.98,0.77
26530,-0.22,29.89,0.63,30.48,0.77,-0.08,29.97,0.77
26540,0.34,29.86,0.63,30.48,0.77,-0.06,29.97,0.77
26550,-0.01,29.82,0.63,30.48,0.77,-0.06,29.96,0.77
26560,-0.04,30.02,0.63,30.48,0.77,-0.06,29.97,0.77
26570,-0.80,29.69,0.63,30.48,0.78,-0.08,29.96,0.78
26580,-0.61,30.41,0.63,30.48,0.77,-0.10,29.97,0.77
26590,-0.28,29.40,0.63,30.48,0.78,-0.11,29.95,0.78
26600,-0.08,30.24,0.63,30.48,0.78,-0.10,29.96,0.78
26610,-0.20,29.97,0.63,30.48,0.78,-0.11,29.96,0.78
26620,0.50,29.73,0.64,30.48,0.78,-0.09,29.95,0.78
26630,0.45,30.11,0.64,30.48,0.78,-0.07,29.96,0.78
26640,0.14,29.93,0.64,30.48,0.78,-0.07,29.95,0.78
26650,-0.15,29.75,0.64,30.48,0.78,-0.07,29.95,0.78
26660,-0.53,29.93,0.64,30.48,0.78,-0.08,29.95,0.78
26670,0.05,29.73,0.64,30.48,0.78,-0.08,29.94,0.78
26680,0.31,29.92,0.64,30.48,0.78,-0.07,29.94,0.78
26690,-0.40,30.12,0.64,30.48,0.78,-0.08,29.94,0.78
26700,-1.11,30.31,0.64,30.48,0.78,-0.11,29.95,0.78
26710,0.25,30.11,0.64,30.48,0.78,-0.10,29.96,0.78
26720,0.11,30.12,0.64,30.48,0.78,-0.09,29.96,0.78
26730,0.23,30.31,0.64,30.48,0.79,-0.08,29.97,0.79
26740,0.14,29.90,0.64,30.48,0.79,-0.08,29.97,0.79
26750,-0.21,29.68,0.64,30.48,0.79,-0.08,29.96,0.79
26760,-0.29,29.74,0.64,30.48,0.79,-0.09,29.95,0.79
26770,0.30,30.07,0.64,30.48,0.79,-0.08,29.95,0.79
26780,-0.24,29.91,0.64,30.48,0.79,-0.08,29.95,0.79
26790,0.19,29.99,0.65,30.48,0.79,-0.07,29.95,0.79
26800,0.02,29.93,0.65,30.48,0.79,-0.07,29.95,0.79
26810,0.30,30.31,0.64,30.48,0.79,-0.06,29.96,0.79
26820,0.18,29.43,0.64,30.48,0.79,-0.05,29.94,0.79
26830,0.40,29.89,0.65,30.48,0.79,-0.04,29.94,0.79
26840,0.13,30.05,0.65,30.48,0.79,-0.03,29.94,0.79
26850,-0.26,29.75,0.65,30.48,0.79,-0.04,29.94,0.79
26860,-0.14,30.33,0.65,30.48,0.79,-0.04,29.95,0.79
26870,-0.13,29.57,0.65,30.48,0.79,-0.04,29.93,0.79
26880,0.42,29.82,0.65,30.48,0.79,-0.03,29.93,0.79
26890,0.03,29.74,0.65,30.48,0.79,-0.03,29.92,0.79
26900,-0.00,30.22,0.65,30.48,0.79,-0.03,29.93,0.79
26910,-0.03,30.51,0.65,30.48,0.79,-0.03,29.95,0.79
26920,-0.23,30.49,0.65,30.48,0.80,-0.04,29.96,0.80
26930,0.37,29.74,0.65,30.48,0.80,-0.02,29.96,0.80
26940,0.04,29.77,0.65,30.48,0.80,-0.02,29.95,0.80
26950,-0.08,30.11,0.65,30.48,0.80,-0.02,29.96,0.80
26960,0.36,29.72,0.65,30.48,0.80,-0.01,29.95,0.80
26970,-0.19,29.80,0.65,30.48,0.80,-0.02,29.94,0.80
26980,-0.06,30.36,0.65,30.48,0.80,-0.02,29.96,0.80
26990,-0.16,30.50,0.65,30.49,0.80,-0.02,29.97,0.80
27000,0.41,30.81,0.65,30.41,0.80,-0.01,29.92,0.80
27010,-0.04,29.75,0.65,30.26,0.80,-0.01,29.77,0.80
27020,-1.48,30.28,0.65,30.11,0.80,-0.05,29.64,0.80
27030,0.19,29.74,0.65,29.96,0.80,-0.05,29.50,0.80
27040,0.27,29.09,0.65,29.81,0.80,-0.04,29.34,0.80
27050,-1.30,29.13,0.65,29.66,0.80,-0.08,29.19,0.80
27060,0.53,29.13,0.65,29.51,0.80,-0.06,29.05,0.80
27070,0.18,28.50,0.65,29.36,0.81,-0.05,28.88,0.81
27080,0.18,28.57,0.65,29.21,0.81,-0.04,28.73,0.81
27090,1.04,28.79,0.65,29.06,0.81,-0.01,28.58,0.81
27100,0.81,28.92,0.65,28.91,0.81,0.01,28.45,0.81
27110,0.02,28.54,0.65,28.76,0.81,0.01,28.31,0.81
27120,0.19,28.49,0.65,28.61,0.81,0.02,28.17,0.81
27130,0.72,27.68,0.65,28.46,0.81,0.04,28.01,0.81
27140,0.80,28.26,0.65,28.31,0.81,0.07,27.87,0.81
27150,0.54,27.32,0.66,28.16,0.81,0.08,27.71,0.81
27160,-1.03,27.64,0.66,28.01,0.81,0.05,27.56,0.81
27170,0.00,27.79,0.65,27.86,0.81,0.05,27.42,0.81
27180,-0.73,26.87,0.65,27.72,0.81,0.02,27.26,0.81
27190,0.49,26.86,0.66,27.57,0.81,0.04,27.10,0.81
27200,-0.53,26.69,0.66,27.42,0.81,0.02,26.95,0.81
27210,0.90,26.05,0.66,27.27,0.81,0.05,26.77,0.81
27220,-0.50,27.07,0.66,27.11,0.81,0.04,26.64,0.81
27230,0.24,26.61,0.66,26.97,0.82,0.04,26.49,0.82
27240,0.56,27.20,0.66,26.82,0.82,0.06,26.37,0.82
27250,-1.05,26.69,0.66,26.67,0.82,0.03,26.23,0.82
27260,0.22,26.00,0.66,26.52,0.82,0.03,26.08,0.82
27270,0.65,25.58,0.66,26.37,0.82,0.05,25.92,0.82
27280,0.36,25.63,0.66,26.22,0.82,0.06,25.77,0.82
27290,0.26,26.29,0.66,26.07,0.82,0.07,25.64,0.82
27300,0.34,25.40,0.66,25.92,0.82,0.08,25.49,0.82
27310,-0.26,25.46,0.66,25.77,0.82,0.07,25.34,0.82
27320,0.86,25.71,0.66,25.62,0.82,0.09,25.21,0.82
27330,0.23,25.00,0.66,25.47,0.82,0.10,25.06,0.82
27340,1.15,24.95,0.66,25.32,0.82,0.13,24.91,0.82
27350,0.09,24.99,0.66,25.17,0.82,0.13,24.77,0.82
27360,0.78,25.29,0.66,25.02,0.82,0.15,24.64,0.82
27370,0.43,24.55,0.66,24.87,0.82,0.17,24.49,0.82
27380,0.01,24.13,0.66,24.72,0.82,0.16,24.33,0.82
27390,0.25,23.94,0.66,24.57,0.82,0.17,24.18,0.82
27400,-1.47,23.81,0.67,24.42,0.82,0.12,24.02,0.82
27410,-0.57,23.85,0.67,24.27,0.82,0.10,23.87,0.82
27420,-0.69,23.69,0.67,24.12,0.82,0.08,23.72,0.82
27430,-0.33,23.36,0.67,23.97,0.83,0.06,23.56,0.83
27440,-0.36,23.69,0.67,23.82,0.83,0.05,23.42,0.83
27450,0.33,23.81,0.67,23.67,0.82,0.06,23.29,0.82
27460,-0.29,22.78,0.67,23.52,0.83,0.05,23.13,0.83
27470,0.62,22.43,0.67,23.37,0.83,0.07,22.96,0.83
27480,-0.59,22.91,0.67,23.22,0.83,0.05,22.82,0.83
27490,-0.80,22.61,0.67,23.07,0.83,0.03,22.67,0.83
27500,-0.35,22.09,0.67,22.92,0.83,0.02,22.50,0.83
27510,-0.05,23.21,0.67,22.77,0.83,0.01,22.38,0.83
27520,0.46,23.19,0.68,22.62,0.83,0.03,22.26,0.83
27530,0.73,22.04,0.68,22.47,0.83,0.05,22.11,0.83
27540,0.59,21.97,0.68,22.32,0.83,0.07,21.96,0.83
27550,-0.33,22.28,0.68,22.17,0.83,0.06,21.83,0.83
27560,-0.99,21.66,0.68,22.03,0.83,0.03,21.68,0.83
27570,-0.75,22.57,0.68,21.88,0.83,0.00,21.56,0.83
27580,-0.33,20.87,0.68,21.73,0.84,-0.01,21.40,0.84
27590,1.01,21.53,0.68,21.58,0.84,0.03,21.26,0.84
27600,-0.47,22.09,0.68,21.43,0.84,0.01,21.14,0.84
27610,0.54,21.19,0.68,21.28,0.84,0.03,21.00,0.84
27620,0.22,20.70,0.69,21.13,0.84,0.03,20.85,0.84
27630,0.02,19.26,0.69,20.98,0.84,0.04,20.65,0.84
27640,0.57,20.65,0.69,20.83,0.84,0.05,20.51,0.84
27650,-0.15,20.60,0.69,20.68,0.84,0.05,20.37,0.84
27660,0.21,19.72,0.69,20.53,0.84,0.05,20.20,0.84
27670,-0.96,19.35,0.69,20.38,0.84,0.02,20.03,0.84
27680,0.03,20.66,0.69,20.23,0.84,0.02,19.91,0.84
27690,-0.18,21.07,0.69,20.08,0.84,0.01,19.80,0.84
27700,0.14,19.16,0.69,19.93,0.84,0.02,19.64,0.84
27710,-0.34,19.85,0.69,19.78,0.84,0.01,19.50,0.84
27720,-0.53,19.08,0.69,19.63,0.84,-0.01,19.34,0.84
27730,0.21,19.33,0.69,19.48,0.84,-0.00,19.20,0.84
27740,-0.48,19.80,0.69,19.33,0.85,-0.02,19.07,0.85
27750,0.54,19.83,0.69,19.18,0.85,0.00,18.95,0.85
27760,0.49,18.23,0.69,19.03,0.85,0.02,18.79,0.85
27770,0.64,18.30,0.69,18.88,0.85,0.04,18.63,0.85
27780,-0.26,18.70,0.69,18.73,0.85,0.03,18.49,0.85
27790,-0.07,17.62,0.69,18.59,0.85,0.02,18.32,0.85
27800,0.30,17.37,0.70,18.44,0.85,0.03,18.15,0.85
27810,0.28,18.29,0.70,18.29,0.85,0.04,18.01,0.85
27820,-0.47,18.18,0.70,18.14,0.85,0.03,17.87,0.85
27830,0.14,16.34,0.70,17.99,0.85,0.03,17.68,0.85
27840,0.13,17.67,0.70,17.84,0.85,0.03,17.54,0.85
27850,0.49,16.82,0.70,17.69,0.85,0.05,17.37,0.85
27860,0.73,17.35,0.70,17.54,0.85,0.07,17.23,0.85
27870,-0.25,16.39,0.70,17.39,0.85,0.06,17.06,0.85
27880,-0.46,16.18,0.70,17.24,0.85,0.04,16.89,0.85
27890,-0.03,16.52,0.70,17.09,0.85,0.04,16.73,0.85
27900,0.50,16.46,0.70,16.94,0.85,0.05,16.58,0.85
27910,0.27,16.90,0.70,16.79,0.85,0.06,16.44,0.85
27920,-0.31,16.28,0.70,16.65,0.85,0.05,16.29,0.85
27930,-0.71,15.95,0.70,16.50,0.86,0.03,16.14,0.86
27940,0.69,15.69,0.70,16.35,0.86,0.05,15.98,0.86
27950,0.64,16.02,0.70,16.20,0.86,0.07,15.84,0.86
27960,1.12,15.78,0.70,16.05,0.86,0.10,15.69,0.86
27970,0.01,14.86,0.70,15.90,0.86,0.10,15.52,0.86
27980,-0.71,16.38,0.70,15.75,0.86,0.07,15.40,0.86
27990,-0.38,15.13,0.70,15.60,0.86,0.06,15.25,0.86
28000,-0.58,15.27,0.70,15.45,0.86,0.04,15.11,0.86
28010,-0.29,13.92,0.70,15.30,0.86,0.03,14.93,0.86
28020,-0.87,15.10,0.70,15.15,0.86,0.00,14.79,0.86
28030,-0.54,15.09,0.70,15.00,0.86,-0.01,14.65,0.86
28040,0.13,14.81,0.70,14.85,0.86,-0.01,14.51,0.86
28050,-0.02,15.39,0.70,14.70,0.86,-0.01,14.39,0.86
28060,-1.31,14.55,0.70,14.55,0.86,-0.05,14.25,0.86
28070,-0.72,13.19,0.70,14.40,0.86,-0.07,14.08,0.86
28080,-0.68,14.16,0.70,14.25,0.86,-0.09,13.93,0.86
28090,-0.93,14.20,0.70,14.10,0.86,-0.12,13.80,0.86
28100,-0.54,13.22,0.70,13.95,0.86,-0.13,13.64,0.86
28110,0.10,13.64,0.70,13.80,0.87,-0.13,13.49,0.87
28120,1.39,13.49,0.70,13.65,0.87,-0.08,13.35,0.87
28130,0.63,13.17,0.70,13.50,0.87,-0.06,13.20,0.87
28140,-0.60,13.18,0.70,13.35,0.87,-0.08,13.05,0.87
28150,-0.38,12.63,0.70,13.21,0.87,-0.09,12.90,0.87
28160,-0.25,12.27,0.70,13.06,0.87,-0.10,12.73,0.87
28170,-0.05,12.17,0.71,12.91,0.87,-0.09,12.57,0.87
28180,0.74,12.62,0.71,12.76,0.87,-0.07,12.43,0.87
28190,0.71,12.11,0.71,12.61,0.87,-0.04,12.28,0.87
28200,0.33,11.82,0.71,12.46,0.87,-0.03,12.12,0.87
28210,-0.21,11.28,0.71,12.31,0.87,-0.04,11.95,0.87
28220,0.80,11.05,0.71,12.16,0.87,-0.01,11.78,0.87
28230,-1.02,12.69,0.71,12.01,0.87,-0.05,11.66,0.87
28240,0.72,11.95,0.71,11.86,0.88,-0.02,11.52,0.88
28250,0.60,11.22,0.71,11.71,0.88,-0.00,11.37,0.88
28260,-0.29,11.30,0.71,11.56,0.88,-0.01,11.22,0.88
28270,-0.43,11.73,0.71,11.41,0.88,-0.02,11.09,0.88
28280,-0.39,11.27,0.71,11.26,0.88,-0.03,10.95,0.88
28290,-0.05,10.40,0.71,11.11,0.88,-0.04,10.79,0.88
28300,0.56,10.84,0.72,10.96,0.88,-0.02,10.65,0.88
28310,0.77,10.46,0.71,10.82,0.88,0.01,10.50,0.88
28320,0.12,10.88,0.72,10.66,0.88,0.01,10.37,0.88
28330,-0.57,9.86,0.72,10.52,0.88,-0.01,10.21,0.88
28340,0.55,9.91,0.72,10.37,0.88,0.01,10.06,0.88
28350,-0.49,10.39,0.72,10.22,0.89,-0.01,9.92,0.89
28360,0.43,9.08,0.72,10.07,0.89,0.01,9.75,0.89
28370,0.51,10.20,0.72,9.92,0.89,0.02,9.62,0.89
28380,1.08,9.48,0.72,9.77,0.89,0.06,9.47,0.89
28390,-0.44,9.25,0.72,9.62,0.89,0.04,9.32,0.89
28400,0.29,9.27,0.72,9.47,0.89,0.05,9.17,0.89
28410,0.51,9.36,0.72,9.32,0.89,0.06,9.04,0.89
28420,-0.04,8.80,0.72,9.17,0.89,0.06,8.89,0.89
28430,-1.14,9.13,0.72,9.02,0.89,0.03,8.75,0.89
28440,0.38,8.61,0.72,8.87,0.89,0.04,8.60,0.89
28450,0.37,8.36,0.72,8.72,0.89,0.05,8.45,0.89
28460,-0.69,7.92,0.72,8.57,0.89,0.02,8.29,0.89
28470,-0.23,7.81,0.72,8.42,0.89,0.02,8.13,0.89
28480,0.77,7.32,0.72,8.27,0.89,0.04,7.96,0.89
28490,0.41,7.63,0.72,8.13,0.90,0.05,7.81,0.90
28500,-0.24,7.38,0.72,7.98,0.90,0.04,7.65,0.90
28510,0.56,7.29,0.73,7.82,0.90,0.06,7.49,0.90
28520,0.31,7.34,0.73,7.67,0.90,0.07,7.34,0.90
28530,-0.61,7.38,0.73,7.52,0.90,0.05,7.20,0.90
28540,1.12,6.65,0.72,7.37,0.90,0.08,7.04,0.90
28550,0.02,6.63,0.73,7.23,0.90,0.08,6.88,0.90
28560,-0.20,6.55,0.73,7.08,0.90,0.07,6.73,0.90
28570,0.67,6.18,0.73,6.93,0.90,0.09,6.56,0.90
28580,-0.10,6.64,0.73,6.78,0.90,0.09,6.42,0.90
28590,0.41,4.86,0.73,6.63,0.90,0.10,6.23,0.90
28600,-0.01,6.24,0.73,6.48,0.90,0.10,6.08,0.90
28610,0.60,5.94,0.73,6.33,0.90,0.11,5.94,0.90
28620,-0.10,5.00,0.73,6.18,0.90,0.11,5.76,0.90
28630,-0.19,5.12,0.73,6.03,0.90,0.10,5.60,0.90
28640,0.31,5.60,0.73,5.88,0.91,0.11,5.45,0.91
28650,-1.15,5.03,0.73,5.73,0.91,0.07,5.29,0.91
28660,-0.37,5.21,0.73,5.58,0.91,0.06,5.14,0.91
28670,0.94,5.38,0.73,5.43,0.91,0.08,5.00,0.91
28680,-0.41,4.94,0.73,5.28,0.91,0.07,4.86,0.91
28690,-1.08,4.64,0.73,5.13,0.91,0.03,4.70,0.91
28700,-0.11,4.87,0.73,4.98,0.91,0.03,4.57,0.91
28710,0.17,4.82,0.74,4.83,0.91,0.03,4.43,0.91
28720,0.35,5.09,0.74,4.68,0.91,0.04,4.30,0.91
28730,0.66,3.82,0.74,4.53,0.91,0.06,4.14,0.91
28740,-1.28,4.81,0.74,4.38,0.91,0.02,4.02,0.91
28750,0.36,3.50,0.74,4.23,0.91,0.03,3.86,0.91
28760,-0.50,3.56,0.74,4.08,0.91,0.02,3.70,0.91
28770,-0.07,3.74,0.74,3.94,0.91,0.01,3.56,0.91
28780,1.04,2.92,0.74,3.78,0.91,0.04,3.39,0.91
28790,-0.39,3.19,0.74,3.64,0.92,0.03,3.24,0.92
28800,-0.27,2.45,0.74,3.49,0.92,0.02,3.07,0.92
28810,0.26,2.58,0.74,3.34,0.92,0.03,2.91,0.92
28820,-0.70,2.36,0.74,3.19,0.92,0.01,2.75,0.92
28830,-0.22,2.07,0.74,3.04,0.92,0.00,2.58,0.92
28840,0.34,2.06,0.74,2.89,0.92,0.01,2.42,0.92
28850,0.03,1.59,0.74,2.74,0.92,0.01,2.25,0.92
28860,0.14,3.03,0.74,2.59,0.92,0.02,2.13,0.92
28870,-0.01,1.41,0.74,2.44,0.92,0.01,1.96,0.92
28880,-0.03,1.47,0.74,2.29,0.92,0.01,1.80,0.92
28890,-0.29,2.32,0.74,2.14,0.92,0.00,1.67,0.92
28900,1.10,2.09,0.74,1.99,0.92,0.04,1.54,0.92
28910,0.79,1.33,0.74,1.84,0.92,0.06,1.38,0.92
28920,-0.06,1.48,0.74,1.69,0.93,0.05,1.24,0.93
28930,-0.30,1.88,0.74,1.54,0.93,0.04,1.11,0.93
28940,-0.42,0.89,0.74,1.39,0.93,0.03,0.96,0.93
28950,-1.29,0.76,0.74,1.24,0.93,-0.01,0.81,0.93
28960,0.75,0.53,0.74,1.09,0.93,0.01,0.66,0.93
28970,-0.38,0.73,0.74,0.94,0.93,-0.00,0.51,0.93
28980,-0.06,0.46,0.74,0.79,0.93,-0.00,0.37,0.93
28990,0.18,0.08,0.74,0.64,0.93,0.00,0.21,0.93
29000,0.25,-0.34,0.74,0.57,1.01,0.01,0.12,1.01
29010,0.29,0.04,0.74,0.57,1.16,0.02,0.12,1.16
29020,-0.13,0.06,0.74,0.57,1.31,0.01,0.12,1.31
29030,0.19,-0.05,0.74,0.57,1.46,0.02,0.11,1.46
29040,0.32,-0.23,0.75,0.57,1.61,0.03,0.10,1.61
29050,-0.11,-0.15,0.75,0.57,1.76,0.03,0.09,1.76
29060,-0.13,-0.17,0.75,0.57,1.91,0.02,0.08,1.91
29070,-0.32,-0.15,0.75,0.57,2.06,0.01,0.08,2.06
29080,0.12,-0.16,0.75,0.58,2.21,0.01,0.07,2.21
29090,0.03,-0.44,0.75,0.58,2.36,0.01,0.06,2.36
29100,-0.04,-0.34,0.75,0.58,2.51,0.01,0.04,2.51
29110,0.31,-0.12,0.75,0.58,2.66,0.02,0.04,2.66
29120,0.45,-0.35,0.75,0.58,2.81,0.03,0.02,2.81
29130,-0.34,0.31,0.75,0.58,2.96,0.02,0.03,2.96
29140,0.23,0.12,0.75,0.58,3.11,0.03,0.03,3.11
29150,0.11,0.08,0.75,0.58,3.26,0.03,0.03,3.26
29160,0.17,0.08,0.75,0.58,3.41,0.03,0.03,3.41
29170,-0.11,0.02,0.75,0.58,3.56,0.03,0.03,3.56
29180,-0.05,0.06,0.75,0.58,3.71,0.03,0.03,3.71
29190,-0.07,0.03,0.75,0.58,3.87,0.02,0.03,3.87
29200,0.17,-0.35,0.75,0.58,4.02,0.03,0.02,4.02
29210,-0.05,0.07,0.75,0.58,4.17,0.03,0.02,4.17
29220,-0.00,-0.38,0.75,0.58,4.32,0.03,0.00,4.32
29230,0.48,0.09,0.75,0.58,4.47,0.04,0.00,4.47
29240,0.24,0.30,0.75,0.58,4.62,0.05,0.01,4.62
29250,-0.07,-0.47,0.75,0.58,4.77,0.04,-0.00,4.77
29260,-0.12,0.38,0.75,0.58,4.92,0.04,0.01,4.92
29270,0.09,0.37,0.75,0.58,5.07,0.04,0.02,5.07
29280,0.01,0.26,0.75,0.58,5.22,0.04,0.03,5.22
29290,-0.04,-0.30,0.75,0.58,5.37,0.04,0.01,5.37
29300,-0.03,0.20,0.75,0.59,5.52,0.04,0.02,5.52
29310,0.48,0.06,0.75,0.59,5.67,0.05,0.02,5.67
29320,-0.08,-0.07,0.76,0.59,5.83,0.05,0.02,5.83
29330,-0.35,-0.36,0.75,0.59,5.98,0.03,0.01,5.98
29340,-0.54,-0.50,0.76,0.59,6.13,0.02,-0.01,6.13
29350,0.11,0.14,0.76,0.59,6.28,0.02,-0.01,6.28
29360,0.32,0.25,0.76,0.59,6.43,0.03,-0.00,6.43
29370,-0.19,0.11,0.76,0.59,6.58,0.02,0.00,6.58
29380,0.38,-0.14,0.76,0.59,6.73,0.03,-0.00,6.73
29390,-0.02,-0.02,0.76,0.59,6.88,0.03,-0.00,6.88
29400,-0.21,-0.16,0.76,0.60,7.03,0.02,-0.01,7.03
29410,-0.50,-0.14,0.76,0.60,7.18,0.01,-0.01,7.18
29420,-0.07,-0.26,0.76,0.60,7.33,0.01,-0.02,7.33
29430,0.29,0.02,0.76,0.60,7.48,0.01,-0.02,7.48
29440,-0.26,0.77,0.76,0.60,7.63,0.01,0.00,7.63
29450,-0.59,0.05,0.76,0.60,7.78,-0.01,0.00,7.78
29460,-0.14,-0.23,0.76,0.60,7.94,-0.02,-0.01,7.94
29470,-0.20,0.12,0.76,0.60,8.09,-0.02,-0.01,8.09
29480,-0.05,0.23,0.76,0.60,8.24,-0.03,0.00,8.24
29490,-0.03,0.06,0.76,0.60,8.39,-0.03,0.00,8.39
29500,-0.22,-0.00,0.76,0.60,8.54,-0.03,-0.00,8.54
29510,-0.07,0.05,0.76,0.60,8.69,-0.03,-0.00,8.69
29520,-0.05,-0.09,0.76,0.60,8.84,-0.04,-0.00,8.84
29530,-0.12,0.02,0.76,0.60,8.99,-0.04,-0.00,8.99
29540,-0.22,0.40,0.76,0.60,9.14,-0.05,0.01,9.14
29550,0.13,0.31,0.76,0.60,9.29,-0.04,0.01,9.29
29560,0.10,-0.34,0.76,0.60,9.44,-0.04,0.00,9.44
29570,-0.27,0.06,0.76,0.60,9.59,-0.04,0.00,9.59
29580,0.11,0.57,0.77,0.60,9.75,-0.04,0.02,9.75
29590,-0.21,-0.25,0.77,0.60,9.90,-0.04,0.01,9.90
29600,-0.30,0.20,0.77,0.60,10.04,-0.05,0.01,10.04
29610,-0.23,0.03,0.77,0.60,10.20,-0.06,0.02,10.20
29620,0.09,-0.00,0.77,0.60,10.35,-0.05,0.01,10.35
29630,0.12,-0.52,0.77,0.60,10.50,-0.05,-0.00,10.50
29640,-0.54,0.08,0.77,0.60,10.65,-0.07,-0.00,10.65
29650,-0.02,-0.05,0.77,0.60,10.80,-0.07,-0.00,10.80
29660,0.08,0.26,0.77,0.60,10.95,-0.06,0.01,10.95
29670,0.11,0.13,0.77,0.60,11.10,-0.06,0.01,11.10
29680,-0.10,0.34,0.77,0.60,11.25,-0.06,0.02,11.25
29690,0.09,-0.40,0.77,0.60,11.40,-0.06,0.00,11.40
29700,-0.14,-0.66,0.77,0.60,11.55,-0.06,-0.02,11.55
29710,0.17,-0.15,0.77,0.61,11.70,-0.05,-0.02,11.70
29720,-0.23,-0.52,0.77,0.61,11.85,-0.06,-0.04,11.85
29730,0.32,0.19,0.77,0.61,12.00,-0.05,-0.03,12.00
29740,-0.35,0.01,0.77,0.61,12.16,-0.06,-0.03,12.16
29750,0.15,0.11,0.77,0.61,12.31,-0.05,-0.03,12.31
29760,0.22,0.05,0.77,0.61,12.46,-0.04,-0.03,12.46
29770,0.33,0.09,0.77,0.61,12.61,-0.03,-0.02,12.61
29780,0.22,0.25,0.77,0.61,12.76,-0.03,-0.01,12.76
29790,0.13,0.12,0.77,0.61,12.91,-0.02,-0.01,12.91
29800,-0.22,-0.01,0.77,0.61,13.06,-0.03,-0.01,13.06
29810,-0.30,-0.56,0.77,0.61,13.21,-0.04,-0.03,13.21
29820,0.14,-0.20,0.77,0.61,13.36,-0.03,-0.04,13.36
29830,0.42,0.22,0.77,0.61,13.51,-0.02,-0.03,13.51
29840,0.06,0.56,0.77,0.61,13.66,-0.02,-0.02,13.66
29850,-0.06,0.10,0.78,0.61,13.81,-0.02,-0.01,13.81
29860,0.27,0.16,0.78,0.61,13.96,-0.01,-0.01,13.96
29870,-0.37,0.37,0.78,0.61,14.11,-0.02,0.00,14.11
29880,-0.73,-0.29,0.78,0.61,14.26,-0.04,-0.01,14.26
29890,0.63,-0.31,0.78,0.61,14.41,-0.02,-0.02,14.41
29900,-0.43,0.19,0.78,0.61,14.56,-0.03,-0.02,14.56
29910,-0.55,-0.30,0.78,0.61,14.71,-0.05,-0.02,14.71
29920,0.05,-0.55,0.78,0.61,14.87,-0.05,-0.04,14.87
29930,0.48,-0.35,0.78,0.61,15.02,-0.03,-0.05,15.02
29940,-0.27,-0.09,0.78,0.61,15.17,-0.04,-0.06,15.17
29950,-0.26,0.43,0.78,0.61,15.32,-0.05,-0.04,15.32
29960,0.34,-0.43,0.78,0.61,15.47,-0.03,-0.05,15.47
29970,-0.37,-0.66,0.78,0.61,15.62,-0.05,-0.07,15.62
29980,0.44,0.05,0.78,0.61,15.77,-0.03,-0.07,15.77
29990,0.10,0.31,0.78,0.62,15.92,-0.03,-0.06,15.92
30000,-1.05,-0.34,0.78,0.62,16.07,-0.06,-0.07,16.07
30010,0.46,0.34,0.78,0.62,16.22,-0.04,-0.05,16.22
30020,-0.25,-0.30,0.78,0.62,16.37,-0.05,-0.06,16.37
30030,0.03,-0.16,0.79,0.62,16.52,-0.05,-0.07,16.52
30040,0.37,-0.21,0.79,0.62,16.67,-0.03,-0.07,16.67
30050,-0.58,-0.40,0.79,0.62,16.82,-0.05,-0.08,16.82
30060,-0.08,-0.11,0.79,0.62,16.97,-0.05,-0.09,16.97
30070,0.41,0.17,0.79,0.62,17.12,-0.04,-0.08,17.12
30080,0.54,0.31,0.79,0.62,17.27,-0.02,-0.07,17.27
30090,-0.28,-0.33,0.79,0.62,17.42,-0.03,-0.08,17.42
30100,0.06,-0.28,0.79,0.62,17.57,-0.02,-0.09,17.57
30110,-0.67,-0.08,0.79,0.62,17.72,-0.04,-0.09,17.72
30120,0.30,0.40,0.80,0.62,17.87,-0.03,-0.07,17.87
30130,-0.04,0.23,0.80,0.62,18.02,-0.03,-0.06,18.02
30140,0.34,-0.04,0.80,0.62,18.18,-0.02,-0.06,18.18
30150,0.45,0.23,0.80,0.63,18.33,-0.01,-0.05,18.33
30160,-0.08,0.07,0.80,0.63,18.48,-0.01,-0.05,18.48
30170,-0.10,-0.01,0.80,0.63,18.63,-0.01,-0.05,18.63
30180,-0.16,-0.13,0.80,0.63,18.78,-0.02,-0.05,18.78
30190,0.10,-0.02,0.80,0.63,18.93,-0.01,-0.05,18.93
30200,-0.38,0.01,0.80,0.63,19.08,-0.03,-0.05,19.08
30210,-0.37,0.18,0.80,0.63,19.23,-0.04,-0.05,19.23
30220,-0.26,-0.15,0.80,0.63,19.38,-0.04,-0.05,19.38
30230,-0.40,0.29,0.80,0.63,19.53,-0.06,-0.04,19.53
30240,-0.74,-0.26,0.80,0.63,19.68,-0.08,-0.05,19.68
30250,0.12,-0.10,0.80,0.63,19.83,-0.07,-0.05,19.83
30260,-0.14,0.03,0.80,0.64,19.98,-0.07,-0.04,19.98
30270,0.63,0.18,0.80,0.63,20.13,-0.05,-0.04,20.13
30280,0.35,-0.14,0.80,0.64,20.29,-0.04,-0.04,20.29
30290,-0.29,0.15,0.80,0.64,20.44,-0.05,-0.04,20.44
30300,-0.58,0.25,0.81,0.64,20.59,-0.06,-0.03,20.59
30310,0.09,0.27,0.81,0.64,20.74,-0.06,-0.02,20.74
30320,0.34,-0.22,0.81,0.64,20.89,-0.05,-0.02,20.89
30330,-0.21,-0.08,0.81,0.64,21.04,-0.05,-0.03,21.04
30340,0.62,0.14,0.81,0.64,21.19,-0.03,-0.02,21.19
30350,0.13,-0.22,0.81,0.64,21.34,-0.03,-0.03,21.34
30360,0.68,-0.27,0.81,0.64,21.49,-0.01,-0.04,21.49
30370,-0.07,0.47,0.81,0.64,21.64,-0.01,-0.02,21.64
30380,0.37,-0.23,0.81,0.64,21.79,0.00,-0.03,21.79
30390,0.40,0.17,0.81,0.64,21.94,0.02,-0.03,21.94
30400,-0.57,0.02,0.81,0.64,22.09,-0.00,-0.03,22.09
30410,0.29,0.25,0.81,0.64,22.24,0.01,-0.02,22.24
30420,0.23,0.38,0.81,0.64,22.39,0.01,-0.00,22.39
30430,0.58,0.06,0.81,0.64,22.54,0.03,-0.00,22.54
30440,-0.07,-0.29,0.81,0.64,22.69,0.03,-0.01,22.69
30450,0.16,-0.54,0.81,0.64,22.84,0.03,-0.03,22.84
30460,0.04,-0.15,0.81,0.64,22.99,0.03,-0.04,22.99
30470,0.01,0.46,0.81,0.64,23.15,0.03,-0.02,23.15
30480,-0.10,0.15,0.81,0.64,23.30,0.03,-0.02,23.30
30490,-0.05,-0.43,0.82,0.64,23.45,0.03,-0.03,23.45
30500,-0.17,0.09,0.82,0.64,23.60,0.03,-0.02,23.60
30510,-0.05,-0.23,0.82,0.64,23.75,0.03,-0.03,23.75
30520,-0.08,-0.04,0.82,0.64,23.90,0.02,-0.03,23.90
30530,0.37,-0.18,0.82,0.64,24.05,0.03,-0.04,24.05
30540,0.40,0.50,0.82,0.65,24.20,0.04,-0.02,24.20
30550,0.10,-0.05,0.82,0.64,24.35,0.05,-0.03,24.35
30560,-0.44,-0.25,0.82,0.64,24.50,0.03,-0.03,24.50
30570,0.53,-0.24,0.82,0.64,24.65,0.05,-0.04,24.65
30580,-0.17,-0.18,0.82,0.64,24.80,0.04,-0.04,24.80
30590,0.17,0.37,0.82,0.64,24.95,0.04,-0.03,24.95
30600,0.32,0.54,0.82,0.64,25.10,0.05,-0.02,25.10
30610,0.57,-0.04,0.82,0.64,25.26,0.07,-0.02,25.26
30620,0.17,-0.71,0.82,0.65,25.41,0.07,-0.04,25.41
30630,-0.07,-0.27,0.82,0.65,25.56,0.07,-0.04,25.56
30640,0.36,-0.17,0.82,0.65,25.71,0.08,-0.05,25.71
30650,-0.27,-0.29,0.82,0.65,25.86,0.07,-0.06,25.86
30660,-0.52,-0.08,0.83,0.65,26.01,0.05,-0.06,26.01
30670,-0.57,-0.29,0.83,0.65,26.16,0.04,-0.07,26.16
30680,0.40,-0.35,0.83,0.65,26.31,0.05,-0.07,26.31
30690,0.34,0.41,0.83,0.65,26.46,0.06,-0.06,26.46
30700,0.26,0.41,0.83,0.65,26.61,0.06,-0.05,26.61
30710,0.39,-0.27,0.83,0.65,26.76,0.07,-0.05,26.76
30720,-0.17,-0.12,0.83,0.66,26.91,0.07,-0.05,26.91
30730,-0.52,0.28,0.83,0.66,27.06,0.05,-0.04,27.06
30740,0.41,-0.13,0.83,0.66,27.21,0.06,-0.05,27.21
30750,0.22,-0.03,0.83,0.66,27.37,0.07,-0.05,27.37
30760,0.04,-0.45,0.83,0.66,27.52,0.07,-0.06,27.52
30770,-0.12,0.17,0.83,0.66,27.67,0.06,-0.05,27.67
30780,-0.11,-0.24,0.83,0.66,27.82,0.06,-0.06,27.82
30790,0.42,0.12,0.83,0.66,27.97,0.07,-0.06,27.97
30800,0.50,0.06,0.83,0.66,28.12,0.08,-0.05,28.12
30810,-0.14,0.24,0.83,0.66,28.27,0.07,-0.04,28.27
30820,0.11,-0.18,0.83,0.66,28.42,0.08,-0.05,28.42
30830,0.36,-0.37,0.83,0.66,28.57,0.09,-0.06,28.57
30840,-0.40,0.04,0.84,0.66,28.72,0.07,-0.06,28.72
30850,-0.44,-0.01,0.84,0.66,28.87,0.06,-0.05,28.87
30860,-0.11,0.23,0.84,0.66,29.02,0.05,-0.05,29.02
30870,0.15,-0.04,0.84,0.66,29.17,0.06,-0.04,29.17
30880,-0.67,0.08,0.84,0.66,29.32,0.03,-0.04,29.32
30890,0.31,0.68,0.84,0.66,29.48,0.04,-0.02,29.48
30900,-0.16,-0.38,0.84,0.67,29.63,0.04,-0.03,29.63
30910,-0.09,-0.19,0.84,0.66,29.78,0.03,-0.04,29.78
30920,0.34,0.26,0.84,0.66,29.93,0.04,-0.03,29.93
30930,-0.18,-0.22,0.84,0.67,30.08,0.04,-0.03,30.08
30940,-0.68,-0.09,0.84,0.67,30.23,0.02,-0.03,30.23
30950,0.24,0.18,0.84,0.67,30.38,0.02,-0.03,30.38
30960,-0.27,0.43,0.84,0.67,30.53,0.01,-0.01,30.53
30970,0.12,-0.05,0.84,0.67,30.68,0.01,-0.02,30.68
30980,-0.30,0.39,0.84,0.67,30.83,0.00,-0.01,30.83
30990,0.39,0.49,0.84,0.67,30.98,0.02,0.01,30.98
31000,-0.17,-0.11,0.84,0.67,31.13,0.01,0.01,31.13
31010,-0.49,0.11,0.84,0.67,31.29,-0.00,0.01,31.29
31020,0.43,-0.47,0.84,0.67,31.44,0.01,-0.00,31.44
31030,0.18,-0.12,0.84,0.67,31.59,0.02,-0.01,31.59
31040,0.52,-0.40,0.85,0.67,31.74,0.03,-0.02,31.74
31050,-0.10,0.26,0.85,0.67,31.89,0.03,-0.01,31.89
31060,-0.30,-0.26,0.85,0.67,32.04,0.02,-0.02,32.04
31070,0.65,-0.27,0.85,0.67,32.19,0.04,-0.03,32.19
31080,-0.41,0.02,0.85,0.67,32.34,0.02,-0.03,32.34
31090,0.38,-0.20,0.85,0.67,32.49,0.04,-0.03,32.49
31100,0.02,0.03,0.85,0.67,32.64,0.03,-0.03,32.64
31110,-0.21,-0.13,0.85,0.67,32.79,0.03,-0.03,32.79
31120,0.07,-0.16,0.85,0.67,32.94,0.03,-0.04,32.94
31130,-0.23,0.17,0.85,0.67,33.09,0.02,-0.03,33.09
31140,0.30,0.01,0.85,0.67,33.24,0.03,-0.03,33.24
31150,0.01,0.01,0.85,0.68,33.39,0.03,-0.03,33.39
31160,-0.08,0.01,0.85,0.68,33.54,0.03,-0.03,33.54
31170,-0.02,-0.47,0.85,0.68,33.70,0.03,-0.04,33.70
31180,-0.25,0.42,0.85,0.68,33.85,0.02,-0.03,33.85
31190,0.03,0.43,0.85,0.68,34.00,0.02,-0.01,34.00
31200,-0.60,-0.03,0.85,0.68,34.15,-0.00,-0.01,34.15
31210,-0.26,-0.04,0.85,0.68,34.30,-0.01,-0.01,34.30
31220,-0.17,0.05,0.85,0.68,34.45,-0.02,-0.01,34.45
31230,-0.21,0.10,0.85,0.68,34.60,-0.02,-0.01,34.60
31240,0.86,-0.15,0.85,0.68,34.75,0.00,-0.01,34.75
31250,0.41,-0.35,0.85,0.68,34.90,0.01,-0.02,34.90
31260,0.55,-0.13,0.86,0.68,35.05,0.03,-0.03,35.05
31270,-0.26,0.03,0.86,0.68,35.20,0.02,-0.03,35.20
31280,-0.31,-0.36,0.86,0.68,35.35,0.01,-0.04,35.35
31290,-0.15,-0.23,0.86,0.68,35.50,0.01,-0.04,35.50
31300,-0.35,-0.36,0.86,0.68,35.65,-0.00,-0.05,35.65
31310,-0.27,0.34,0.86,0.68,35.80,-0.01,-0.04,35.80
31320,0.23,-0.45,0.86,0.68,35.96,-0.00,-0.05,35.96
31330,0.35,0.25,0.86,0.68,36.11,0.00,-0.05,36.11
31340,0.06,0.09,0.86,0.68,36.26,0.01,-0.04,36.26
31350,-0.23,-0.32,0.86,0.68,36.41,-0.00,-0.05,36.41
31360,0.25,-0.15,0.86,0.68,36.56,0.01,-0.05,36.56
31370,-0.13,0.30,0.86,0.69,36.71,0.00,-0.04,36.71
31380,0.09,-0.27,0.86,0.68,36.86,0.01,-0.05,36.86
31390,-0.06,0.16,0.86,0.68,37.01,0.00,-0.05,37.01
31400,0.68,-0.22,0.86,0.68,37.16,0.02,-0.05,37.16
31410,-0.14,0.11,0.86,0.68,37.31,0.02,-0.05,37.31
31420,-0.22,-0.02,0.86,0.68,37.46,0.01,-0.05,37.46
31430,0.25,0.00,0.86,0.68,37.61,0.02,-0.05,37.61
31440,-0.05,0.23,0.86,0.68,37.76,0.02,-0.04,37.76
31450,-0.63,-0.12,0.86,0.69,37.92,-0.00,-0.04,37.92
31460,0.12,0.16,0.86,0.68,38.07,-0.00,-0.04,38.07
31470,-0.06,0.22,0.86,0.69,38.22,-0.00,-0.03,38.22
31480,-0.28,-0.13,0.87,0.69,38.37,-0.01,-0.03,38.37
31490,0.07,-0.02,0.87,0.69,38.52,-0.01,-0.03,38.52
31500,0.36,0.01,0.87,0.69,38.67,0.00,-0.03,38.67
31510,-0.09,0.15,0.87,0.69,38.82,0.00,-0.02,38.82
31520,0.14,0.16,0.87,0.69,38.97,0.01,-0.02,38.97
31530,-0.37,-0.40,0.87,0.69,39.12,-0.01,-0.03,39.12
31540,-0.00,-0.12,0.87,0.69,39.27,-0.01,-0.03,39.27
31550,0.16,0.32,0.87,0.69,39.42,0.00,-0.02,39.42
31560,-0.42,-0.54,0.87,0.69,39.57,-0.01,-0.04,39.57
31570,0.46,-0.01,0.87,0.69,39.72,0.00,-0.04,39.72
31580,-0.23,0.30,0.87,0.69,39.87,-0.01,-0.03,39.87
31590,-0.45,0.02,0.87,0.69,40.02,-0.02,-0.03,40.02
31600,0.23,0.14,0.87,0.69,40.17,-0.01,-0.02,40.17
31610,-0.14,-0.02,0.87,0.69,40.32,-0.02,-0.03,40.32
31620,0.17,0.19,0.88,0.69,40.47,-0.01,-0.02,40.47
31630,-0.30,-0.49,0.88,0.69,40.62,-0.02,-0.03,40.62
31640,0.53,0.19,0.88,0.69,40.77,-0.00,-0.03,40.77
31650,0.51,-0.12,0.88,0.69,40.92,0.01,-0.03,40.92
31660,0.16,0.01,0.88,0.69,41.07,0.02,-0.03,41.07
31670,0.36,-0.16,0.88,0.69,41.23,0.03,-0.03,41.23
31680,0.21,-0.09,0.88,0.69,41.38,0.04,-0.04,41.38
31690,-0.39,0.84,0.88,0.69,41.53,0.03,-0.01,41.53
31700,-0.13,0.13,0.88,0.69,41.68,0.02,-0.00,41.68
31710,0.18,0.41,0.89,0.69,41.83,0.03,0.01,41.83
31720,0.05,-0.05,0.89,0.69,41.98,0.03,0.01,41.98
31730,0.50,0.21,0.89,0.70,42.13,0.04,0.02,42.13
31740,0.25,-0.38,0.89,0.70,42.28,0.05,0.00,42.28
31750,-0.28,0.00,0.89,0.69,42.43,0.04,0.00,42.43
31760,-0.34,0.18,0.89,0.69,42.58,0.03,0.01,42.58
31770,0.54,-0.04,0.89,0.69,42.73,0.04,0.01,42.73
31780,0.34,-0.00,0.89,0.69,42.88,0.05,0.01,42.88
31790,0.40,0.42,0.89,0.69,43.04,0.06,0.02,43.04
31800,0.34,0.23,0.89,0.69,43.19,0.07,0.02,43.19
31810,-0.01,0.61,0.89,0.69,43.34,0.07,0.04,43.34
31820,0.29,0.17,0.89,0.69,43.49,0.08,0.05,43.49
31830,0.36,-0.32,0.89,0.70,43.64,0.09,0.04,43.64
31840,-0.19,0.05,0.90,0.70,43.79,0.08,0.04,43.79
31850,-0.09,-0.18,0.90,0.70,43.94,0.08,0.03,43.94
31860,0.01,0.31,0.90,0.70,44.09,0.08,0.04,44.09
31870,0.21,-0.22,0.90,0.70,44.24,0.08,0.04,44.24
31880,0.07,-0.16,0.90,0.70,44.39,0.08,0.03,44.39
31890,-0.09,-0.34,0.90,0.70,44.54,0.08,0.02,44.54
31900,-0.24,0.09,0.90,0.70,44.69,0.07,0.02,44.69
31910,0.01,-0.27,0.90,0.70,44.85,0.06,0.01,44.85
31920,0.35,-0.56,0.90,0.70,45.00,0.07,-0.00,45.00
31930,0.13,0.05,0.90,0.70,45.15,0.08,-0.00,45.15
31940,0.26,-0.38,0.90,0.70,45.30,0.08,-0.01,45.30
31950,-0.04,-0.22,0.90,0.70,45.45,0.08,-0.02,45.45
31960,0.02,-0.50,0.90,0.70,45.60,0.08,-0.04,45.60
31970,-0.16,-0.00,0.90,0.70,45.75,0.07,-0.04,45.75
31980,-0.80,-0.18,0.91,0.70,45.90,0.05,-0.04,45.90
31990,-0.69,-0.15,0.91,0.70,46.05,0.02,-0.04,46.05
32000,0.13,-0.00,0.91,0.70,46.20,0.03,-0.04,46.20
32010,-0.26,0.08,0.91,0.70,46.35,0.02,-0.04,46.35
32020,0.32,-0.12,0.90,0.70,46.50,0.02,-0.04,46.50
32030,-0.39,0.12,0.91,0.70,46.65,0.01,-0.04,46.65
32040,-0.33,0.24,0.91,0.71,46.80,0.00,-0.03,46.80
32050,0.11,0.05,0.91,0.71,46.95,0.01,-0.03,46.95
32060,-0.03,0.20,0.91,0.71,47.10,0.01,-0.02,47.10
32070,0.52,0.41,0.91,0.71,47.25,0.02,-0.01,47.25
32080,0.98,-0.49,0.91,0.71,47.40,0.05,-0.02,47.40
32090,-0.75,0.15,0.91,0.71,47.55,0.03,-0.01,47.55
32100,0.39,0.05,0.91,0.71,47.71,0.04,-0.01,47.71
32110,-0.05,0.08,0.91,0.71,47.86,0.03,-0.01,47.86
32120,0.62,0.09,0.91,0.71,48.01,0.05,-0.01,48.01
32130,-0.35,0.47,0.91,0.71,48.16,0.04,0.01,48.16
32140,0.00,-0.36,0.91,0.71,48.31,0.04,-0.00,48.31
32150,-0.38,0.08,0.91,0.71,48.46,0.02,0.00,48.46
32160,-0.05,-0.35,0.91,0.71,48.61,0.02,-0.01,48.61
32170,-0.18,0.22,0.91,0.71,48.76,0.01,-0.00,48.76
32180,0.23,-0.15,0.91,0.72,48.91,0.02,-0.00,48.91
32190,0.22,-0.21,0.91,0.72,49.06,0.03,-0.01,49.06
32200,-0.39,0.12,0.91,0.72,49.21,0.01,-0.01,49.21
32210,0.57,-0.01,0.91,0.72,49.37,0.03,-0.01,49.37
32220,0.56,0.30,0.91,0.72,49.52,0.05,0.00,49.52
32230,0.24,0.34,0.92,0.72,49.67,0.06,0.01,49.67
32240,0.41,-0.27,0.92,0.72,49.82,0.06,0.00,49.82
32250,-0.22,0.13,0.92,0.72,49.97,0.06,0.01,49.97
32260,0.49,-0.15,0.92,0.72,50.12,0.07,0.00,50.12
32270,0.03,-0.27,0.92,0.72,50.27,0.07,-0.01,50.27
32280,0.09,-0.28,0.92,0.72,50.42,0.07,-0.01,50.42
32290,-0.30,0.10,0.92,0.72,50.57,0.06,-0.01,50.57
32300,-0.29,-0.09,0.92,0.72,50.72,0.05,-0.01,50.72
32310,-0.19,0.26,0.92,0.72,50.87,0.04,-0.00,50.87
32320,-0.46,-0.45,0.92,0.72,51.02,0.03,-0.02,51.02
32330,0.47,-0.16,0.92,0.72,51.18,0.04,-0.02,51.18
32340,0.38,0.05,0.92,0.72,51.33,0.05,-0.02,51.33
32350,0.03,0.12,0.92,0.72,51.48,0.05,-0.01,51.48
32360,0.04,-0.52,0.92,0.72,51.63,0.05,-0.03,51.63
32370,0.29,-0.44,0.92,0.73,51.78,0.06,-0.04,51.78
32380,-0.40,-0.07,0.92,0.72,51.93,0.04,-0.04,51.93
32390,0.21,-0.85,0.92,0.72,52.08,0.05,-0.07,52.08
32400,-0.33,-0.13,0.92,0.73,52.23,0.04,-0.07,52.23
32410,0.23,0.18,0.92,0.73,52.38,0.04,-0.06,52.38
32420,-0.37,0.37,0.92,0.73,52.53,0.03,-0.05,52.53
32430,-0.01,-0.03,0.92,0.73,52.68,0.03,-0.05,52.68
32440,0.25,-0.16,0.92,0.73,52.84,0.03,-0.06,52.84
32450,0.45,0.21,0.93,0.73,52.99,0.05,-0.05,52.99
32460,0.39,0.53,0.93,0.73,53.14,0.06,-0.03,53.14
32470,0.14,0.20,0.93,0.73,53.29,0.06,-0.02,53.29
32480,-0.02,0.07,0.93,0.73,53.44,0.06,-0.02,53.44
32490,0.23,-0.61,0.93,0.73,53.59,0.06,-0.04,53.59
32500,0.19,0.15,0.93,0.73,53.74,0.07,-0.03,53.74
32510,-0.32,0.44,0.93,0.73,53.89,0.06,-0.02,53.89
32520,-0.15,-0.04,0.93,0.73,54.04,0.05,-0.02,54.04
32530,-0.12,0.12,0.93,0.73,54.19,0.04,-0.02,54.19
32540,-0.59,-0.48,0.93,0.73,54.34,0.02,-0.03,54.34
32550,-0.15,0.00,0.93,0.73,54.49,0.02,-0.03,54.49
32560,-0.75,0.24,0.93,0.73,54.64,-0.00,-0.02,54.64
32570,-0.10,-0.12,0.93,0.73,54.79,-0.01,-0.02,54.79
32580,0.37,0.25,0.93,0.73,54.94,0.00,-0.02,54.94
32590,0.19,-0.26,0.93,0.73,55.09,0.01,-0.03,55.09
32600,-0.11,-0.24,0.93,0.73,55.24,0.01,-0.03,55.24
32610,-0.11,0.17,0.93,0.73,55.39,0.00,-0.03,55.39
32620,0.08,0.23,0.93,0.73,55.54,0.00,-0.02,55.54
32630,0.30,-0.02,0.93,0.73,55.70,0.01,-0.02,55.70
32640,0.45,0.11,0.93,0.73,55.85,0.03,-0.01,55.85
32650,0.32,-0.15,0.93,0.74,56.00,0.03,-0.02,56.00
32660,-0.50,0.40,0.93,0.73,56.15,0.02,-0.01,56.15
32670,-0.13,-0.09,0.94,0.73,56.30,0.01,-0.01,56.30
32680,0.62,0.04,0.94,0.74,56.45,0.03,-0.01,56.45
32690,0.44,-0.32,0.94,0.74,56.60,0.05,-0.02,56.60
32700,-0.11,0.23,0.94,0.74,56.75,0.04,-0.01,56.75
32710,-0.08,0.38,0.94,0.74,56.90,0.04,0.00,56.90
32720,0.44,-0.34,0.94,0.74,57.05,0.05,-0.01,57.05
32730,0.27,0.27,0.94,0.74,57.20,0.06,0.00,57.20
32740,0.02,0.09,0.94,0.74,57.35,0.06,0.00,57.35
32750,0.19,0.11,0.94,0.74,57.50,0.06,0.01,57.50
32760,-0.65,0.25,0.94,0.74,57.65,0.04,0.01,57.65
32770,0.35,-0.21,0.94,0.74,57.80,0.05,0.01,57.80
32780,-0.04,-0.12,0.94,0.74,57.95,0.05,0.01,57.95
32790,-0.02,-0.33,0.94,0.74,58.10,0.04,-0.00,58.10
32800,0.06,-0.78,0.94,0.74,58.25,0.05,-0.03,58.25
32810,-0.04,-0.21,0.94,0.74,58.41,0.04,-0.03,58.41
32820,0.22,0.33,0.94,0.74,58.56,0.05,-0.02,58.56
32830,-0.06,0.10,0.94,0.74,58.71,0.04,-0.02,58.71
32840,-0.02,0.17,0.94,0.74,58.86,0.04,-0.01,58.86
32850,-0.78,0.32,0.95,0.75,59.01,0.02,-0.00,59.01
32860,-0.25,0.03,0.95,0.75,59.16,0.01,0.00,59.16
32870,0.38,0.34,0.95,0.75,59.31,0.02,0.01,59.31
32880,-0.19,0.16,0.95,0.75,59.46,0.01,0.02,59.46
32890,0.31,0.00,0.95,0.75,59.61,0.02,0.02,59.61
32900,0.01,-0.69,0.95,0.75,59.76,0.02,-0.00,59.76
32910,0.13,-0.27,0.95,0.75,59.91,0.03,-0.01,59.91
32920,0.24,0.54,0.95,0.75,60.06,0.03,0.01,60.06
32930,0.46,-0.45,0.95,0.75,60.21,0.05,-0.01,60.21
32940,0.52,-0.06,0.95,0.75,60.37,0.06,-0.01,60.37
32950,0.19,0.07,0.95,0.75,60.52,0.06,-0.01,60.52
32960,-0.36,-0.36,0.95,0.75,60.67,0.05,-0.02,60.67
32970,-0.33,-0.12,0.95,0.75,60.82,0.04,-0.02,60.82
32980,-0.11,-0.40,0.95,0.75,60.97,0.04,-0.03,60.97
32990,-0.22,0.00,0.96,0.75,61.12,0.03,-0.03,61.12
33000,0.47,0.08,0.96,0.75,61.20,0.04,-0.03,61.20
33010,-0.41,0.24,0.96,0.76,61.20,0.03,-0.02,61.20
33020,0.04,-0.03,0.96,0.75,61.20,0.03,-0.02,61.20
33030,-0.56,-0.44,0.96,0.75,61.20,0.01,-0.04,61.20
33040,-0.17,0.59,0.96,0.75,61.20,0.01,-0.02,61.20
33050,0.24,0.61,0.96,0.75,61.20,0.01,0.00,61.20
33060,0.11,-0.17,0.96,0.75,61.20,0.02,-0.00,61.20
33070,0.19,0.09,0.96,0.75,61.20,0.02,-0.00,61.20
33080,-0.23,-0.43,0.96,0.75,61.21,0.01,-0.02,61.21
33090,0.47,0.19,0.96,0.75,61.21,0.03,-0.01,61.21
33100,0.40,-0.32,0.96,0.75,61.21,0.04,-0.02,61.21
33110,0.21,-0.16,0.97,0.75,61.21,0.05,-0.02,61.21
33120,1.03,0.33,0.97,0.76,61.21,0.08,-0.01,61.21
33130,0.30,-0.05,0.97,0.76,61.21,0.08,-0.01,61.21
33140,0.15,0.03,0.97,0.76,61.21,0.09,-0.01,61.21
33150,-0.34,-0.00,0.97,0.76,61.21,0.07,-0.01,61.21
33160,-0.28,-0.30,0.97,0.76,61.21,0.06,-0.02,61.21
33170,-0.07,0.80,0.97,0.76,61.21,0.06,0.01,61.21
33180,-0.50,0.32,0.97,0.76,61.21,0.04,0.01,61.21
33190,-0.04,-0.09,0.97,0.76,61.21,0.04,0.01,61.21
33200,0.09,0.12,0.97,0.76,61.21,0.04,0.01,61.21
33210,0.73,0.43,0.97,0.76,61.21,0.06,0.03,61.21
33220,0.58,0.41,0.97,0.76,61.21,0.08,0.04,61.21
33230,-0.39,0.10,0.97,0.76,61.21,0.06,0.04,61.21
33240,0.25,0.12,0.97,0.76,61.22,0.07,0.04,61.22
33250,0.76,0.03,0.97,0.76,61.22,0.09,0.05,61.22
33260,-0.09,-0.09,0.97,0.76,61.22,0.09,0.04,61.22
33270,0.04,0.00,0.97,0.76,61.22,0.08,0.04,61.22
33280,-0.26,0.52,0.97,0.76,61.22,0.07,0.06,61.22
33290,-0.09,0.15,0.97,0.76,61.22,0.07,0.06,61.22
33300,-0.18,0.10,0.97,0.77,61.22,0.06,0.06,61.22
33310,-0.30,-0.26,0.97,0.77,61.22,0.05,0.06,61.22
33320,-0.14,-0.28,0.98,0.77,61.22,0.05,0.05,61.22
33330,0.07,0.40,0.98,0.77,61.22,0.05,0.06,61.22
33340,0.13,0.06,0.98,0.77,61.22,0.05,0.06,61.22
33350,0.28,0.12,0.98,0.77,61.22,0.06,0.06,61.22
33360,0.41,-0.18,0.98,0.77,61.22,0.07,0.05,61.22
33370,-0.01,0.07,0.98,0.77,61.23,0.06,0.05,61.23
33380,-0.05,0.15,0.98,0.77,61.23,0.06,0.06,61.23
33390,-0.14,-0.38,0.98,0.77,61.23,0.05,0.04,61.23
33400,-0.40,-0.12,0.98,0.77,61.23,0.04,0.04,61.23
33410,-0.10,-0.31,0.98,0.77,61.23,0.03,0.03,61.23
33420,0.12,-0.28,0.98,0.77,61.23,0.04,0.02,61.23
33430,-0.31,0.37,0.98,0.77,61.23,0.03,0.03,61.23
33440,0.49,0.43,0.98,0.77,61.23,0.04,0.04,61.23
33450,-0.40,-0.47,0.98,0.77,61.23,0.03,0.03,61.23
33460,0.44,-0.05,0.98,0.77,61.23,0.04,0.03,61.23
33470,-0.20,0.07,0.98,0.77,61.23,0.03,0.03,61.23
33480,-0.35,0.65,0.98,0.77,61.23,0.02,0.05,61.23
33490,-0.50,0.15,0.98,0.77,61.23,0.01,0.05,61.23
33500,0.43,0.24,0.98,0.77,61.23,0.02,0.06,61.23
33510,0.47,-0.56,0.98,0.77,61.23,0.03,0.04,61.23
33520,0.53,0.52,0.98,0.77,61.23,0.05,0.05,61.23
33530,0.20,0.46,0.98,0.77,61.24,0.05,0.07,61.24
33540,-0.02,0.15,0.98,0.77,61.24,0.05,0.07,61.24
33550,0.39,0.12,0.98,0.77,61.24,0.06,0.07,61.24
33560,0.11,-0.13,0.98,0.77,61.24,0.06,0.06,61.24
33570,-0.48,0.45,0.99,0.77,61.24,0.04,0.08,61.24
33580,0.67,-0.27,0.98,0.78,61.24,0.06,0.07,61.24
33590,0.06,0.36,0.99,0.78,61.24,0.06,0.08,61.24
33600,0.23,0.31,0.99,0.78,61.24,0.07,0.09,61.24
33610,-0.03,0.29,0.99,0.78,61.24,0.07,0.10,61.24
33620,0.22,0.39,0.99,0.78,61.24,0.07,0.10,61.24
33630,0.28,-0.50,0.99,0.78,61.24,0.08,0.09,61.24
33640,-0.28,0.23,0.99,0.78,61.24,0.07,0.09,61.24
33650,-0.21,0.12,0.99,0.78,61.24,0.06,0.09,61.24
33660,-0.52,-0.35,0.99,0.78,61.24,0.04,0.08,61.24
33670,-0.14,0.05,0.99,0.78,61.24,0.04,0.08,61.24
33680,0.09,0.51,0.99,0.78,61.24,0.04,0.09,61.24
33690,-0.10,0.11,0.99,0.78,61.24,0.04,0.10,61.24
33700,0.87,0.06,1.00,0.78,61.25,0.06,0.10,61.25
33710,-0.01,-0.49,1.00,0.78,61.25,0.06,0.08,61.25
33720,-0.17,0.49,1.00,0.78,61.25,0.05,0.09,61.25
33730,0.09,-0.50,1.00,0.78,61.25,0.05,0.07,61.25
33740,-0.04,0.70,1.00,0.78,61.25,0.05,0.09,61.25
33750,-0.88,0.09,1.00,0.79,61.25,0.02,0.09,61.25
33760,0.22,-0.48,1.00,0.79,61.25,0.03,0.08,61.25
33770,-0.13,-0.00,1.00,0.79,61.25,0.02,0.08,61.25
33780,-0.19,-0.13,1.00,0.79,61.25,0.02,0.07,61.25
33790,0.89,0.09,1.00,0.79,61.25,0.04,0.07,61.25
33800,0.19,-0.14,1.00,0.79,61.25,0.05,0.07,61.25
33810,-0.07,-0.05,1.00,0.79,61.25,0.05,0.06,61.25
33820,0.15,0.33,1.01,0.79,61.25,0.05,0.07,61.25
33830,-0.51,-0.35,1.01,0.79,61.26,0.03,0.06,61.26
33840,0.11,0.62,1.01,0.79,61.26,0.04,0.08,61.26
33850,-0.29,0.06,1.01,0.79,61.26,0.03,0.08,61.26
33860,-0.26,0.08,1.01,0.79,61.26,0.02,0.08,61.26
33870,-0.22,-0.19,1.01,0.79,61.26,0.01,0.07,61.26
33880,0.21,-0.34,1.01,0.79,61.26,0.02,0.06,61.26
33890,-0.17,-0.43,1.01,0.79,61.26,0.01,0.04,61.26
33900,-0.59,-0.35,1.01,0.79,61.26,-0.01,0.03,61.26
33910,0.36,0.12,1.01,0.79,61.26,0.00,0.03,61.26
33920,-0.14,0.21,1.01,0.79,61.26,-0.00,0.04,61.26
33930,0.18,0.03,1.02,0.79,61.26,0.00,0.04,61.26
33940,0.07,0.51,1.02,0.79,61.26,0.01,0.05,61.26
33950,0.11,0.12,1.02,0.79,61.27,0.01,0.06,61.27
33960,-0.24,0.46,1.02,0.79,61.27,0.00,0.07,61.27
33970,0.07,-0.45,1.02,0.80,61.27,0.00,0.05,61.27
33980,0.19,0.12,1.02,0.80,61.27,0.01,0.05,61.27
33990,-0.63,-0.24,1.02,0.80,61.27,-0.01,0.05,61.27
34000,-0.07,-0.05,1.02,0.80,61.27,-0.01,0.05,61.27
34010,0.03,-0.15,1.02,0.80,61.27,-0.02,0.04,61.27
34020,0.50,-0.19,1.02,0.80,61.27,-0.00,0.03,61.27
34030,0.04,0.00,1.02,0.80,61.27,-0.00,0.03,61.27
34040,0.47,-0.10,1.02,0.80,61.28,0.02,0.03,61.28
34050,0.04,-0.02,1.02,0.80,61.28,0.02,0.02,61.28
34060,0.27,-0.21,1.02,0.80,61.28,0.02,0.02,61.28
34070,-0.13,-0.38,1.02,0.80,61.28,0.02,0.01,61.28
34080,0.32,-0.02,1.02,0.80,61.28,0.03,0.00,61.28
34090,-0.08,0.01,1.02,0.80,61.28,0.02,0.00,61.28
34100,0.20,0.21,1.02,0.80,61.28,0.03,0.01,61.28
34110,-0.10,-0.36,1.02,0.80,61.28,0.02,-0.00,61.28
34120,0.56,-0.27,1.02,0.80,61.28,0.04,-0.01,61.28
34130,-0.39,0.42,1.02,0.80,61.28,0.03,0.00,61.28
34140,-0.06,0.42,1.02,0.80,61.29,0.02,0.01,61.29
34150,-0.39,-0.09,1.02,0.80,61.29,0.01,0.01,61.29
34160,0.00,0.02,1.02,0.80,61.29,0.01,0.01,61.29
34170,-0.17,-0.09,1.03,0.80,61.29,0.01,0.01,61.29
34180,0.22,0.09,1.03,0.80,61.29,0.01,0.01,61.29
34190,-0.13,0.27,1.03,0.80,61.29,0.01,0.02,61.29
34200,0.33,0.63,1.03,0.80,61.29,0.02,0.04,61.29
34210,-0.29,0.07,1.03,0.80,61.29,0.01,0.04,61.29
34220,0.72,0.15,1.03,0.81,61.29,0.03,0.04,61.29
34230,0.03,0.03,1.03,0.81,61.29,0.03,0.04,61.29
34240,0.01,0.16,1.03,0.81,61.29,0.03,0.05,61.29
34250,0.15,0.42,1.03,0.81,61.29,0.03,0.06,61.29
34260,0.77,-0.17,1.03,0.81,61.29,0.05,0.05,61.29
34270,-0.01,0.30,1.03,0.81,61.29,0.05,0.06,61.29
34280,0.40,0.20,1.03,0.81,61.30,0.06,0.06,61.30
34290,0.09,0.20,1.03,0.81,61.30,0.06,0.07,61.30
34300,0.21,-0.56,1.03,0.81,61.30,0.07,0.05,61.30
34310,-0.02,-0.30,1.03,0.81,61.30,0.07,0.04,61.30
34320,0.38,0.00,1.03,0.81,61.30,0.08,0.04,61.30
34330,0.47,-0.17,1.03,0.81,61.30,0.09,0.03,61.30
34340,0.51,0.29,1.03,0.81,61.30,0.10,0.04,61.30
34350,0.61,0.08,1.03,0.81,61.30,0.12,0.04,61.30
34360,-0.18,-0.33,1.03,0.81,61.30,0.11,0.03,61.30
34370,-0.00,-0.24,1.04,0.82,61.30,0.11,0.02,61.30
34380,-0.22,0.43,1.04,0.82,61.30,0.10,0.03,61.30
34390,-0.15,-0.08,1.04,0.82,61.30,0.09,0.03,61.30
34400,-0.14,0.17,1.04,0.82,61.30,0.08,0.04,61.30
34410,-0.15,-0.26,1.04,0.82,61.30,0.08,0.03,61.30
34420,-0.65,-0.30,1.04,0.82,61.30,0.05,0.02,61.30
34430,-0.07,0.12,1.04,0.82,61.31,0.05,0.02,61.31
34440,0.01,-0.17,1.04,0.82,61.31,0.05,0.02,61.31
34450,-0.29,-0.38,1.04,0.82,61.31,0.04,0.00,61.31
34460,0.15,0.18,1.04,0.82,61.31,0.04,0.01,61.31
34470,0.24,0.32,1.04,0.82,61.31,0.05,0.02,61.31
34480,-0.76,0.33,1.04,0.82,61.31,0.02,0.03,61.31
34490,0.05,0.28,1.04,0.82,61.31,0.03,0.04,61.31
34500,0.03,0.09,1.04,0.82,61.31,0.03,0.04,61.31
34510,0.18,-0.07,1.04,0.83,61.31,0.03,0.03,61.31
34520,0.19,-0.15,1.04,0.83,61.31,0.03,0.03,61.31
34530,-0.18,0.21,1.04,0.83,61.31,0.03,0.04,61.31
34540,0.17,0.40,1.05,0.83,61.31,0.03,0.05,61.31
34550,-0.24,0.15,1.05,0.83,61.32,0.02,0.05,61.32
34560,0.36,0.20,1.05,0.83,61.32,0.03,0.05,61.32
34570,0.03,-0.24,1.05,0.83,61.32,0.03,0.05,61.32
34580,-0.02,-0.31,1.05,0.83,61.32,0.03,0.04,61.32
34590,-0.16,-0.00,1.05,0.83,61.32,0.02,0.04,61.32
34600,-0.06,0.54,1.05,0.83,61.32,0.02,0.05,61.32
34610,0.14,0.19,1.05,0.83,61.32,0.03,0.05,61.32
34620,0.30,0.22,1.05,0.83,61.32,0.03,0.06,61.32
34630,-0.12,0.29,1.05,0.83,61.32,0.03,0.07,61.32
34640,0.01,-0.59,1.05,0.83,61.32,0.03,0.05,61.32
34650,-0.06,-0.28,1.05,0.83,61.32,0.02,0.04,61.32
34660,-0.14,0.46,1.05,0.84,61.32,0.02,0.05,61.32
34670,0.13,0.42,1.05,0.84,61.32,0.02,0.06,61.32
34680,0.06,0.29,1.05,0.84,61.32,0.02,0.07,61.32
34690,0.27,0.12,1.05,0.84,61.33,0.03,0.07,61.33
34700,0.22,0.16,1.05,0.84,61.33,0.04,0.08,61.33
34710,0.10,0.12,1.05,0.84,61.33,0.04,0.08,61.33
34720,-0.02,0.16,1.05,0.84,61.33,0.04,0.08,61.33
34730,-0.66,-0.32,1.05,0.84,61.33,0.02,0.07,61.33
34740,-0.42,-0.31,1.05,0.84,61.33,0.00,0.06,61.33
34750,0.30,0.05,1.05,0.84,61.33,0.01,0.06,61.33
34760,-0.02,0.19,1.05,0.84,61.33,0.01,0.06,61.33
34770,0.68,0.68,1.05,0.84,61.33,0.03,0.08,61.33
34780,-0.08,0.07,1.05,0.84,61.33,0.03,0.08,61.33
34790,0.23,0.20,1.05,0.84,61.33,0.03,0.09,61.33
34800,0.34,-0.47,1.05,0.84,61.33,0.04,0.07,61.33
34810,0.40,-0.21,1.06,0.84,61.33,0.05,0.06,61.33
34820,-0.25,-0.09,1.06,0.84,61.33,0.04,0.06,61.33
34830,-0.39,0.07,1.06,0.85,61.33,0.03,0.06,61.33
34840,-0.56,-0.51,1.06,0.85,61.33,0.01,0.04,61.33
34850,0.29,0.17,1.06,0.85,61.33,0.02,0.05,61.33
34860,-0.90,-0.01,1.06,0.85,61.33,-0.01,0.04,61.33
34870,0.14,-0.15,1.06,0.85,61.33,-0.00,0.04,61.33
34880,-0.72,-0.28,1.06,0.85,61.33,-0.03,0.03,61.33
34890,0.14,-0.26,1.06,0.85,61.33,-0.02,0.02,61.33
34900,0.43,-0.14,1.06,0.85,61.34,-0.01,0.01,61.34
34910,0.62,0.02,1.06,0.85,61.34,0.01,0.01,61.34
34920,-0.38,0.33,1.06,0.85,61.34,0.00,0.02,61.34
34930,0.54,-0.22,1.07,0.85,61.34,0.02,0.02,61.34
34940,-0.23,-0.11,1.07,0.85,61.34,0.01,0.01,61.34
34950,-0.27,-0.10,1.07,0.85,61.34,0.01,0.01,61.34
34960,-0.23,-0.08,1.07,0.85,61.34,-0.00,0.00,61.34
34970,-0.13,0.34,1.07,0.85,61.34,-0.01,0.01,61.34
34980,0.60,-0.19,1.07,0.85,61.34,0.01,0.01,61.34
34990,0.23,-0.12,1.07,0.85,61.34,0.02,0.00,61.34
# --- TOM TAT ---
# So mau: 3500 | Thoi gian: 35.0s | Fs: 100Hz
# Phase: 0-3s=yen, 3-5s=roll tang len 45, 5-15s=giu roll 45, 15-17s=ve 0
# Phase: 20-22s=pitch tang 30, 22-27s=giu, 27-29s=ve 0
# Phase: 29-35s=xoay Yaw (drift ro)